ram console header, hw_status: 2, fiq step 32.
Not Clear, old status is 2.
[    0.000000] -(0)[0:swapper]Booting Linux on physical CPU 0x0
[    0.000000] -(0)[0:swapper]Linux version 4.14.186+ (moao@moao-rh2288v3) (gcc version 6.4.1 20170707 (Linaro GCC 6.4-2017.08), GNU ld (Linaro_Binutils-2017.08) 2.27.0.20161019) #1 SMP PREEMPT Thu Sep 10 15:21:57 CST 2026
[    0.000000] -(0)[0:swapper]Boot CPU: AArch64 Processor [412fd050]
[    0.000000] -(0)[0:swapper]Machine model: MT6833V/ZA
[    0.000000] -(0)[0:swapper][SCP]scp_reserve_mem_of_init 0x000000008f000000 0x0000000000320000
[    0.000000] -(0)[0:swapper]OF: reserved mem: initialized node reserve-memory-scp_share, compatible id mediatek,reserve-memory-scp_share
[    0.000000] -(0)[0:swapper]OF: reserved mem: initialized node reserve-memory-sspm_share, compatible id mediatek,reserve-memory-sspm_share
[    0.000000] -(0)[0:swapper]OF: reserved mem: initialized node reserve-memory-mcupm_share, compatible id mediatek,reserve-memory-mcupm_share
[    0.000000] -(0)[0:swapper]ZMC: zmc_memory_init, name: zone-movable-cma-memory, base: 0x000000018a000000, size: 0x0000000035000000
[    0.000000] -(0)[0:swapper]ZMC: Start to zone: 0
[    0.000000] -(0)[0:swapper]memory-ssmr: setup_feature_size, rmem->size: 0x0000000035000000
[    0.000000] -(0)[0:swapper]memory-ssmr: setup_feature_size, svp-region-based-size: 0x0000000018000000
[    0.000000] -(0)[0:swapper]memory-ssmr: setup_feature_size, wfd-size: 0x0000000004000000
[    0.000000] -(0)[0:swapper]memory-ssmr: finalize_scenario_size, svp_scheme: 0x000000001c000000
[    0.000000] -(0)[0:swapper]memory-ssmr: finalize_scenario_size, face_registration_scheme: 0x0000000000000000
[    0.000000] -(0)[0:swapper]memory-ssmr: finalize_scenario_size, face_payment_scheme: 0x0000000000000000
[    0.000000] -(0)[0:swapper]memory-ssmr: finalize_scenario_size, face_unlock_scheme: 0x0000000000000000
[    0.000000] -(0)[0:swapper]memory-ssmr: finalize_scenario_size, tui_scheme: 0x0000000000000000
[    0.000000] -(0)[0:swapper]memory-ssmr: ssmr_preinit, final target size: 0x000000001c000000
[    0.000000] -(0)[0:swapper]memory-ssmr: ssmr_preinit, SSMR init: continue
[    0.000000] -(0)[0:swapper]ZMC: ::[memory-ssmr]: size: 0x000000001c000000, align: 0x0000000001000000
[    0.000000] -(0)[0:swapper]ZMC: ::[0x000000018a000000-0x00000001bf000000] remain of rmem
[    0.000000] -(0)[0:swapper]ZMC: ::cma_init_reserved_mem - [0x00000001a3000000 - 0x00000001bf000000]
[    0.000000] -(0)[0:swapper]ZMC: ===> MOVABLE ZONE: Update range[0x00000001a3000000,0x00000001bf000000)
[    0.000000] -(0)[0:swapper]memory-ssmr: zmc_ssmr_init, base: 0x00000001a3000000, size: 0x000000001c000000
[    0.000000] -(0)[0:swapper]ZMC: ::[PASS]: memory-ssmr[0x00000001a3000000-0x00000001bf000000] (rmem->size=0x0000000019000000)
[    0.000000] -(0)[0:swapper]ZMC: Start to zone: 1
[    0.000000] -(0)[0:swapper]OF: reserved mem: initialized node zone-movable-cma-memory, compatible id mediatek,zone_movable_cma
[    0.000000] -(0)[0:swapper][CONNADP][W]reserve_memory_consys_fn: name: consys-reserve-memory,base: 0xbf000000,size: 0x500000
[    0.000000] -(0)[0:swapper]OF: reserved mem: initialized node consys-reserve-memory, compatible id mediatek,consys-reserve-memory
[    0.000000] -(0)[0:swapper]memory-ssmr: ssmr_reserve_init, name: reserve-memory-ssmr, base: 0x00000001bfffe000, size: 0x0000000000001000
[    0.000000] -(0)[0:swapper]OF: reserved mem: initialized node reserve-memory-ssmr, compatible id mediatek,reserve-memory-ssmr
[    0.000000] -(0)[0:swapper]ion_reserve_memory_to_camera: name:ion-carveout-heap,base:bfff3000,size:0xc000
[    0.000000] -(0)[0:swapper]OF: reserved mem: initialized node ion-carveout-heap, compatible id mediatek,ion-carveout-heap
[    0.000000] -(0)[0:swapper]Reserved memory: created DMA memory pool at 0x00000000be000000, size 6 MiB
[    0.000000] -(0)[0:swapper]OF: reserved mem: initialized node wifi-reserve-memory, compatible id shared-dma-pool
[    0.000000] -(0)[0:swapper][memblock]mediatek,pstore: 0x48090000 - 0x48170000 (0xe0000)
[    0.000000] -(0)[0:swapper]OF: reserved mem: initialized node mblock-16-pstore, compatible id mediatek,pstore
[    0.000000] -(0)[0:swapper][memblock]mediatek,minirdump: 0x48170000 - 0x48180000 (0x10000)
[    0.000000] -(0)[0:swapper]OF: reserved mem: initialized node mblock-17-minirdump, compatible id mediatek,minirdump
[    0.000000] -(0)[0:swapper]memory_ccci_share_init, name: mblock-28-ap_md_nc_smem, base: 0x0x000000008e000000, size: 0x0x00000000001b0000
[    0.000000] -(0)[0:swapper]pos_addr=0x0000000000000000 pos_length=0x0000000000000000
[    0.000000] -(0)[0:swapper]memory_ccci_share_init MD_POS no support,no CMA init
[    0.000000] -(0)[0:swapper]OF: reserved mem: initialized node mblock-28-ap_md_nc_smem, compatible id mediatek,ap_md_nc_smem
[    0.000000] -(0)[0:swapper][picachu] phys:0xbfd00000 - 0xbfd80000 (0x80000)
[    0.000000] -(0)[0:swapper][picachu][reserve_mem:0]: 
[    0.000000] -(0)[0:swapper]phys:0xbfd00000 - 0xbfd40000 (0x40000)
[    0.000000] -(0)[0:swapper][picachu][reserve_mem:1]: 
[    0.000000] -(0)[0:swapper]phys:0xbfd40000 - 0xbfd50000 (0x10000)
[    0.000000] -(0)[0:swapper][picachu][reserve_mem:2]: 
[    0.000000] -(0)[0:swapper]phys:0xbfd50000 - 0xbfd60000 (0x10000)
[    0.000000] -(0)[0:swapper][picachu][reserve_mem:3]: 
[    0.000000] -(0)[0:swapper]phys:0xbfd60000 - 0xbfd70000 (0x10000)
[    0.000000] -(0)[0:swapper][picachu][reserve_mem:4]: 
[    0.000000] -(0)[0:swapper]phys:0xbfd70000 - 0xbfd80000 (0x10000)
[    0.000000] -(0)[0:swapper]OF: reserved mem: initialized node mblock-14-PICACHU, compatible id mediatek,PICACHU
[    0.000000] -(0)[0:swapper]OF: reserved mem: initialized node mblock-9-atf-log-reserved, compatible id mediatek,atf-log-reserved
[    0.000000] -(0)[0:swapper]ZMC: Query return: [0x00000001a3000000,0x00000001bf000000)
[    0.000000] -(0)[0:swapper]On node 0 totalpages: 1486192
[    0.000000] -(0)[0:swapper]  DMA zone: 10934 pages used for memmap
[    0.000000] -(0)[0:swapper]  DMA zone: 0 pages reserved
[    0.000000] -(0)[0:swapper]  DMA zone: 699762 pages, LIFO batch:31
[    0.000000] -(0)[0:swapper]  Normal zone: 10432 pages used for memmap
[    0.000000] -(0)[0:swapper]  Normal zone: 667648 pages, LIFO batch:31
[    0.000000] -(0)[0:swapper]  Movable zone: 1856 pages used for memmap
[    0.000000] -(0)[0:swapper]  Movable zone: 118782 pages, LIFO batch:31
[    0.000000] -(0)[0:swapper]psci: probing for conduit method from DT.
[    0.000000] -(0)[0:swapper]psci: PSCIv1.1 detected in firmware.
[    0.000000] -(0)[0:swapper]psci: Using standard PSCI v0.2 function IDs
[    0.000000] -(0)[0:swapper]psci: MIGRATE_INFO_TYPE not supported.
[    0.000000] -(0)[0:swapper]psci: SMC Calling Convention v1.1
[    0.000000] -(0)[0:swapper]percpu: Embedded 62 pages/cpu s214040 r8192 d31720 u253952
[    0.000000] -(0)[0:swapper]pcpu-alloc: s214040 r8192 d31720 u253952 alloc=62*4096
[    0.000000] -(0)[0:swapper]pcpu-alloc: [0] 0 [0] 1 [0] 2 [0] 3 [0] 4 [0] 5 [0] 6 [0] 7 
[    0.000000] -(0)[0:swapper]Detected VIPT I-cache on CPU0
[    0.000000] -(0)[0:swapper]CPU features: detected: Virtualization Host Extensions
[    0.000000] -(0)[0:swapper]CPU features: kernel page table isolation forced ON by KASLR
[    0.000000] -(0)[0:swapper]CPU features: detected: Kernel page table isolation (KPTI)
[    0.000000] -(0)[0:swapper]CPU features: detected: Speculative Store Bypassing Safe (SSBS)
[    0.000000] -(0)[0:swapper]Built 1 zonelists, mobility grouping on.  Total pages: 1346044
[    0.000000] -(0)[0:swapper]Kernel command line: console=tty0 console=ttyS0,921600n1 root=/dev/ram vmalloc=400M slub_debug=OFZPU swiotlb=noforce initcall_debug=1 firmware_class.path=/vendor/firmware loglevel=8 androidboot.hardware=mt6833 page_owner=on loop.max_part=7 has_battery_removed=0 ramoops.mem_address=0x48090000 ramoops.mem_size=0xe0000 ramoops.pmsg_size=0x10000 ramoops.console_size=0x40000 loop.max_part=7 androidboot.boot_devices=bootdevice,soc/11230000.mmc,11230000.mmc,soc/11270000.ufshci,11270000.ufshci ramoops.mem_address=0x48090000 ramoops.mem_size=0xe0000 ramoops.pmsg_size=0x10000 ramoops.console_size=0x40000 phx_rus_conf.main_on=1 phx_rus_conf.recovery_method=2 phx_rus_conf.kernel_time=240 phx_rus_conf.android_time=250 clk_ignore_unused androidboot.sbootstate=on bootopt=64S3,32N2,64N2 buildvariant=user root=/dev/ram  androidboot.verifiedbootstate=orange oplus_boot_mode=0 simcardnum.doublesim=1 lcm=1-oplus21037_ili9882n_innolux_dphy_dsi_vdo_lcm_drv--1-fps=6023 is_dvt_panel=1 an
[    0.000000] -(0)[0:swapper]hang_oplus_main_on 1
[    0.000000] -(0)[0:swapper]hang_oplus_recovery_method 2
[    0.000000] -(0)[0:swapper]phx_hlos_wd_pet_time 240
[    0.000000] -(0)[0:swapper][BOOT_COMMON] oppo_boot_mode: 0 
[    0.000000] -(0)[0:swapper]PID hash table entries: 4096 (order: 3, 32768 bytes)
[    0.000000] -(0)[0:swapper]Dentry cache hash table entries: 1048576 (order: 11, 8388608 bytes)
[    0.000000] -(0)[0:swapper]Inode-cache hash table entries: 524288 (order: 10, 4194304 bytes)
[    0.000000] -(0)[0:swapper]mem auto-init: stack:off, heap alloc:off, heap free:off
[    0.000000] -(0)[0:swapper]software IO TLB: mapped [mem 0xffffe000-0xffffe800] (0MB)
[    0.000000] -(0)[0:swapper]Memory: 5296228K/5944768K available (17150K kernel code, 3342K rwdata, 13808K rodata, 8064K init, 10887K bss, 189788K reserved, 458752K cma-reserved)
[    0.000000] -(0)[0:swapper]Virtual kernel memory layout:
[    0.000000] -(0)[0:swapper]    modules : 0xffffff8000000000 - 0xffffff8008000000   (   128 MB)
[    0.000000] -(0)[0:swapper]    vmalloc : 0xffffff8008000000 - 0xffffffbebfff0000   (   250 GB)
[    0.000000] -(0)[0:swapper]      .text : 0x        (ptrval) - 0x        (ptrval)   ( 17152 KB)
[    0.000000] -(0)[0:swapper]    .rodata : 0x        (ptrval) - 0x        (ptrval)   ( 13888 KB)
[    0.000000] -(0)[0:swapper]      .init : 0x        (ptrval) - 0x        (ptrval)   (  8064 KB)
[    0.000000] -(0)[0:swapper]      .data : 0x        (ptrval) - 0x        (ptrval)   (  3343 KB)
[    0.000000] -(0)[0:swapper]       .bss : 0x        (ptrval) - 0x        (ptrval)   ( 10888 KB)
[    0.000000] -(0)[0:swapper]    fixed   : 0xffffffbefe7fb000 - 0xffffffbefec00000   (  4116 KB)
[    0.000000] -(0)[0:swapper]    PCI I/O : 0xffffffbefee00000 - 0xffffffbeffe00000   (    16 MB)
[    0.000000] -(0)[0:swapper]    vmemmap : 0xffffffbf00000000 - 0xffffffc000000000   (     4 GB maximum)
[    0.000000] -(0)[0:swapper]              0xffffffbff3000000 - 0xffffffbff8ffff80   (    95 MB actual)
[    0.000000] -(0)[0:swapper]    memory  : 0xfffffffcc0000000 - 0xfffffffe3fffe000   (  6143 MB)
[    0.000000] -(0)[0:swapper]SLUB: HWalign=64, Order=0-3, MinObjects=0, CPUs=8, Nodes=1
[    0.000000] -(0)[0:swapper][PHOENIX] phx_klog_bootstage: KERNEL_MM_INIT_DONE
[    0.000000] -(0)[0:swapper]
[    0.000000] -(0)[0:swapper]**********************************************************
[    0.000000] -(0)[0:swapper]**   NOTICE NOTICE NOTICE NOTICE NOTICE NOTICE NOTICE   **
[    0.000000] -(0)[0:swapper]**                                                      **
[    0.000000] -(0)[0:swapper]** trace_printk() being used. Allocating extra memory.  **
[    0.000000] -(0)[0:swapper]**                                                      **
[    0.000000] -(0)[0:swapper]** This means that this is a DEBUG kernel and it is     **
[    0.000000] -(0)[0:swapper]** unsafe for production use.                           **
[    0.000000] -(0)[0:swapper]**                                                      **
[    0.000000] -(0)[0:swapper]** If you see this message and you are not debugging    **
[    0.000000] -(0)[0:swapper]** the kernel, report this immediately to your vendor!  **
[    0.000000] -(0)[0:swapper]**                                                      **
[    0.000000] -(0)[0:swapper]**   NOTICE NOTICE NOTICE NOTICE NOTICE NOTICE NOTICE   **
[    0.000000] -(0)[0:swapper]**********************************************************
[    0.000000] -(0)[0:swapper/0]sched-energy: CPU0: update cpu_capacity 367
[    0.000000] -(0)[0:swapper/0]sched-energy: CPU1: update cpu_capacity 367
[    0.000000] -(0)[0:swapper/0]sched-energy: CPU2: update cpu_capacity 367
[    0.000000] -(0)[0:swapper/0]sched-energy: CPU3: update cpu_capacity 367
[    0.000000] -(0)[0:swapper/0]sched-energy: CPU4: update cpu_capacity 367
[    0.000000] -(0)[0:swapper/0]sched-energy: CPU5: update cpu_capacity 367
[    0.000000] -(0)[0:swapper/0]sched-energy: CPU6: update cpu_capacity 1024
[    0.000000] -(0)[0:swapper/0]sched-energy: CPU7: update cpu_capacity 1024
[    0.000000] -(0)[0:swapper/0]Preemptible hierarchical RCU implementation.
[    0.000000] -(0)[0:swapper/0]	Tasks RCU enabled.
[    0.000000] -(0)[0:swapper/0]NR_IRQS: 64, nr_irqs: 64, preallocated irqs: 0
[    0.000000] -(0)[0:swapper/0]GICv3: GIC: Using split EOI/Deactivate mode
[    0.000000] -(0)[0:swapper/0]GICv3: no VLPI support, no direct LPI support
[    0.000000] -(0)[0:swapper/0]GICv3: CPU0: found redistributor 0 region 0:0x000000000c040000
[    0.000000] -(0)[0:swapper/0]### gic-v3 init done. ###
[    0.000000] -(0)[0:swapper/0]base=0xffffff8008005000, irq=2
[    0.000000] -(0)[0:swapper/0]stmr0, base=0xffffff8008005040
[    0.000000] -(0)[0:swapper/0]stmr0, mult=55834574, shift=32, hz=250, freq=13000000
[    0.000000] -(0)[0:swapper/0]clkevt, freq=13000000
[    0.000000] -(0)[0:swapper/0]arch_timer: cp15 timer(s) running at 13.00MHz (phys).
[    0.000000] -(0)[0:swapper/0]clocksource: arch_sys_counter: mask: 0xffffffffffffff max_cycles: 0x2ff89eacb, max_idle_ns: 440795202429 ns
[    0.000002] -(0)[0:swapper/0]sched_clock: 56 bits at 13MHz, resolution 76ns, wraps every 4398046511101ns
[    0.000383]  (0)[0:swapper/0][PHOENIX] phx_klog_bootstage: KERNEL_LOCAL_IRQ_ENABLE
[    0.000424]  (0)[0:swapper/0]ram_console:[DT] 0x800@0x11d000, 0x1(0xec0)
[    0.000436]  (0)[0:swapper/0]ram_console: [DT] 0xe0000@0x48090000-0x10000@0x48170000
[    0.000449]  (0)[0:swapper/0]ram_console: using sram:0x11d000
[    0.000455]  (0)[0:swapper/0]ram_console: buffer start: 0xffffff8008015000, size: 0x800
[    0.000756]  (0)[0:swapper/0]pmic & external buck: 0xff
[    0.000760]  (0)[0:swapper/0]ram_console: CPU notifier status: 0, 0, 0x0, 0
[    0.000764]  (0)[0:swapper/0]ram_console: CPU HPS footprint: 0, 0x0, 0, 0
[    0.000767]  (0)[0:swapper/0]ram_console: last init function: 0xffffff817dd13580
[    0.000842]  (0)[0:swapper/0]Calibrating delay loop (skipped), value calculated using timer frequency.. 26.00 BogoMIPS (lpj=52000)
[    0.000849]  (0)[0:swapper/0]pid_max: default: 32768 minimum: 301
[    0.000908]  (0)[0:swapper/0]Security Framework initialized
[    0.000916]  (0)[0:swapper/0]SELinux:  Initializing.
[    0.000958]  (0)[0:swapper/0]SELinux:  Starting in permissive mode
[    0.000993]  (0)[0:swapper/0]Mount-cache hash table entries: 16384 (order: 5, 131072 bytes)
[    0.001008]  (0)[0:swapper/0]Mountpoint-cache hash table entries: 16384 (order: 5, 131072 bytes)
[    0.001350]  (0)[0:swapper/0][PHOENIX] phx_klog_bootstage: KERNEL_DELAYACCT_INIT_DONE
[    0.001473] -(0)[0:swapper/0]assertion failed at ../drivers/misc/mediatek/sched/sched_avg.c:1255
[    0.001501] -(0)[0:swapper/0]assertion failed at ../drivers/misc/mediatek/sched/sched_avg.c:1255
[    0.001510] -(0)[0:swapper/0]assertion failed at ../drivers/misc/mediatek/sched/sched_avg.c:1255
[    0.001512] -(0)[0:swapper/0]assertion failed at ../drivers/misc/mediatek/sched/sched_avg.c:1255
[    0.001526] -(0)[2:kthreadd]assertion failed at ../drivers/misc/mediatek/sched/sched_avg.c:1255
[    0.001529] -(0)[2:kthreadd]assertion failed at ../drivers/misc/mediatek/sched/sched_avg.c:1255
[    0.001533] -(0)[2:kthreadd]assertion failed at ../drivers/misc/mediatek/sched/sched_avg.c:1255
[    0.001537] -(0)[2:kthreadd]assertion failed at ../drivers/misc/mediatek/sched/sched_avg.c:1255
[    0.001540] -(0)[2:kthreadd]assertion failed at ../drivers/misc/mediatek/sched/sched_avg.c:1255
[    0.001542] -(0)[2:kthreadd]assertion failed at ../drivers/misc/mediatek/sched/sched_avg.c:1255
[    0.001546] -(0)[2:kthreadd]assertion failed at ../drivers/misc/mediatek/sched/sched_avg.c:1255
[    0.001548] -(0)[2:kthreadd]assertion failed at ../drivers/misc/mediatek/sched/sched_avg.c:1255
[    0.001550] -(0)[2:kthreadd]assertion failed at ../drivers/misc/mediatek/sched/sched_avg.c:1255
[    0.001554] -(0)[2:kthreadd]assertion failed at ../drivers/misc/mediatek/sched/sched_avg.c:1255
[    0.001556] -(0)[2:kthreadd]assertion failed at ../drivers/misc/mediatek/sched/sched_avg.c:1255
[    0.001677] -(0)[1:swapper/0]init_heavy_tlb start.
[    0.001682] -(0)[1:swapper/0]init_heavy_tlb: cpu=0 thresh_l=2147483647 thresh_h=358 max_capaicy=1024
[    0.001684] -(0)[1:swapper/0]init_heavy_tlb: cpu=1 thresh_l=2147483647 thresh_h=358 max_capaicy=1024
[    0.001687] -(0)[1:swapper/0]init_heavy_tlb: cpu=2 thresh_l=2147483647 thresh_h=358 max_capaicy=1024
[    0.001689] -(0)[1:swapper/0]init_heavy_tlb: cpu=3 thresh_l=2147483647 thresh_h=358 max_capaicy=1024
[    0.001692] -(0)[1:swapper/0]init_heavy_tlb: cpu=4 thresh_l=2147483647 thresh_h=358 max_capaicy=1024
[    0.001694] -(0)[1:swapper/0]init_heavy_tlb: cpu=5 thresh_l=2147483647 thresh_h=358 max_capaicy=1024
[    0.001696] -(0)[1:swapper/0]init_heavy_tlb: cpu=6 thresh_l=358 thresh_h=2147483647 max_capaicy=1024
[    0.001698] -(0)[1:swapper/0]init_heavy_tlb: cpu=7 thresh_l=358 thresh_h=2147483647 max_capaicy=1024
[    0.015906]  (0)[1:swapper/0]calling  trace_init_flags_sys_exit+0x0/0x1c @ 1
[    0.015914]  (0)[1:swapper/0]initcall trace_init_flags_sys_exit+0x0/0x1c returned 0 after 0 usecs
[    0.015920]  (0)[1:swapper/0]calling  trace_init_flags_sys_enter+0x0/0x1c @ 1
[    0.015926]  (0)[1:swapper/0]initcall trace_init_flags_sys_enter+0x0/0x1c returned 0 after 0 usecs
[    0.015932]  (0)[1:swapper/0]calling  cpu_suspend_init+0x0/0x58 @ 1
[    0.015937]  (0)[1:swapper/0]initcall cpu_suspend_init+0x0/0x58 returned 0 after 0 usecs
[    0.015945]  (0)[1:swapper/0]calling  asids_init+0x0/0xd0 @ 1
[    0.015950]  (0)[1:swapper/0]ASID allocator initialised with 32768 entries
[    0.015955]  (0)[1:swapper/0]initcall asids_init+0x0/0xd0 returned 0 after 0 usecs
[    0.015960]  (0)[1:swapper/0]calling  spawn_ksoftirqd+0x0/0x50 @ 1
[    0.023905]  (0)[1:swapper/0]initcall spawn_ksoftirqd+0x0/0x50 returned 0 after 7812 usecs
[    0.023913]  (0)[1:swapper/0]calling  migration_init+0x0/0x28 @ 1
[    0.023919]  (0)[1:swapper/0]initcall migration_init+0x0/0x28 returned 0 after 0 usecs
[    0.023925]  (0)[1:swapper/0]calling  check_cpu_stall_init+0x0/0x2c @ 1
[    0.023931]  (0)[1:swapper/0]initcall check_cpu_stall_init+0x0/0x2c returned 0 after 0 usecs
[    0.023937]  (0)[1:swapper/0]calling  srcu_bootup_announce+0x0/0x40 @ 1
[    0.023940]  (0)[1:swapper/0]Hierarchical SRCU implementation.
[    0.023945]  (0)[1:swapper/0]initcall srcu_bootup_announce+0x0/0x40 returned 0 after 0 usecs
[    0.023951]  (0)[1:swapper/0]calling  rcu_spawn_gp_kthread+0x0/0x12c @ 1
[    0.024142]  (0)[1:swapper/0]initcall rcu_spawn_gp_kthread+0x0/0x12c returned 0 after 0 usecs
[    0.024150]  (0)[1:swapper/0]calling  cpu_stop_init+0x0/0xd4 @ 1
[    0.031938]  (0)[1:swapper/0]initcall cpu_stop_init+0x0/0xd4 returned 0 after 7812 usecs
[    0.031946]  (0)[1:swapper/0]calling  init_events+0x0/0x90 @ 1
[    0.031967]  (0)[1:swapper/0]initcall init_events+0x0/0x90 returned 0 after 0 usecs
[    0.031973]  (0)[1:swapper/0]calling  init_trace_printk+0x0/0x20 @ 1
[    0.031979]  (0)[1:swapper/0]initcall init_trace_printk+0x0/0x20 returned 0 after 0 usecs
[    0.031984]  (0)[1:swapper/0]calling  event_trace_enable_again+0x0/0x6c @ 1
[    0.031989]  (0)[1:swapper/0]initcall event_trace_enable_again+0x0/0x6c returned 0 after 0 usecs
[    0.031997]  (0)[1:swapper/0]calling  dynamic_debug_init+0x0/0x288 @ 1
[    0.033888]  (0)[1:swapper/0]initcall dynamic_debug_init+0x0/0x288 returned 0 after 0 usecs
[    0.033897]  (0)[1:swapper/0]calling  init_bootprof_buf+0x0/0x1c @ 1
[    0.033902]  (0)[1:swapper/0]BOOTPROF:        33.901230: ON
[    0.033907]  (0)[1:swapper/0]initcall init_bootprof_buf+0x0/0x1c returned 0 after 0 usecs
[    0.033915]  (0)[1:swapper/0]calling  rand_initialize+0x0/0x168 @ 1
[    0.033970]  (0)[1:swapper/0]initcall rand_initialize+0x0/0x168 returned 0 after 0 usecs
[    0.033977]  (0)[1:swapper/0]calling  proc_uid_sys_stats_init+0x0/0x17c @ 1
[    0.033996]  (0)[1:swapper/0]initcall proc_uid_sys_stats_init+0x0/0x17c returned 0 after 0 usecs
[    0.034002]  (0)[1:swapper/0]calling  masp_of_init+0x0/0x24 @ 1
[    0.034039]  (0)[1:swapper/0]initcall masp_of_init+0x0/0x24 returned 0 after 0 usecs
[    0.034046]  (0)[1:swapper/0]calling  devinfo_of_init+0x0/0x18 @ 1
[    0.034059]  (0)[1:swapper/0]tag_devinfo_data size:220, HRID size:4
[    0.034062]  (0)[1:swapper/0][devinfo][SegCode] Segment Code=0x1
[    0.034068]  (0)[1:swapper/0]initcall devinfo_of_init+0x0/0x18 returned 0 after 0 usecs
[    0.034073]  (0)[1:swapper/0]calling  init_bootprof_buf+0x0/0x154 @ 1
[    0.034080]  (0)[1:swapper/0]BOOTPROF: DT(Err:0x0) pl_t=1299, lk_t=8838, lk_logo_t=1650
[    0.034085]  (0)[1:swapper/0]BOOTPROF:        34.084230: ON
[    0.034090]  (0)[1:swapper/0]initcall init_bootprof_buf+0x0/0x154 returned 0 after 0 usecs
[    0.034096]  (0)[1:swapper/0]calling  boot_reason_core+0x0/0x13c @ 1
[    0.034146]  (0)[1:swapper/0][BOOT_REASON] 'boot_reason=' is not found
[    0.034154]  (0)[1:swapper/0]initcall boot_reason_core+0x0/0x13c returned 0 after 0 usecs
[    0.034159]  (0)[1:swapper/0]calling  log_store_early_init+0x0/0x200 @ 1
[    0.034189]  (0)[1:swapper/0]log_store:[DT] log_store: 0x11df00@0x100
[    0.034195]  (0)[1:swapper/0]log_store: get ok, sram addr:0x11df00, size:0x100
[    0.034205]  (0)[1:swapper/0]log_store: sram header address 0x        (ptrval).
[    0.034210]  (0)[1:swapper/0]log_store printk_buff addr:0x429ffefc,sz:0x200000,buff-flag:0x427.
[    0.034215]  (0)[1:swapper/0]sig 0x5678ef90 flag 0x427 add 0x7ffbf000 size 0x40000 offsize 0x20 point 0x286d7
[    0.034221]  (0)[1:swapper/0]initcall log_store_early_init+0x0/0x200 returned 0 after 0 usecs
[    0.034228]  (0)[1:swapper/0]calling  cpufreq_times_init+0x0/0x78 @ 1
[    0.034236]  (0)[1:swapper/0]initcall cpufreq_times_init+0x0/0x78 returned 0 after 0 usecs
[    0.034242]  (0)[1:swapper/0]calling  dummy_timer_register+0x0/0x34 @ 1
[    0.034252]  (0)[1:swapper/0]initcall dummy_timer_register+0x0/0x34 returned 0 after 0 usecs
[    0.034259]  (0)[1:swapper/0]calling  initialize_ptr_random+0x0/0x54 @ 1
[    0.034264]  (0)[1:swapper/0]initcall initialize_ptr_random+0x0/0x54 returned 0 after 0 usecs
[    0.039955]  (0)[1:swapper/0]smp: Bringing up secondary CPUs ...
[    0.068346] -(1)[0:swapper/1]Detected VIPT I-cache on CPU1
[    0.068368] -(1)[0:swapper/1]GICv3: CPU1: found redistributor 100 region 0:0x000000000c060000
[    0.068392] -(1)[0:swapper/1]CPU1: Booted secondary processor [412fd050]
[    0.080555] -(2)[0:swapper/2]Detected VIPT I-cache on CPU2
[    0.080571] -(2)[0:swapper/2]GICv3: CPU2: found redistributor 200 region 0:0x000000000c080000
[    0.080587] -(2)[0:swapper/2]CPU2: Booted secondary processor [412fd050]
[    0.088617] -(3)[0:swapper/3]Detected VIPT I-cache on CPU3
[    0.088631] -(3)[0:swapper/3]GICv3: CPU3: found redistributor 300 region 0:0x000000000c0a0000
[    0.088647] -(3)[0:swapper/3]CPU3: Booted secondary processor [412fd050]
[    0.096588] -(4)[0:swapper/4]Detected VIPT I-cache on CPU4
[    0.096603] -(4)[0:swapper/4]GICv3: CPU4: found redistributor 400 region 0:0x000000000c0c0000
[    0.096618] -(4)[0:swapper/4]CPU4: Booted secondary processor [412fd050]
[    0.104622] -(5)[0:swapper/5]Detected VIPT I-cache on CPU5
[    0.104637] -(5)[0:swapper/5]GICv3: CPU5: found redistributor 500 region 0:0x000000000c0e0000
[    0.104650] -(5)[0:swapper/5]CPU5: Booted secondary processor [412fd050]
[    0.112698] -(6)[0:swapper/6]CPU features: enabling workaround for Mismatched cache type
[    0.112704] -(6)[0:swapper/6]Detected PIPT I-cache on CPU6
[    0.112710] -(6)[0:swapper/6]CPU features: SANITY CHECK: Unexpected variation in SYS_CTR_EL0. Boot CPU: 0x00000084448004, CPU6: 0x0000009444c004
[    0.112717] -(6)[0:swapper/6]CPU features: SANITY CHECK: Unexpected variation in SYS_ID_AA64PFR0_EL1. Boot CPU: 0x00000011112222, CPU6: 0x1100000011111112
[    0.112722] -(6)[0:swapper/6]CPU features: SANITY CHECK: Unexpected variation in SYS_ID_ISAR4_EL1. Boot CPU: 0x00000000011142, CPU6: 0x00000000010142
[    0.112726] -(6)[0:swapper/6]CPU features: SANITY CHECK: Unexpected variation in SYS_ID_PFR0_EL1. Boot CPU: 0x00000010000131, CPU6: 0x00000010010131
[    0.112728] -(6)[0:swapper/6]CPU features: SANITY CHECK: Unexpected variation in SYS_ID_PFR1_EL1. Boot CPU: 0x00000010011011, CPU6: 0x00000010010000
[    0.112731] -(6)[0:swapper/6]CPU features: Unsupported CPU feature variation detected.
[    0.112739] -(6)[0:swapper/6]GICv3: CPU6: found redistributor 600 region 0:0x000000000c100000
[    0.112754] -(6)[0:swapper/6]CPU6: Booted secondary processor [414fd0b0]
[    0.120681] -(7)[0:swapper/7]Detected PIPT I-cache on CPU7
[    0.120688] -(7)[0:swapper/7]CPU features: SANITY CHECK: Unexpected variation in SYS_CTR_EL0. Boot CPU: 0x00000084448004, CPU7: 0x0000009444c004
[    0.120695] -(7)[0:swapper/7]CPU features: SANITY CHECK: Unexpected variation in SYS_ID_AA64PFR0_EL1. Boot CPU: 0x00000011112222, CPU7: 0x1100000011111112
[    0.120699] -(7)[0:swapper/7]CPU features: SANITY CHECK: Unexpected variation in SYS_ID_ISAR4_EL1. Boot CPU: 0x00000000011142, CPU7: 0x00000000010142
[    0.120704] -(7)[0:swapper/7]CPU features: SANITY CHECK: Unexpected variation in SYS_ID_PFR0_EL1. Boot CPU: 0x00000010000131, CPU7: 0x00000010010131
[    0.120706] -(7)[0:swapper/7]CPU features: SANITY CHECK: Unexpected variation in SYS_ID_PFR1_EL1. Boot CPU: 0x00000010011011, CPU7: 0x00000010010000
[    0.120716] -(7)[0:swapper/7]GICv3: CPU7: found redistributor 700 region 0:0x000000000c120000
[    0.120730] -(7)[0:swapper/7]CPU7: Booted secondary processor [414fd0b0]
[    0.120833]  (0)[1:swapper/0]smp: Brought up 1 node, 8 CPUs
[    0.120882]  (0)[1:swapper/0]SMP: Total of 8 processors activated.
[    0.120887]  (0)[1:swapper/0]CPU features: detected: GIC system register CPU interface
[    0.120891]  (0)[1:swapper/0]CPU features: detected: Privileged Access Never
[    0.120894]  (0)[1:swapper/0]CPU features: detected: User Access Override
[    0.120898]  (0)[1:swapper/0]CPU features: detected: 32-bit EL0 Support
[    0.126199]  (0)[1:swapper/0]CPU: All CPU(s) started at EL2
[    0.126238] -(0)[11:migration/0]alternatives: patching kernel code
[    0.127664]  (0)[1:swapper/0]Sort hmp_domains from little to big:
[    0.127671]  (0)[1:swapper/0]    cpumask: 0x3f
[    0.127675]  (0)[1:swapper/0]    cpumask: 0xc0
[    0.127678]  (0)[1:swapper/0]Initializing HMP scheduler:
[    0.127682]  (0)[1:swapper/0]Initializing HMP scheduler done
[    0.127749]  (0)[1:swapper/0]CPU7: update max cpu_capacity 1024
[    0.127758]  (0)[1:swapper/0]WARN: cpu=5, domain=MC: incr. energy eff 239[0]->258[1]
[    0.127791]  (0)[1:swapper/0][SCHED_ASSIST_INFO][update_ux_sched_cputopo]update ux sched cpu topology [cls_nr:0 cpus:0-5 cap:367]
[    0.127794]  (0)[1:swapper/0][SCHED_ASSIST_INFO][update_ux_sched_cputopo]update ux sched cpu topology [cls_nr:1 cpus:6-7 cap:1024]
[    0.140829]  (0)[1:swapper/0][PHOENIX] phx_klog_bootstage: KERNEL_DRIVER_INIT_DONE
[    0.141531]  (0)[1:swapper/0]calling  bpf_jit_charge_init+0x0/0x3c @ 1
[    0.141539]  (0)[1:swapper/0]initcall bpf_jit_charge_init+0x0/0x3c returned 0 after 0 usecs
[    0.141547]  (0)[1:swapper/0]calling  init_mmap_min_addr+0x0/0x24 @ 1
[    0.141552]  (0)[1:swapper/0]initcall init_mmap_min_addr+0x0/0x24 returned 0 after 0 usecs
[    0.141560]  (0)[1:swapper/0]calling  boot_common_core+0x0/0x2b8 @ 1
[    0.141661]  (0)[1:swapper/0]oppo create systeminto node suscess!
[    0.141670]  (0)[1:swapper/0]initcall boot_common_core+0x0/0x2b8 returned 0 after 0 usecs
[    0.141678]  (0)[1:swapper/0]calling  mtk_arch_reset_init+0x0/0x7c @ 1
[    0.141682]  (0)[1:swapper/0]
[    0.141682]  register_restart_handler- 0x        (ptrval), Notify call: - 0x        (ptrval)
[    0.141687]  (0)[1:swapper/0]ARCH_RESET register mtk_restart_handler  ok!!!!
[    0.141692]  (0)[1:swapper/0]initcall mtk_arch_reset_init+0x0/0x7c returned 0 after 0 usecs
[    0.141698]  (0)[1:swapper/0]calling  init_cpufreq_transition_notifier_list+0x0/0x34 @ 1
[    0.141709]  (0)[1:swapper/0]initcall init_cpufreq_transition_notifier_list+0x0/0x34 returned 0 after 0 usecs
[    0.141715]  (0)[1:swapper/0]calling  net_ns_init+0x0/0x180 @ 1
[    0.141884]  (1)[1:swapper/0]random: get_random_bytes called from setup_net+0x44/0x158 with crng_init=0
[    0.141923]  (1)[1:swapper/0]initcall net_ns_init+0x0/0x180 returned 0 after 0 usecs
[    0.142577]  (1)[1:swapper/0]calling  fpsimd_init+0x0/0x80 @ 1
[    0.142586]  (1)[1:swapper/0]initcall fpsimd_init+0x0/0x80 returned 0 after 0 usecs
[    0.142592]  (1)[1:swapper/0]calling  tagged_addr_init+0x0/0x30 @ 1
[    0.142608]  (1)[1:swapper/0]initcall tagged_addr_init+0x0/0x30 returned 0 after 0 usecs
[    0.142615]  (1)[1:swapper/0]calling  enable_mrs_emulation+0x0/0x20 @ 1
[    0.142620]  (1)[1:swapper/0]initcall enable_mrs_emulation+0x0/0x20 returned 0 after 0 usecs
[    0.142627]  (1)[1:swapper/0]calling  armv8_deprecated_init+0x0/0x148 @ 1
[    0.142640]  (1)[1:swapper/0]Registered cp15_barrier emulation handler
[    0.142648]  (1)[1:swapper/0]Registered setend emulation handler
[    0.142663]  (1)[1:swapper/0]initcall armv8_deprecated_init+0x0/0x148 returned 0 after 0 usecs
[    0.142669]  (1)[1:swapper/0]calling  map_entry_trampoline+0x0/0x19c @ 1
[    0.142682]  (1)[1:swapper/0]initcall map_entry_trampoline+0x0/0x19c returned 0 after 0 usecs
[    0.142687]  (1)[1:swapper/0]calling  cpu_hotplug_pm_sync_init+0x0/0x24 @ 1
[    0.142693]  (1)[1:swapper/0]initcall cpu_hotplug_pm_sync_init+0x0/0x24 returned 0 after 0 usecs
[    0.142698]  (1)[1:swapper/0]calling  alloc_frozen_cpus+0x0/0x8 @ 1
[    0.142703]  (1)[1:swapper/0]initcall alloc_frozen_cpus+0x0/0x8 returned 0 after 0 usecs
[    0.142708]  (1)[1:swapper/0]calling  wq_sysfs_init+0x0/0x40 @ 1
[    0.142762]  (1)[1:swapper/0]initcall wq_sysfs_init+0x0/0x40 returned 0 after 0 usecs
[    0.142769]  (1)[1:swapper/0]calling  ksysfs_init+0x0/0xc0 @ 1
[    0.142783]  (1)[1:swapper/0]initcall ksysfs_init+0x0/0xc0 returned 0 after 0 usecs
[    0.142789]  (1)[1:swapper/0]calling  pm_init+0x0/0x88 @ 1
[    0.142826] -(0)[3:kworker/0:0]CPU0: update max cpu_capacity 367
[    0.142945]  (1)[1:swapper/0]initcall pm_init+0x0/0x88 returned 0 after 0 usecs
[    0.142954]  (1)[1:swapper/0]calling  rcu_set_runtime_mode+0x0/0x14 @ 1
[    0.142960]  (1)[1:swapper/0]initcall rcu_set_runtime_mode+0x0/0x14 returned 0 after 0 usecs
[    0.142966]  (1)[1:swapper/0]calling  init_jiffies_clocksource+0x0/0x24 @ 1
[    0.142972]  (1)[1:swapper/0]clocksource: jiffies: mask: 0xffffffff max_cycles: 0xffffffff, max_idle_ns: 7645041785100000 ns
[    0.142978]  (1)[1:swapper/0]initcall init_jiffies_clocksource+0x0/0x24 returned 0 after 0 usecs
[    0.142984]  (1)[1:swapper/0]calling  futex_init+0x0/0xfc @ 1
[    0.142992]  (1)[1:swapper/0]futex hash table entries: 2048 (order: 5, 131072 bytes)
[    0.143056]  (1)[1:swapper/0]initcall futex_init+0x0/0xfc returned 0 after 0 usecs
[    0.143062]  (1)[1:swapper/0]calling  cgroup_wq_init+0x0/0x40 @ 1
[    0.143129]  (1)[1:swapper/0]initcall cgroup_wq_init+0x0/0x40 returned 0 after 0 usecs
[    0.143136]  (1)[1:swapper/0]calling  cgroup1_wq_init+0x0/0x40 @ 1
[    0.143189]  (1)[1:swapper/0]initcall cgroup1_wq_init+0x0/0x40 returned 0 after 0 usecs
[    0.143196]  (1)[1:swapper/0]calling  boot_ftrace+0x0/0x2f0 @ 1
[    0.143202]  (1)[1:swapper/0]initcall boot_ftrace+0x0/0x2f0 returned 0 after 0 usecs
[    0.143210]  (1)[1:swapper/0]calling  cpu_pm_init+0x0/0x20 @ 1
[    0.143216]  (1)[1:swapper/0]initcall cpu_pm_init+0x0/0x20 returned 0 after 0 usecs
[    0.143223]  (1)[1:swapper/0]calling  init_per_zone_wmark_min+0x0/0x80 @ 1
[    0.143233]  (1)[1:swapper/0]initcall init_per_zone_wmark_min+0x0/0x80 returned 0 after 0 usecs
[    0.143239]  (1)[1:swapper/0]calling  init_zero_pfn+0x0/0x28 @ 1
[    0.143244]  (1)[1:swapper/0]initcall init_zero_pfn+0x0/0x28 returned 0 after 0 usecs
[    0.143250]  (1)[1:swapper/0]calling  cma_init_reserved_areas+0x0/0x1f4 @ 1
[    0.149800]  (6)[1:swapper/0]initcall cma_init_reserved_areas+0x0/0x1f4 returned 0 after 3906 usecs
[    0.149814]  (6)[1:swapper/0]calling  fsnotify_init+0x0/0x54 @ 1
[    0.149853]  (6)[1:swapper/0]initcall fsnotify_init+0x0/0x54 returned 0 after 0 usecs
[    0.149861]  (6)[1:swapper/0]calling  filelock_init+0x0/0xbc @ 1
[    0.149880]  (6)[1:swapper/0]initcall filelock_init+0x0/0xbc returned 0 after 0 usecs
[    0.149888]  (6)[1:swapper/0]calling  init_script_binfmt+0x0/0x24 @ 1
[    0.149896]  (6)[1:swapper/0]initcall init_script_binfmt+0x0/0x24 returned 0 after 0 usecs
[    0.149903]  (6)[1:swapper/0]calling  init_elf_binfmt+0x0/0x24 @ 1
[    0.149910]  (6)[1:swapper/0]initcall init_elf_binfmt+0x0/0x24 returned 0 after 0 usecs
[    0.149918]  (6)[1:swapper/0]calling  init_compat_elf_binfmt+0x0/0x24 @ 1
[    0.149925]  (6)[1:swapper/0]initcall init_compat_elf_binfmt+0x0/0x24 returned 0 after 0 usecs
[    0.149933]  (6)[1:swapper/0]calling  configfs_init+0x0/0xb0 @ 1
[    0.149960]  (6)[1:swapper/0]initcall configfs_init+0x0/0xb0 returned 0 after 0 usecs
[    0.149968]  (6)[1:swapper/0]calling  tracefs_init+0x0/0x4c @ 1
[    0.149975]  (6)[1:swapper/0]initcall tracefs_init+0x0/0x4c returned 0 after 0 usecs
[    0.149985]  (6)[1:swapper/0]calling  prandom_init+0x0/0x160 @ 1
[    0.149996]  (6)[1:swapper/0]initcall prandom_init+0x0/0x160 returned 0 after 0 usecs
[    0.150004]  (6)[1:swapper/0]calling  pinctrl_init+0x0/0x20 @ 1
[    0.150009]  (6)[1:swapper/0]pinctrl core: initialized pinctrl subsystem
[    0.150017]  (6)[1:swapper/0]initcall pinctrl_init+0x0/0x20 returned 0 after 0 usecs
[    0.150023]  (6)[1:swapper/0]calling  gpiolib_dev_init+0x0/0xec @ 1
[    0.150056]  (6)[1:swapper/0]initcall gpiolib_dev_init+0x0/0xec returned 0 after 0 usecs
[    0.150065]  (6)[1:swapper/0]calling  virtio_init+0x0/0x30 @ 1
[    0.150080]  (6)[1:swapper/0]initcall virtio_init+0x0/0x30 returned 0 after 0 usecs
[    0.150088]  (6)[1:swapper/0]calling  regulator_init+0x0/0x40 @ 1
[    0.150228]  (6)[1:swapper/0]initcall regulator_init+0x0/0x40 returned 0 after 3906 usecs
[    0.150238]  (6)[1:swapper/0]calling  iommu_init+0x0/0x3c @ 1
[    0.150246]  (6)[1:swapper/0]initcall iommu_init+0x0/0x3c returned 0 after 0 usecs
[    0.150256]  (6)[1:swapper/0]calling  dma_init_reserved_memory+0x0/0x64 @ 1
[    0.150264]  (6)[1:swapper/0]initcall dma_init_reserved_memory+0x0/0x64 returned -12 after 0 usecs
[    0.150272]  (6)[1:swapper/0]calling  soc_bus_register+0x0/0x34 @ 1
[    0.150290]  (6)[1:swapper/0]initcall soc_bus_register+0x0/0x34 returned 0 after 0 usecs
[    0.150298]  (6)[1:swapper/0]calling  register_cpufreq_notifier+0x0/0x48 @ 1
[    0.150306]  (6)[1:swapper/0]initcall register_cpufreq_notifier+0x0/0x48 returned -22 after 0 usecs
[    0.150314]  (6)[1:swapper/0]calling  mtk_dbgtop_get_base_addr+0x0/0x90 @ 1
[    0.150478]  (6)[1:swapper/0]mtk_dbgtop_get_base_addr: compatible node found: dbgtop
[    0.150496]  (6)[1:swapper/0]initcall mtk_dbgtop_get_base_addr+0x0/0x90 returned 0 after 0 usecs
[    0.150503]  (6)[1:swapper/0]calling  plat_dbg_info_init+0x0/0x2f8 @ 1
[    0.150518]  (6)[1:swapper/0]initcall plat_dbg_info_init+0x0/0x2f8 returned 0 after 0 usecs
[    0.150525]  (6)[1:swapper/0]calling  plat_sram_flag_init+0x0/0xb0 @ 1
[    0.150548]  (6)[1:swapper/0]initcall plat_sram_flag_init+0x0/0xb0 returned 0 after 0 usecs
[    0.150555]  (6)[1:swapper/0]calling  bus_tracer_init+0x0/0xc4 @ 1
[    0.150562]  (6)[1:swapper/0]set_sram_flag_timestamp: tick=0x865c9d7, ts=150560231
[    0.150567]  (6)[1:swapper/0]set_sram_flag_timestamp: kernel_start_tick = 0x847ec34
[    0.150574]  (6)[1:swapper/0]initcall bus_tracer_init+0x0/0xc4 returned 0 after 0 usecs
[    0.150581]  (6)[1:swapper/0]calling  cputopo_info_init+0x0/0xa4 @ 1
[    0.150601]  (6)[1:swapper/0]initcall cputopo_info_init+0x0/0xa4 returned 0 after 0 usecs
[    0.150608]  (6)[1:swapper/0]calling  rq_stats_early_init+0x0/0x24 @ 1
[    0.150616]  (6)[1:swapper/0]initcall rq_stats_early_init+0x0/0x24 returned 0 after 0 usecs
[    0.150624]  (6)[1:swapper/0]calling  fix_up_normal_zone+0x0/0x120 @ 1
[    0.150759]  (6)[1:swapper/0]initcall fix_up_normal_zone+0x0/0x120 returned 0 after 0 usecs
[    0.150767]  (6)[1:swapper/0]calling  chip_mod_init+0x0/0x134 @ 1
[    0.150775]  (6)[1:swapper/0]initcall chip_mod_init+0x0/0x134 returned 0 after 0 usecs
[    0.150783]  (6)[1:swapper/0]calling  dfd_init+0x0/0x378 @ 1
[    0.151204]  (6)[1:swapper/0]initcall dfd_init+0x0/0x378 returned 0 after 0 usecs
[    0.151212]  (6)[1:swapper/0]calling  mtk_wdt_get_base_addr+0x0/0xc0 @ 1
[    0.151355]  (6)[1:swapper/0]mtk_wdt_get_base_addr: compatible node found: toprgu
[    0.151365]  (6)[1:swapper/0]initcall mtk_wdt_get_base_addr+0x0/0xc0 returned 0 after 0 usecs
[    0.151373]  (6)[1:swapper/0]calling  cpufreq_core_init+0x0/0x54 @ 1
[    0.151384]  (6)[1:swapper/0]initcall cpufreq_core_init+0x0/0x54 returned 0 after 0 usecs
[    0.151392]  (6)[1:swapper/0]calling  cpuidle_init+0x0/0x58 @ 1
[    0.151404]  (6)[1:swapper/0]initcall cpuidle_init+0x0/0x58 returned 0 after 0 usecs
[    0.151412]  (6)[1:swapper/0]calling  sock_init+0x0/0xb8 @ 1
[    0.151502]  (6)[1:swapper/0]initcall sock_init+0x0/0xb8 returned 0 after 0 usecs
[    0.151511]  (6)[1:swapper/0]calling  net_inuse_init+0x0/0x30 @ 1
[    0.151521]  (6)[1:swapper/0]initcall net_inuse_init+0x0/0x30 returned 0 after 0 usecs
[    0.151529]  (6)[1:swapper/0]calling  net_defaults_init+0x0/0x30 @ 1
[    0.151535]  (6)[1:swapper/0]initcall net_defaults_init+0x0/0x30 returned 0 after 0 usecs
[    0.151543]  (6)[1:swapper/0]calling  init_default_flow_dissectors+0x0/0x54 @ 1
[    0.151551]  (6)[1:swapper/0]initcall init_default_flow_dissectors+0x0/0x54 returned 0 after 0 usecs
[    0.151559]  (6)[1:swapper/0]calling  netlink_proto_init+0x0/0x1b4 @ 1
[    0.151624]  (6)[1:swapper/0]NET: Registered protocol family 16
[    0.151648]  (6)[1:swapper/0]initcall netlink_proto_init+0x0/0x1b4 returned 0 after 0 usecs
[    0.152330]  (6)[1:swapper/0]calling  debug_monitors_init+0x0/0x38 @ 1
[    0.152556] -(6)[1:swapper/0]CPU6: update max cpu_capacity 1024
[    0.152590]  (6)[1:swapper/0]initcall debug_monitors_init+0x0/0x38 returned 0 after 0 usecs
[    0.152602]  (6)[1:swapper/0]calling  schedtune_init+0x0/0xc8 @ 1
[    0.152608]  (6)[1:swapper/0]schedtune: configured to support 10 boost groups
[    0.152616]  (6)[1:swapper/0]initcall schedtune_init+0x0/0xc8 returned 0 after 0 usecs
[    0.152625]  (6)[1:swapper/0]calling  irq_sysfs_init+0x0/0xb0 @ 1
[    0.152682]  (6)[1:swapper/0]initcall irq_sysfs_init+0x0/0xb0 returned 0 after 0 usecs
[    0.152691]  (6)[1:swapper/0]calling  bdi_class_init+0x0/0x58 @ 1
[    0.152707]  (6)[1:swapper/0]initcall bdi_class_init+0x0/0x58 returned 0 after 0 usecs
[    0.152715]  (6)[1:swapper/0]calling  mm_sysfs_init+0x0/0x3c @ 1
[    0.152724]  (6)[1:swapper/0]initcall mm_sysfs_init+0x0/0x3c returned 0 after 0 usecs
[    0.152732]  (6)[1:swapper/0]calling  ramoops_init+0x0/0x150 @ 1
[    0.152736]  (6)[1:swapper/0]ramoops: using module parameters
[    0.152792]  (6)[1:swapper/0]ramoops: pstore:address is 0x48090000, size is 0xe0000, console_size is 0x40000, pmsg_size is 0x10000
[    0.153496]  (6)[1:swapper/0]pstore: using zlib compression
[    0.154841]  (6)[1:swapper/0]console [pstore-1] enabled
[    0.154883]  (6)[1:swapper/0]pstore: Registered ramoops as persistent store backend
[    0.154889]  (6)[1:swapper/0]ramoops: attached 0xe0000@0x48090000, ecc: 0/0
[    0.154913]  (6)[1:swapper/0]initcall ramoops_init+0x0/0x150 returned 0 after 3906 usecs
[    0.154922]  (6)[1:swapper/0]calling  backlight_class_init+0x0/0xbc @ 1
[    0.154935]  (6)[1:swapper/0]initcall backlight_class_init+0x0/0xbc returned 0 after 0 usecs
[    0.154942]  (6)[1:swapper/0]calling  amba_init+0x0/0x1c @ 1
[    0.154960]  (6)[1:swapper/0]initcall amba_init+0x0/0x1c returned 0 after 0 usecs
[    0.154968]  (6)[1:swapper/0]calling  pwrap_soc_init+0x0/0x2c @ 1
[    0.154983]  (6)[1:swapper/0]initcall pwrap_soc_init+0x0/0x2c returned 0 after 0 usecs
[    0.154991]  (6)[1:swapper/0]calling  phoenix_base_init+0x0/0x88 @ 1
[    0.154999]  (6)[1:swapper/0]initcall phoenix_base_init+0x0/0x88 returned 0 after 0 usecs
[    0.155007]  (6)[1:swapper/0]calling  tty_class_init+0x0/0x58 @ 1
[    0.155019]  (6)[1:swapper/0]initcall tty_class_init+0x0/0x58 returned 0 after 0 usecs
[    0.155027]  (6)[1:swapper/0]calling  iommu_dev_init+0x0/0x24 @ 1
[    0.155039]  (6)[1:swapper/0]initcall iommu_dev_init+0x0/0x24 returned 0 after 0 usecs
[    0.155047]  (6)[1:swapper/0]calling  mipi_dsi_bus_init+0x0/0x1c @ 1
[    0.155066]  (6)[1:swapper/0]initcall mipi_dsi_bus_init+0x0/0x1c returned 0 after 0 usecs
[    0.155075]  (6)[1:swapper/0]calling  spi_init+0x0/0xd0 @ 1
[    0.155095]  (6)[1:swapper/0]initcall spi_init+0x0/0xd0 returned 0 after 0 usecs
[    0.155105]  (6)[1:swapper/0]calling  wakeup_sources_debugfs_init+0x0/0x8 @ 1
[    0.155113]  (6)[1:swapper/0]initcall wakeup_sources_debugfs_init+0x0/0x8 returned 0 after 0 usecs
[    0.155123]  (6)[1:swapper/0]calling  wakeup_sources_sysfs_init+0x0/0x40 @ 1
[    0.155135]  (6)[1:swapper/0]initcall wakeup_sources_sysfs_init+0x0/0x40 returned 0 after 0 usecs
[    0.155144]  (6)[1:swapper/0]calling  regmap_initcall+0x0/0x8 @ 1
[    0.155152]  (6)[1:swapper/0]initcall regmap_initcall+0x0/0x8 returned 0 after 0 usecs
[    0.155161]  (6)[1:swapper/0]calling  bus_tracer_init+0x0/0x1c0 @ 1
[    0.155395]  (6)[1:swapper/0]bus_tracer_init: running...
[    0.155403]  (6)[1:swapper/0]initcall bus_tracer_init+0x0/0x1c0 returned 0 after 0 usecs
[    0.155412]  (6)[1:swapper/0]calling  devmpu_init+0x0/0x8c @ 1
[    0.155430]  (6)[1:swapper/0]initcall devmpu_init+0x0/0x8c returned 0 after 0 usecs
[    0.155439]  (6)[1:swapper/0]calling  syscon_init+0x0/0x24 @ 1
[    0.155454]  (6)[1:swapper/0]initcall syscon_init+0x0/0x24 returned 0 after 0 usecs
[    0.155462]  (6)[1:swapper/0]calling  spmi_init+0x0/0x30 @ 1
[    0.155479]  (6)[1:swapper/0]initcall spmi_init+0x0/0x30 returned 0 after 0 usecs
[    0.155487]  (6)[1:swapper/0]calling  mtk_pmif_init+0x0/0x2c @ 1
[    0.155501]  (6)[1:swapper/0]initcall mtk_pmif_init+0x0/0x2c returned 0 after 0 usecs
[    0.155511]  (6)[1:swapper/0]calling  i2c_init+0x0/0xe0 @ 1
[    0.155539]  (6)[1:swapper/0]initcall i2c_init+0x0/0xe0 returned 0 after 0 usecs
[    0.155548]  (6)[1:swapper/0]calling  mtk_wdt_init+0x0/0x60 @ 1
[    0.155560]  (6)[1:swapper/0]mtk_wdt_init ok
[    0.155568]  (6)[1:swapper/0]initcall mtk_wdt_init+0x0/0x60 returned 0 after 0 usecs
[    0.155577]  (6)[1:swapper/0]calling  init_menu+0x0/0x1c @ 1
[    0.155744]  (7)[1:swapper/0]cpuidle: using governor menu
[    0.155761]  (7)[1:swapper/0]initcall init_menu+0x0/0x1c returned 0 after 0 usecs
[    0.155771]  (7)[1:swapper/0]calling  init_menu+0x0/0x7c @ 1
[    0.155910]  (6)[1:swapper/0]cpuidle: using governor mtk_menu
[    0.155920]  (6)[1:swapper/0]initcall init_menu+0x0/0x7c returned 0 after 0 usecs
[    0.155929]  (6)[1:swapper/0]calling  rpmsg_init+0x0/0x4c @ 1
[    0.155948]  (6)[1:swapper/0]initcall rpmsg_init+0x0/0x4c returned 0 after 0 usecs
[    0.155957]  (6)[1:swapper/0]calling  kobject_uevent_init+0x0/0x20 @ 1
[    0.155975]  (6)[1:swapper/0]initcall kobject_uevent_init+0x0/0x20 returned 0 after 0 usecs
[    0.155984]  (6)[1:swapper/0]calling  of_iommu_init+0x0/0x88 @ 1
[    0.156093]  (6)[1:swapper/0]initcall of_iommu_init+0x0/0x88 returned 0 after 0 usecs
[    0.156768]  (6)[1:swapper/0]calling  debug_traps_init+0x0/0x54 @ 1
[    0.156776]  (6)[1:swapper/0]initcall debug_traps_init+0x0/0x54 returned 0 after 0 usecs
[    0.156785]  (6)[1:swapper/0]calling  vdso_init+0x0/0x14c @ 1
[    0.156793]  (6)[1:swapper/0]vdso: 2 pages (1 code @         (ptrval), 1 data @         (ptrval))
[    0.156802]  (6)[1:swapper/0]initcall vdso_init+0x0/0x14c returned 0 after 0 usecs
[    0.156810]  (6)[1:swapper/0]calling  alloc_vectors_page+0x0/0xb8 @ 1
[    0.156823]  (6)[1:swapper/0]initcall alloc_vectors_page+0x0/0xb8 returned 0 after 0 usecs
[    0.156832]  (6)[1:swapper/0]calling  arch_hw_breakpoint_init+0x0/0xf0 @ 1
[    0.156839]  (6)[1:swapper/0]hw-breakpoint: found 6 breakpoint and 4 watchpoint registers.
[    0.157070]  (6)[1:swapper/0]initcall arch_hw_breakpoint_init+0x0/0xf0 returned 0 after 0 usecs
[    0.157080]  (6)[1:swapper/0]calling  __iommu_dma_init+0x0/0x14 @ 1
[    0.157091]  (6)[1:swapper/0]initcall __iommu_dma_init+0x0/0x14 returned 0 after 0 usecs
[    0.157100]  (6)[1:swapper/0]calling  arm64_dma_init+0x0/0x48 @ 1
[    0.157176]  (6)[1:swapper/0]DMA: preallocated 256 KiB pool for atomic allocations
[    0.157185]  (6)[1:swapper/0]initcall arm64_dma_init+0x0/0x48 returned 0 after 0 usecs
[    0.157195]  (6)[1:swapper/0]calling  mt6833_pinctrl_init+0x0/0x20 @ 1
[    0.157218]  (6)[1:swapper/0]initcall mt6833_pinctrl_init+0x0/0x20 returned 0 after 0 usecs
[    0.157226]  (6)[1:swapper/0]calling  clk_mt6833_audsys_platform_init+0x0/0x20 @ 1
[    0.157241]  (6)[1:swapper/0]initcall clk_mt6833_audsys_platform_init+0x0/0x20 returned 0 after 0 usecs
[    0.157249]  (6)[1:swapper/0]calling  clk_mt6833_cam_m_platform_init+0x0/0x20 @ 1
[    0.157264]  (6)[1:swapper/0]initcall clk_mt6833_cam_m_platform_init+0x0/0x20 returned 0 after 0 usecs
[    0.157272]  (6)[1:swapper/0]calling  clk_mt6833_cam_ra_platform_init+0x0/0x20 @ 1
[    0.157288]  (6)[1:swapper/0]initcall clk_mt6833_cam_ra_platform_init+0x0/0x20 returned 0 after 0 usecs
[    0.157295]  (6)[1:swapper/0]calling  clk_mt6833_cam_rb_platform_init+0x0/0x20 @ 1
[    0.157310]  (6)[1:swapper/0]initcall clk_mt6833_cam_rb_platform_init+0x0/0x20 returned 0 after 0 usecs
[    0.157318]  (6)[1:swapper/0]calling  clk_mt6833_imgsys1_platform_init+0x0/0x20 @ 1
[    0.157333]  (6)[1:swapper/0]initcall clk_mt6833_imgsys1_platform_init+0x0/0x20 returned 0 after 0 usecs
[    0.157340]  (6)[1:swapper/0]calling  clk_mt6833_imgsys2_platform_init+0x0/0x20 @ 1
[    0.157355]  (6)[1:swapper/0]initcall clk_mt6833_imgsys2_platform_init+0x0/0x20 returned 0 after 0 usecs
[    0.157362]  (6)[1:swapper/0]calling  clk_mt6833_impc_platform_init+0x0/0x20 @ 1
[    0.157377]  (6)[1:swapper/0]initcall clk_mt6833_impc_platform_init+0x0/0x20 returned 0 after 0 usecs
[    0.157385]  (6)[1:swapper/0]calling  clk_mt6833_impe_platform_init+0x0/0x20 @ 1
[    0.157399]  (6)[1:swapper/0]initcall clk_mt6833_impe_platform_init+0x0/0x20 returned 0 after 0 usecs
[    0.157407]  (6)[1:swapper/0]calling  clk_mt6833_impn_platform_init+0x0/0x20 @ 1
[    0.157420]  (6)[1:swapper/0]initcall clk_mt6833_impn_platform_init+0x0/0x20 returned 0 after 0 usecs
[    0.157428]  (6)[1:swapper/0]calling  clk_mt6833_imps_platform_init+0x0/0x20 @ 1
[    0.157442]  (6)[1:swapper/0]initcall clk_mt6833_imps_platform_init+0x0/0x20 returned 0 after 0 usecs
[    0.157449]  (6)[1:swapper/0]calling  clk_mt6833_impw_platform_init+0x0/0x20 @ 1
[    0.157473]  (6)[1:swapper/0]initcall clk_mt6833_impw_platform_init+0x0/0x20 returned 0 after 0 usecs
[    0.157480]  (6)[1:swapper/0]calling  clk_mt6833_impws_platform_init+0x0/0x20 @ 1
[    0.157495]  (6)[1:swapper/0]initcall clk_mt6833_impws_platform_init+0x0/0x20 returned 0 after 0 usecs
[    0.157503]  (6)[1:swapper/0]calling  clk_mt6833_ipe_platform_init+0x0/0x20 @ 1
[    0.157516]  (6)[1:swapper/0]initcall clk_mt6833_ipe_platform_init+0x0/0x20 returned 0 after 0 usecs
[    0.157524]  (6)[1:swapper/0]calling  clk_mt6833_mdp_platform_init+0x0/0x20 @ 1
[    0.157538]  (6)[1:swapper/0]initcall clk_mt6833_mdp_platform_init+0x0/0x20 returned 0 after 0 usecs
[    0.157546]  (6)[1:swapper/0]calling  clk_mt6833_mfgcfg_platform_init+0x0/0x20 @ 1
[    0.157561]  (6)[1:swapper/0]initcall clk_mt6833_mfgcfg_platform_init+0x0/0x20 returned 0 after 0 usecs
[    0.157568]  (6)[1:swapper/0]calling  clk_mt6833_mm_platform_init+0x0/0x20 @ 1
[    0.157583]  (6)[1:swapper/0]initcall clk_mt6833_mm_platform_init+0x0/0x20 returned 0 after 0 usecs
[    0.157590]  (6)[1:swapper/0]calling  clk_mt6833_vdec_platform_init+0x0/0x20 @ 1
[    0.157605]  (6)[1:swapper/0]initcall clk_mt6833_vdec_platform_init+0x0/0x20 returned 0 after 0 usecs
[    0.157612]  (6)[1:swapper/0]calling  clk_mt6833_venc_platform_init+0x0/0x20 @ 1
[    0.157628]  (6)[1:swapper/0]initcall clk_mt6833_venc_platform_init+0x0/0x20 returned 0 after 0 usecs
[    0.157635]  (6)[1:swapper/0]calling  dma_bus_init+0x0/0xac @ 1
[    0.157649]  (6)[1:swapper/0]initcall dma_bus_init+0x0/0xac returned 0 after 0 usecs
[    0.157657]  (6)[1:swapper/0]calling  dma_channel_table_init+0x0/0x104 @ 1
[    0.157677]  (6)[1:swapper/0]initcall dma_channel_table_init+0x0/0x104 returned 0 after 0 usecs
[    0.157685]  (6)[1:swapper/0]calling  oplus_project_init+0x0/0x324 @ 1
[    0.157729]  (6)[1:swapper/0]initcall oplus_project_init+0x0/0x324 returned 0 after 0 usecs
[    0.157737]  (6)[1:swapper/0]calling  oplus_criticallog_init+0x0/0xc0 @ 1
[    0.157857]  (6)[1:swapper/0]initcall oplus_criticallog_init+0x0/0xc0 returned 0 after 0 usecs
[    0.157868]  (6)[1:swapper/0]calling  ppm_main_init+0x0/0x558 @ 1
[    0.157874]  (6)[1:swapper/0][Power/PPM] cluster_num = 2
[    0.157881]  (6)[1:swapper/0][Power/PPM] ppm cluster 0 -> core_num = 6, cpu_id = 0
[    0.157887]  (6)[1:swapper/0][Power/PPM] ppm cluster 1 -> core_num = 2, cpu_id = 6
[    0.157896]  (6)[1:swapper/0][Power/PPM] @ppm_main_data_init: done!
[    0.157962]  (6)[1:swapper/0][Power/PPM] @ppm_main_pdrv_probe: ppm probe done!
[    0.157981]  (6)[1:swapper/0][Power/PPM] ppm_profile_init done
[    0.157996]  (6)[1:swapper/0][Power/PPM] ppm driver init done (no DoE)!
[    0.158006]  (6)[1:swapper/0]initcall ppm_main_init+0x0/0x558 returned -22 after 0 usecs
[    0.158014]  (6)[1:swapper/0]calling  mt_systracker_init+0x0/0x24 @ 1
[    0.158021]  (6)[1:swapper/0]initcall mt_systracker_init+0x0/0x24 returned 0 after 0 usecs
[    0.158029]  (6)[1:swapper/0]calling  trusty_driver_init+0x0/0x54 @ 1
[    0.158051]  (6)[1:swapper/0]initcall trusty_driver_init+0x0/0x54 returned 0 after 0 usecs
[    0.158059]  (6)[1:swapper/0]calling  trusty_gz_log_init+0x0/0x20 @ 1
[    0.158074]  (6)[1:swapper/0]initcall trusty_gz_log_init+0x0/0x20 returned 0 after 0 usecs
[    0.158082]  (6)[1:swapper/0]calling  sspm_init+0x0/0x118 @ 1
[    0.158356]  (6)[1:swapper/0]initcall sspm_init+0x0/0x118 returned 0 after 3906 usecs
[    0.158365]  (6)[1:swapper/0]calling  mcupm_init+0x0/0xf8 @ 1
[    0.158535]  (6)[1:swapper/0]initcall mcupm_init+0x0/0xf8 returned 0 after 0 usecs
[    0.158544]  (6)[1:swapper/0]calling  amms_init+0x0/0xd0 @ 1
[    0.158651]  (6)[1:swapper/0]initcall amms_init+0x0/0xd0 returned 0 after 0 usecs
[    0.158660]  (6)[1:swapper/0]calling  chip_common_init+0x0/0x110 @ 1
[    0.158678]  (6)[1:swapper/0]initcall chip_common_init+0x0/0x110 returned 0 after 0 usecs
[    0.158688]  (6)[1:swapper/0]calling  mrdump_panic_init+0x0/0x224 @ 1
[    0.158700]  (6)[1:swapper/0]mrdump_parse_chosen: mrdump_cbaddr=11e000, mrdump_cbsize=2000
[    0.158706]  (6)[1:swapper/0]mrdump_parse_chosen: lk version MRDUMP11
[    0.158712]  (6)[1:swapper/0]mrdump_parse_chosen: ddr reserve mode yes
[    0.158718]  (6)[1:swapper/0]mrdump_dbgtop_dram_reserved: Trying to enable DDR Reserve Mode(1)
[    0.158729]  (6)[1:swapper/0]mtk_dbgtop_dram_reserved: MTK_DBGTOP_MODE(0x1)
[    0.158735]  (6)[1:swapper/0]mrdump_dbgtop_dram_reserved: DDR reserved mode enable ok
[    0.158778]  (6)[1:swapper/0]mrdump_dbgtop_dram_reserved: DFD_BASIC_DUMP enabled
[    0.158783]  (6)[1:swapper/0]mrdump_hw_init: init_done.
[    0.166891]  (6)[1:swapper/0]mrdump_cblock_init: done.
[    0.166918]  (6)[1:swapper/0]minirdump: [DT] reserved 0x48170000+0x10000->        (ptrval)
[    0.167021]  (6)[1:swapper/0][gz_log_page_init] set by dynamic, virt addr:        (ptrval), sz:0x41000
[    0.167028]  (6)[1:swapper/0][get_gz_log_buffer] virtual address:0xfffffffd93e80000, paddr:0x113e80000
[    0.167412]  (6)[1:swapper/0][PIDMAP] aee buffer: pid map is not ready
[    0.167474]  (6)[1:swapper/0]mrdump_full_init: DFD_EXTENDED_DUMP enabled
[    0.167485]  (6)[1:swapper/0]mrdump_full_init: MT-RAMDUMP enabled done
[    0.167499]  (6)[1:swapper/0]initcall mrdump_panic_init+0x0/0x224 returned 0 after 7812 usecs
[    0.167508]  (6)[1:swapper/0]calling  cmdq_sec_init+0x0/0x54 @ 1
[    0.167542]  (6)[1:swapper/0]initcall cmdq_sec_init+0x0/0x54 returned 0 after 0 usecs
[    0.167553]  (6)[1:swapper/0]calling  init_wk_check_bit+0x0/0xa0 @ 1
[    0.167564]  (6)[1:swapper/0]initcall init_wk_check_bit+0x0/0xa0 returned 0 after 0 usecs
[    0.167572]  (6)[1:swapper/0]calling  cmdq_drv_init+0x0/0x68 @ 1
[    0.167578]  (6)[1:swapper/0][cmdq] cmdq_drv_init enter
[    0.167593]  (6)[1:swapper/0]initcall cmdq_drv_init+0x0/0x68 returned 0 after 0 usecs
[    0.167601]  (6)[1:swapper/0]calling  clk_mt6833_init+0x0/0x20 @ 1
[    0.167616]  (6)[1:swapper/0]initcall clk_mt6833_init+0x0/0x20 returned 0 after 0 usecs
[    0.167624]  (6)[1:swapper/0]calling  clk_mt6833_scpsys_init+0x0/0x24 @ 1
[    0.167639]  (6)[1:swapper/0]initcall clk_mt6833_scpsys_init+0x0/0x24 returned 0 after 0 usecs
[    0.167647]  (6)[1:swapper/0]calling  phoenix_hlos_watchdog_init+0x0/0x238 @ 1
[    0.167654]  (6)[1:swapper/0][PHOENIX] phoenix_hlos_watchdog_init: phoenix hlos watchdog: on
[    0.167664]  (6)[1:swapper/0][PHOENIX] phx_is_qcom_platform: MTK platform
[    0.167666]  (6)[1:swapper/0][PHOENIX] phx_is_normal_mode_mtk: mtk_boot_mode: 0
[    0.167816]  (6)[1:swapper/0]remove proc operatorName
[    0.167823]  (6)[1:swapper/0]remove proc modemType
[    0.167830]  (6)[1:swapper/0]remove proc prjVersion
[    0.167896]  (6)[1:swapper/0]KE new cdt newcdt:1 nVersion:1 Project:21037, Dtsi:21037, Audio:21037, nRF:40, 			PCB:10 Feature0-9:0 0 0 0 0 0 0 0 0 0 eng_version:0 confidential:0
[    0.167904]  (6)[1:swapper/0]OCP: 0 0x0   0 0x0  
[    0.167909]  (6)[1:swapper/0]oplus project info loading finished
[    0.167956]  (6)[1:swapper/0][PHOENIX] phoenix_hlos_watchdog_init: phoenix hlos watchdog pet time: 240
[    0.168062]  (6)[1:swapper/0]initcall phoenix_hlos_watchdog_init+0x0/0x238 returned 0 after 0 usecs
[    0.168072]  (6)[1:swapper/0]calling  systracker_init+0x0/0xe8 @ 1
[    0.168104]  (6)[1:swapper/0]initcall systracker_init+0x0/0xe8 returned 0 after 0 usecs
[    0.168114]  (6)[1:swapper/0]calling  of_platform_default_populate_init+0x0/0x7c @ 1
[    0.169975]  (6)[1:swapper/0][MCUPM]  mbox-0, probe
[    0.170008]  (6)[1:swapper/0]mcupm c540000.mcupm: invalid resource
[    0.170014]  (6)[1:swapper/0]MBOX 0 can't find init reg
[    0.170045] -(6)[1:swapper/0]genirq: irq_chip GICv3 did not update eff. affinity mask of irq 21
[    0.170065]  (6)[1:swapper/0][MCUPM]  mbox-1, probe
[    0.170087]  (6)[1:swapper/0][MCUPM]  mbox-2, probe
[    0.170107]  (6)[1:swapper/0][MCUPM]  mbox-3, probe
[    0.170128]  (6)[1:swapper/0][MCUPM]  mbox-4, probe
[    0.170149]  (6)[1:swapper/0][MCUPM]  mbox-5, probe
[    0.170170]  (6)[1:swapper/0][MCUPM]  mbox-6, probe
[    0.170191]  (6)[1:swapper/0][MCUPM]  mbox-7, probe
[    0.170286]  (6)[1:swapper/0]mcupm_ipidev (with 8 IPI) has registered.
[    0.170292]  (6)[1:swapper/0]MCUPM is ready to service IPI
[    0.170398]  (6)[1:swapper/0]clk_mt6833_top_probe init begin
[    0.236126]  (6)[1:swapper/0]clk_mt6833_top_probe init end
[    0.236148]  (6)[1:swapper/0]BOOTPROF:       236.146462:probe: probe=platform_drv_probe drv=clk-mt6833(clk_mt6833_drv)    65.737846ms
[    0.236340]  (6)[1:swapper/0]clk_mt6833_ifrao_probe init begin
[    0.283772]  (6)[1:swapper/0]clk_mt6833_ifrao_probe init end
[    0.283789]  (6)[1:swapper/0]BOOTPROF:       283.787616:probe: probe=platform_drv_probe drv=clk-mt6833(clk_mt6833_drv)    47.441461ms
[    0.295748]  (6)[1:swapper/0]clk_mt6833_peri_probe init begin
[    0.295762]  (6)[1:swapper/0]clk_mt6833_peri_probe init end
[    0.298084]  (6)[1:swapper/0]mtk wdt driver probe ..
[    0.298101]  (6)[1:swapper/0]wdt_sspm_irq_id is not found
[    0.298421]  (6)[1:swapper/0]ext_debugkey_eint=1
[    0.298661]  (6)[1:swapper/0]mtk_wdt_probe: compatible node found: apxgpt
[    0.298981]  (6)[1:swapper/0]clk_mt6833_apmixed_probe init begin
[    0.304237]  (6)[1:swapper/0]clk_mt6833_apmixed_probe init end
[    0.304574]  (6)[1:swapper/0]mt-pmic-pwrap 10026000.pwrap: [PWRAP] Write Test pass
[    0.307633]  (6)[1:swapper/0]systracker probe
[    0.307645]  (6)[1:swapper/0]of_iomap for systracker @ 0x        (ptrval)
[    0.307652]  (6)[1:swapper/0][systracker] bus_dbg_con is in infra_ao
[    0.307665]  (6)[1:swapper/0]systracker_platform_probe_default:117: irq # 177
[    0.307670]  (6)[1:swapper/0][systracker] register isr for bus tracer
[    0.309241]  (6)[1:swapper/0][DEVMPU] Device MPU probe: 1021a000.device_mpu_low
[    0.309270]  (6)[1:swapper/0][DEVMPU] Create context [0]
[    0.309276]  (6)[1:swapper/0][DEVMPU] reg_base=0xffffff80085fb000
[    0.309282]  (6)[1:swapper/0][DEVMPU] prot_base=0x40000000
[    0.309287]  (6)[1:swapper/0][DEVMPU] prot_size=0x400000000
[    0.309293]  (6)[1:swapper/0][DEVMPU] page_size=0x200000
[    0.309298]  (6)[1:swapper/0][DEVMPU] virq=0xb9
[    0.310719]  (6)[1:swapper/0]mtk_cmdq_mbox 10228000.gce_mbox: cmdq thread:24 shift:3 base:0xffffff8008844000 pa:0x10228000
[    0.310727]  (6)[1:swapper/0][cmdq] cmdq thread:24 shift:3 base:0xffffff8008844000 pa:0x10228000
[    0.310727] 
[    0.310765]  (6)[1:swapper/0][cmdq] init cmd buffer:0xffffff8008849000 (0x59150000)
[    0.310776]  (6)[1:swapper/0][cmdq] mbox set dma mask bit:32 result:0
[    0.310776] 
[    0.310817]  (6)[1:swapper/0]mtk_cmdq_mbox 10228000.gce_mbox: register mailbox successfully
[    0.311155]  (6)[1:swapper/0]MMP: mmprofile_enable(): enable: 1
[    0.311169]  (6)[1:swapper/0]MMP: mmprofile_force_start(): start: 1
[    0.311971]  (6)[1:swapper/0][cmdq] cmdq_util_track_ctrl cmdq:        (ptrval) sec:false
[    0.312059]  (6)[1:swapper/0][cmdq] cmdq_sec_probe
[    0.312351]  (7)[1:swapper/0][cmdq] cmdq_util_track_ctrl cmdq:        (ptrval) sec:true
[    0.312360]  (7)[1:swapper/0]MMP: mmprofile_enable(): enable: 1
[    0.312375]  (7)[1:swapper/0]MMP: mmprofile_force_start(): start: 1
[    0.312382]  (7)[1:swapper/0][cmdq] cmdq:        (ptrval)(0) va:        (ptrval) pa:0x0000000010228000
[    0.314920]  (7)[1:swapper/0]pmif 10027000.spmi: [PMIF]:mtk-pmif arb infra ao base:0x8855000
[    0.314963]  (7)[1:swapper/0]pmif 10027000.spmi: [PMIF]:mtk-pmif arb topckgen base:0x885d000
[    0.315054]  (7)[1:swapper/0]pmif 10027000.spmi: [PMIF]:mtk-pmif arb toprgu base:0x8b69000
[    0.315107]  (7)[1:swapper/0]pmif 10027000.spmi: [PMIF]:enable ulposc1 osc d10.
[    0.315163]  (7)[1:swapper/0]pmif 10027000.spmi: [SPMIMST]:enable ulposc1 osc d10.
[    0.315210]  (7)[1:swapper/0][SPMIMST]:mtk_spmimst_init done
[    0.316574]  (7)[1:swapper/0]sspm 10400000.sspm: invalid resource
[    0.316582]  (7)[1:swapper/0]MBOX 0 can't find init reg
[    0.316595]  (7)[1:swapper/0]sspm 10400000.sspm: invalid resource
[    0.316600]  (7)[1:swapper/0]MBOX 0 can't find send status reg
[    0.316608]  (7)[1:swapper/0]sspm 10400000.sspm: invalid resource
[    0.316613]  (7)[1:swapper/0]MBOX 0 can't find recv status reg
[    0.316641]  (7)[1:swapper/0]sspm 10400000.sspm: invalid resource
[    0.316646]  (7)[1:swapper/0]MBOX 1 can't find init reg
[    0.316660]  (7)[1:swapper/0]sspm 10400000.sspm: invalid resource
[    0.316665]  (7)[1:swapper/0]MBOX 1 can't find send status reg
[    0.316672]  (7)[1:swapper/0]sspm 10400000.sspm: invalid resource
[    0.316677]  (7)[1:swapper/0]MBOX 1 can't find recv status reg
[    0.316702]  (7)[1:swapper/0]sspm 10400000.sspm: invalid resource
[    0.316707]  (7)[1:swapper/0]MBOX 2 can't find init reg
[    0.316719]  (7)[1:swapper/0]sspm 10400000.sspm: invalid resource
[    0.316724]  (7)[1:swapper/0]MBOX 2 can't find send status reg
[    0.316731]  (7)[1:swapper/0]sspm 10400000.sspm: invalid resource
[    0.316736]  (7)[1:swapper/0]MBOX 2 can't find recv status reg
[    0.316758]  (7)[1:swapper/0]sspm 10400000.sspm: invalid resource
[    0.316763]  (7)[1:swapper/0]MBOX 3 can't find init reg
[    0.316775]  (7)[1:swapper/0]sspm 10400000.sspm: invalid resource
[    0.316780]  (7)[1:swapper/0]MBOX 3 can't find send status reg
[    0.316787]  (7)[1:swapper/0]sspm 10400000.sspm: invalid resource
[    0.316792]  (7)[1:swapper/0]MBOX 3 can't find recv status reg
[    0.316816]  (7)[1:swapper/0]sspm 10400000.sspm: invalid resource
[    0.316821]  (7)[1:swapper/0]MBOX 4 can't find init reg
[    0.316833]  (7)[1:swapper/0]sspm 10400000.sspm: invalid resource
[    0.316839]  (7)[1:swapper/0]MBOX 4 can't find send status reg
[    0.316845]  (7)[1:swapper/0]sspm 10400000.sspm: invalid resource
[    0.316850]  (7)[1:swapper/0]MBOX 4 can't find recv status reg
[    0.316916]  (7)[1:swapper/0]sspm_ipidev (with 17 IPI) has registered.
[    0.316922]  (7)[1:swapper/0]SSPM is ready to service IPI
[    0.318536]  (7)[1:swapper/0]clk_mt6833_impc_probe init begin
[    0.318682]  (7)[1:swapper/0]clk_mt6833_impc_probe init end
[    0.318762]  (7)[1:swapper/0]clk_mt6833_impe_probe init begin
[    0.318818]  (7)[1:swapper/0]clk_mt6833_impe_probe init end
[    0.318903]  (7)[1:swapper/0]clk_mt6833_impn_probe init begin
[    0.318958]  (7)[1:swapper/0]clk_mt6833_impn_probe init end
[    0.319034]  (7)[1:swapper/0]clk_mt6833_imps_probe init begin
[    0.319125]  (7)[1:swapper/0]clk_mt6833_imps_probe init end
[    0.319308]  (7)[1:swapper/0]clk_mt6833_impw_probe init begin
[    0.319441]  (7)[1:swapper/0]clk_mt6833_impw_probe init end
[    0.319521]  (7)[1:swapper/0]clk_mt6833_impws_probe init begin
[    0.319652]  (7)[1:swapper/0]clk_mt6833_impws_probe init end
[    0.319726]  (7)[1:swapper/0]clk_mt6833_audsys_probe init begin
[    0.321113]  (7)[1:swapper/0]clk_mt6833_audsys_probe init end
[    0.322596]  (7)[1:swapper/0]clk_mt6833_mfgcfg_probe init begin
[    0.322686]  (7)[1:swapper/0]clk_mt6833_mfgcfg_probe init end
[    0.324129]  (7)[1:swapper/0]clk_mt6833_mm_probe init begin
[    0.325329]  (7)[1:swapper/0]clk_mt6833_mm_probe init end
[    0.329200]  (7)[1:swapper/0]clk_mt6833_imgsys1_probe init begin
[    0.329425]  (7)[1:swapper/0]clk_mt6833_imgsys1_probe init end
[    0.330721]  (7)[1:swapper/0]clk_mt6833_imgsys2_probe init begin
[    0.331028]  (7)[1:swapper/0]clk_mt6833_imgsys2_probe init end
[    0.332940]  (7)[1:swapper/0]clk_mt6833_vdec_probe init begin
[    0.333131]  (7)[1:swapper/0]clk_mt6833_vdec_probe init end
[    0.333219]  (7)[1:swapper/0]clk_mt6833_venc_probe init begin
[    0.333434]  (7)[1:swapper/0]clk_mt6833_venc_probe init end
[    0.333649]  (7)[1:swapper/0]------------[ cut here ]------------
[    0.333664]  (7)[1:swapper/0]WARNING: CPU: 7 PID: 1 at ../fs/sysfs/dir.c:31 sysfs_warn_dup+0x78/0xb8
[    0.333671]  (7)[1:swapper/0]sysfs: cannot create duplicate filename '/devices/platform/17020000.venc'
[    0.333677]  (7)[1:swapper/0]Modules linked in:
[    0.333688] -(7)[1:swapper/0]CPU: 7 PID: 1 Comm: swapper/0 Tainted: G S              4.14.186+ #1
[    0.333694] -(7)[1:swapper/0]Hardware name: MT6833V/ZA (DT)
[    0.333700] -(7)[1:swapper/0]Call trace:
[    0.333711] -(7)[1:swapper/0] dump_backtrace+0x0/0x1c8
[    0.333719] -(7)[1:swapper/0] show_stack+0x14/0x20
[    0.333728] -(7)[1:swapper/0] dump_stack+0xa4/0xc8
[    0.333737] -(7)[1:swapper/0] __warn+0x100/0x118
[    0.333745] -(7)[1:swapper/0] warn_slowpath_fmt+0x48/0x50
[    0.333752] -(7)[1:swapper/0] sysfs_warn_dup+0x78/0xb8
[    0.333760] -(7)[1:swapper/0] sysfs_create_dir_ns+0x9c/0xb0
[    0.333770] -(7)[1:swapper/0] kobject_add_internal+0xb0/0x350
[    0.333778] -(7)[1:swapper/0] kobject_add+0x88/0xd8
[    0.333787] -(7)[1:swapper/0] device_add+0xec/0x5a8
[    0.333796] -(7)[1:swapper/0] of_device_add+0x5c/0x70
[    0.333804] -(7)[1:swapper/0] of_platform_device_create_pdata+0x80/0xe0
[    0.333812] -(7)[1:swapper/0] of_platform_bus_create+0x158/0x420
[    0.333820] -(7)[1:swapper/0] of_platform_populate+0x94/0x128
[    0.333831] -(7)[1:swapper/0] of_platform_default_populate_init+0x68/0x7c
[    0.333838] -(7)[1:swapper/0] do_one_initcall+0xe0/0x158
[    0.333847] -(7)[1:swapper/0] kernel_init_freeable+0x198/0x268
[    0.333856] -(7)[1:swapper/0] kernel_init+0x10/0x128
[    0.333863] -(7)[1:swapper/0] ret_from_fork+0x10/0x18
[    0.333872]  (7)[1:swapper/0]---[ end trace 457fedafa1fe3662 ]---
[    0.333879]  (7)[1:swapper/0]kobject_add_internal failed for 17020000.venc with -EEXIST, don't try to register things with the same name in the same directory.
[    0.334083]  (7)[1:swapper/0]clk_mt6833_cam_m_probe init begin
[    0.334911]  (7)[1:swapper/0]clk_mt6833_cam_m_probe init end
[    0.334998]  (7)[1:swapper/0]clk_mt6833_cam_ra_probe init begin
[    0.335177]  (7)[1:swapper/0]clk_mt6833_cam_ra_probe init end
[    0.335256]  (7)[1:swapper/0]clk_mt6833_cam_rb_probe init begin
[    0.335429]  (7)[1:swapper/0]clk_mt6833_cam_rb_probe init end
[    0.336618]  (7)[1:swapper/0]clk_mt6833_ipe_probe init begin
[    0.337064]  (7)[1:swapper/0]clk_mt6833_ipe_probe init end
[    0.337552]  (7)[1:swapper/0]clk_mt6833_mdp_probe init begin
[    0.338546]  (7)[1:swapper/0]clk_mt6833_mdp_probe init end
[    0.342235]  (7)[1:swapper/0]amms_dev->dma_ops=0xswiotlb_dma_ops+0x0/0x88
[    0.342242]  (7)[1:swapper/0]amms irq num 289
[    0.343145]  (7)[1:swapper/0]irq: type mismatch, failed to map hwirq-1 for /pinctrl!
[    0.343297]  (7)[1:swapper/0]trusty trusty: --- init trusty-smc for MTEE 0 ---
[    0.343360]  (7)[1:swapper/0]GZ SMC version(3154116619) is not supported for MTEE 0, please update
[    0.343367]  (7)[1:swapper/0]trusty trusty: Failed to init smc number table
[    0.343452]  (7)[1:swapper/0]nebula nebula: --- init trusty-smc for MTEE 1 ---
[    0.343507]  (7)[1:swapper/0]GZ SMC version(3154116619) is not supported for MTEE 1, please update
[    0.343513]  (7)[1:swapper/0]nebula nebula: Failed to init smc number table
[    0.343556]  (7)[1:swapper/0]initcall of_platform_default_populate_init+0x0/0x7c returned 0 after 171875 usecs
[    0.343568]  (7)[1:swapper/0]BOOTPROF:       343.566462:initcall: of_platform_default_populate_init   175.451770ms
[    0.343578]  (7)[1:swapper/0]calling  mtk_smi_init+0x0/0xa4 @ 1
[    0.343884]  (7)[1:swapper/0]mtk-smi-common 14002000.smi_common: COMMON21 nr_dev:29
[    0.343905]  (7)[1:swapper/0]mtk-smi-common 14002000.smi_common: SMI21 base: VA=        (ptrval), PA=0x0000000014002000
[    0.343929]  (7)[1:swapper/0]mtk-smi-common 14002000.smi_common: SMI21 CLK0:scp-dis
[    0.343997]  (7)[1:swapper/0]mtk-smi-common 14002000.smi_common: SMI21 CLK1:mm-comm
[    0.344051]  (7)[1:swapper/0]mtk-smi-common 14002000.smi_common: SMI21 CLK2:mm-gals
[    0.344122]  (7)[1:swapper/0]mtk-smi-common 14002000.smi_common: SMI21 CLK3:mm-infra
[    0.344210]  (7)[1:swapper/0]mtk-smi-common 14002000.smi_common: SMI21 CLK4:mm-iommu
[    0.344263]  (7)[1:swapper/0]mtk-smi-common 1a00c000.cam_smi_subcom: SMI26 base: VA=        (ptrval), PA=0x000000001a00c000
[    0.344278]  (7)[1:swapper/0]mtk-smi-common 1a00c000.cam_smi_subcom: SMI26 CLK0:scp-cam
[    0.344308]  (7)[1:swapper/0]mtk-smi-common 1a00d000.cam_smi_subcom: SMI27 base: VA=        (ptrval), PA=0x000000001a00d000
[    0.344319]  (7)[1:swapper/0]mtk-smi-common 1a00d000.cam_smi_subcom: SMI27 CLK0:scp-cam
[    0.344422]  (7)[1:swapper/0]mtk-smi-common 1401b000.disp_smi_2x1_sub_common_u0: SMI22 base: VA=        (ptrval), PA=0x000000001401b000
[    0.344436]  (7)[1:swapper/0]mtk-smi-common 1401b000.disp_smi_2x1_sub_common_u0: SMI22 CLK0:scp-dis
[    0.344466]  (7)[1:swapper/0]mtk-smi-common 1401c000.disp_smi_2x1_sub_common_u1: SMI23 base: VA=        (ptrval), PA=0x000000001401c000
[    0.344477]  (7)[1:swapper/0]mtk-smi-common 1401c000.disp_smi_2x1_sub_common_u1: SMI23 CLK0:scp-dis
[    0.344506]  (7)[1:swapper/0]mtk-smi-common 1401e000.img1_smi_2x1_sub_common: SMI24 base: VA=        (ptrval), PA=0x000000001401e000
[    0.344518]  (7)[1:swapper/0]mtk-smi-common 1401e000.img1_smi_2x1_sub_common: SMI24 CLK0:scp-dis
[    0.344568]  (7)[1:swapper/0]mtk-smi-common 1502f000.2x1_sub_common: SMI28 base: VA=        (ptrval), PA=0x000000001502f000
[    0.344580]  (7)[1:swapper/0]mtk-smi-common 1502f000.2x1_sub_common: SMI28 CLK0:scp-isp
[    0.344680]  (7)[1:swapper/0]mtk-smi-common 1b00e000.ipe_smi_subcom: SMI25 base: VA=        (ptrval), PA=0x000000001b00e000
[    0.344693]  (7)[1:swapper/0]mtk-smi-common 1b00e000.ipe_smi_subcom: SMI25 CLK0:scp-ipe
[    0.345000]  (7)[1:swapper/0]mtk-smi-larb 14003000.smi_larb0: SMI0 base: VA=        (ptrval), PA=0x0000000014003000
[    0.345017]  (7)[1:swapper/0]mtk-smi-larb 14003000.smi_larb0: SMI0 CLK0:scp-dis
[    0.345049]  (7)[1:swapper/0]mtk-smi-larb 14004000.smi_larb1: SMI1 base: VA=        (ptrval), PA=0x0000000014004000
[    0.345061]  (7)[1:swapper/0]mtk-smi-larb 14004000.smi_larb1: SMI1 CLK0:scp-dis
[    0.345089]  (7)[1:swapper/0]mtk-smi-larb 1f002000.smi_larb2: SMI2 base: VA=        (ptrval), PA=0x000000001f002000
[    0.345100]  (7)[1:swapper/0]mtk-smi-larb 1f002000.smi_larb2: SMI2 CLK0:scp-dis
[    0.345164]  (7)[1:swapper/0]mtk-smi-larb 1f002000.smi_larb2: SMI2 CLK1:mdp-smi
[    0.345195]  (7)[1:swapper/0]mtk-smi-larb 1f00f000.smi_larb3: SMI3 base: VA=        (ptrval), PA=0x000000001f00f000
[    0.345210]  (7)[1:swapper/0]mtk-smi-larb 1f00f000.smi_larb3: SMI3 CLK0:scp-dis
[    0.345252]  (7)[1:swapper/0]mtk-smi-larb 1f00f000.smi_larb3: SMI3 CLK1:mdp-smi
[    0.345282]  (7)[1:swapper/0]mtk-smi-larb 1602e000.smi_larb4: SMI4 base: VA=        (ptrval), PA=0x000000001602e000
[    0.345297]  (7)[1:swapper/0]mtk-smi-larb 1602e000.smi_larb4: SMI4 CLK0:scp-vdec
[    0.345340]  (7)[1:swapper/0]mtk-smi-larb 1602e000.smi_larb4: SMI4 CLK1:vdec-larb
[    0.345370]  (7)[1:swapper/0]mtk-smi-larb 16030000.smi_larb5: SMI5 base: VA=        (ptrval), PA=0x0000000016030000
[    0.345386]  (7)[1:swapper/0]mtk-smi-larb 16030000.smi_larb5: SMI5 CLK0:scp-vdec
[    0.345413]  (7)[1:swapper/0]mtk-smi-larb 16031000.smi_larb6: SMI6 base: VA=        (ptrval), PA=0x0000000016031000
[    0.345423]  (7)[1:swapper/0]mtk-smi-larb 16031000.smi_larb6: SMI6 CLK0:scp-vdec
[    0.345450]  (7)[1:swapper/0]mtk-smi-larb 1a001000.smi_larb13: SMI13 base: VA=        (ptrval), PA=0x000000001a001000
[    0.345461]  (7)[1:swapper/0]mtk-smi-larb 1a001000.smi_larb13: SMI13 CLK0:scp-cam
[    0.345504]  (7)[1:swapper/0]mtk-smi-larb 1a001000.smi_larb13: SMI13 CLK1:cam-larb13
[    0.345536]  (7)[1:swapper/0]mtk-smi-larb 1a002000.smi_larb14: SMI14 base: VA=        (ptrval), PA=0x000000001a002000
[    0.345551]  (7)[1:swapper/0]mtk-smi-larb 1a002000.smi_larb14: SMI14 CLK0:scp-cam
[    0.345592]  (7)[1:swapper/0]mtk-smi-larb 1a002000.smi_larb14: SMI14 CLK1:cam-larb14
[    0.345622]  (7)[1:swapper/0]mtk-smi-larb 1a003000.smi_larb15: SMI15 base: VA=        (ptrval), PA=0x000000001a003000
[    0.345636]  (7)[1:swapper/0]mtk-smi-larb 1a003000.smi_larb15: SMI15 CLK0:scp-cam
[    0.345665]  (7)[1:swapper/0]mtk-smi-larb 1a00f000.smi_larb16: SMI16 base: VA=        (ptrval), PA=0x000000001a00f000
[    0.345678]  (7)[1:swapper/0]mtk-smi-larb 1a00f000.smi_larb16: SMI16 CLK0:scp-cam-rawa
[    0.345721]  (7)[1:swapper/0]mtk-smi-larb 1a00f000.smi_larb16: SMI16 CLK1:cam-rawa-larbx
[    0.345753]  (7)[1:swapper/0]mtk-smi-larb 1a010000.smi_larb17: SMI17 base: VA=        (ptrval), PA=0x000000001a010000
[    0.345768]  (7)[1:swapper/0]mtk-smi-larb 1a010000.smi_larb17: SMI17 CLK0:scp-cam-rawb
[    0.345809]  (7)[1:swapper/0]mtk-smi-larb 1a010000.smi_larb17: SMI17 CLK1:cam-rawb-larbx
[    0.345839]  (7)[1:swapper/0]mtk-smi-larb 1a011000.smi_larb18: SMI18 base: VA=        (ptrval), PA=0x000000001a011000
[    0.345853]  (7)[1:swapper/0]mtk-smi-larb 1a011000.smi_larb18: SMI18 CLK0:scp-cam-rawb
[    0.345880]  (7)[1:swapper/0]mtk-smi-larb 1b10f000.smi_larb19: SMI19 base: VA=        (ptrval), PA=0x000000001b10f000
[    0.345892]  (7)[1:swapper/0]mtk-smi-larb 1b10f000.smi_larb19: SMI19 CLK0:scp-ipe
[    0.345934]  (7)[1:swapper/0]mtk-smi-larb 1b10f000.smi_larb19: SMI19 CLK1:ipe-larb19
[    0.345964]  (7)[1:swapper/0]mtk-smi-larb 1b00f000.smi_larb20: SMI20 base: VA=        (ptrval), PA=0x000000001b00f000
[    0.345979]  (7)[1:swapper/0]mtk-smi-larb 1b00f000.smi_larb20: SMI20 CLK0:scp-ipe
[    0.346020]  (7)[1:swapper/0]mtk-smi-larb 1b00f000.smi_larb20: SMI20 CLK1:ipe-larb20
[    0.346107]  (7)[1:swapper/0]mtk-smi-larb 1502e000.smi_larb9: SMI9 base: VA=        (ptrval), PA=0x000000001502e000
[    0.346124]  (7)[1:swapper/0]mtk-smi-larb 1502e000.smi_larb9: SMI9 CLK0:scp-isp
[    0.346167]  (7)[1:swapper/0]mtk-smi-larb 1502e000.smi_larb9: SMI9 CLK1:img1-larb9
[    0.346197]  (7)[1:swapper/0]mtk-smi-larb 15030000.smi_larb10: SMI10 base: VA=        (ptrval), PA=0x0000000015030000
[    0.346211]  (7)[1:swapper/0]mtk-smi-larb 15030000.smi_larb10: SMI10 CLK0:scp-isp
[    0.346256]  (7)[1:swapper/0]mtk-smi-larb 1582e000.smi_larb11: SMI11 base: VA=        (ptrval), PA=0x000000001582e000
[    0.346268]  (7)[1:swapper/0]mtk-smi-larb 1582e000.smi_larb11: SMI11 CLK0:scp-isp2
[    0.346309]  (7)[1:swapper/0]mtk-smi-larb 1582e000.smi_larb11: SMI11 CLK1:img2-larb9
[    0.346339]  (7)[1:swapper/0]mtk-smi-larb 15830000.smi_larb12: SMI12 base: VA=        (ptrval), PA=0x0000000015830000
[    0.346354]  (7)[1:swapper/0]mtk-smi-larb 15830000.smi_larb12: SMI12 CLK0:scp-isp2
[    0.346425]  (7)[1:swapper/0]mtk-smi-larb 17010000.smi_larb7: SMI7 base: VA=        (ptrval), PA=0x0000000017010000
[    0.346441]  (7)[1:swapper/0]mtk-smi-larb 17010000.smi_larb7: SMI7 CLK0:scp-venc
[    0.346488]  (7)[1:swapper/0]mtk-smi-larb 17010000.smi_larb7: SMI7 CLK1:venc-set1
[    0.346554]  (7)[1:swapper/0]mtk-smi-larb 17010000.smi_larb7: SMI7 CLK2:venc-set2
[    0.346616]  (7)[1:swapper/0]mtk-smi-larb 17011000.smi_larb8: SMI8 base: VA=        (ptrval), PA=0x0000000017011000
[    0.346632]  (7)[1:swapper/0]mtk-smi-larb 17011000.smi_larb8: SMI8 CLK0:scp-venc
[    0.346791]  (7)[1:swapper/0][MTK_SMI]MMSYS base: VA=        (ptrval), PA=0x0000000014000000
[    0.347032]  (7)[1:swapper/0][MTK_SMI]======== LARB0 non-zero value, clk:1 ========
[    0.347046]  (7)[1:swapper/0][MTK_SMI] 0x10=0xff3, 0x24=0x370256, 0x40=0x1, 0x60=0xf, 0x80=0xf, 0xb0=0xaaaaa, 0xb4=0xd83e0, 0xb8=0x200020, 0x200=0x202, 0x204=0x202,
[    0.347054]  (7)[1:swapper/0][MTK_SMI] 0x208=0x2828, 0x20c=0x2828, 0x38c=0x8,
[    0.347094]  (7)[1:swapper/0][MTK_SMI]======== LARB1 non-zero value, clk:1 ========
[    0.347106]  (7)[1:swapper/0][MTK_SMI] 0x0=0x1, 0x10=0xff3, 0x24=0x370256, 0x40=0x1, 0x60=0x1f, 0x80=0x1f, 0xb0=0xaaaaa, 0xb4=0xd83e0, 0xb8=0x200020, 0x200=0x202,
[    0.347115]  (7)[1:swapper/0][MTK_SMI] 0x204=0x1818, 0x208=0x606, 0x20c=0x606, 0x210=0x2828, 0x390=0x8,
[    0.347156]  (7)[1:swapper/0][MTK_SMI]======== LARB2 non-zero value, clk:1 ========
[    0.347167]  (7)[1:swapper/0][MTK_SMI] 0x10=0xff3, 0x24=0x370256, 0x40=0x1, 0x60=0x1f, 0x80=0x1f, 0xb0=0xaaaaa, 0xb4=0xc03e0, 0xb8=0x200020, 0x200=0x606,
[    0.347178]  (7)[1:swapper/0][MTK_SMI] 0x204=0x606, 0x208=0x606, 0x20c=0x606, 0x210=0x101, 0x380=0x9, 0x384=0x9, 0x388=0x9, 0x38c=0x9, 0x390=0x9,
[    0.347184]  (7)[1:swapper/0][MTK_SMI]======== LARB3 OFF ========
[    0.347189]  (7)[1:swapper/0][MTK_SMI]======== LARB4 OFF ========
[    0.347195]  (7)[1:swapper/0][MTK_SMI]======== LARB5 OFF ========
[    0.347200]  (7)[1:swapper/0][MTK_SMI]======== LARB6 OFF ========
[    0.347205]  (7)[1:swapper/0][MTK_SMI]======== LARB7 OFF ========
[    0.347210]  (7)[1:swapper/0][MTK_SMI]======== LARB8 OFF ========
[    0.347215]  (7)[1:swapper/0][MTK_SMI]======== LARB9 OFF ========
[    0.347220]  (7)[1:swapper/0][MTK_SMI]======== LARB10 OFF ========
[    0.347226]  (7)[1:swapper/0][MTK_SMI]======== LARB11 OFF ========
[    0.347231]  (7)[1:swapper/0][MTK_SMI]======== LARB12 OFF ========
[    0.347236]  (7)[1:swapper/0][MTK_SMI]======== LARB13 OFF ========
[    0.347241]  (7)[1:swapper/0][MTK_SMI]======== LARB14 OFF ========
[    0.347246]  (7)[1:swapper/0][MTK_SMI]======== LARB15 OFF ========
[    0.347252]  (7)[1:swapper/0][MTK_SMI]======== LARB16 OFF ========
[    0.347257]  (7)[1:swapper/0][MTK_SMI]======== LARB17 OFF ========
[    0.347262]  (7)[1:swapper/0][MTK_SMI]======== LARB18 OFF ========
[    0.347267]  (7)[1:swapper/0][MTK_SMI]======== LARB19 OFF ========
[    0.347272]  (7)[1:swapper/0][MTK_SMI]======== LARB20 OFF ========
[    0.347291]  (7)[1:swapper/0][MTK_SMI]======== COMM21 non-zero value, clk:8 ========
[    0.347302]  (7)[1:swapper/0][MTK_SMI] 0x100=0xb, 0x220=0x4514, 0x228=0x1041041, 0x22c=0x1041, 0x230=0xf23e4000, 0x234=0xe100e10, 0x238=0x9100910, 0x23c=0x5060910,
[    0.347312]  (7)[1:swapper/0][MTK_SMI] 0x300=0x4f1, 0x308=0x1041041, 0x30c=0x1041, 0x310=0x1041041, 0x314=0x1041, 0x318=0x1041041, 0x31c=0x1041, 0x320=0x1041041,
[    0.347323]  (7)[1:swapper/0][MTK_SMI] 0x324=0x1041, 0x400=0x2c5, 0x404=0x2c5, 0x408=0x2c0, 0x40c=0x2c0, 0x410=0x2c5, 0x414=0x2c5, 0x418=0x2c0, 0x41c=0x2c0,
[    0.347332]  (7)[1:swapper/0][MTK_SMI] 0x420=0x10005, 0x424=0x10005, 0x430=0x15, 0x434=0x15, 0x440=0x1, 0x444=0x1, 0x710=0xffff0000,
[    0.347351]  (7)[1:swapper/0][MTK_SMI]======== COMM22 non-zero value, clk:1 ========
[    0.347362]  (7)[1:swapper/0][MTK_SMI] 0x100=0xa, 0x228=0x41, 0x230=0x17, 0x234=0x3efe, 0x244=0x2105, 0x300=0x4f1, 0x400=0x5, 0x404=0x5, 0x430=0x315, 0x440=0x1,
[    0.347368]  (7)[1:swapper/0][MTK_SMI] 0x444=0x1,
[    0.347387]  (7)[1:swapper/0][MTK_SMI]======== COMM23 non-zero value, clk:1 ========
[    0.347398]  (7)[1:swapper/0][MTK_SMI] 0x100=0xa, 0x228=0x41, 0x230=0x17, 0x234=0x3efe, 0x244=0x2105, 0x300=0x4f1, 0x400=0x5, 0x404=0x5, 0x430=0x315, 0x440=0x1,
[    0.347404]  (7)[1:swapper/0][MTK_SMI] 0x444=0x1,
[    0.347422]  (7)[1:swapper/0][MTK_SMI]======== COMM24 non-zero value, clk:1 ========
[    0.347433]  (7)[1:swapper/0][MTK_SMI] 0x100=0xa, 0x228=0x41, 0x230=0x17, 0x234=0x3efe, 0x244=0x2105, 0x300=0x4f1, 0x400=0x280, 0x404=0x280, 0x430=0x315, 0x440=0x1,
[    0.347439]  (7)[1:swapper/0][MTK_SMI] 0x444=0x1,
[    0.347444]  (7)[1:swapper/0][MTK_SMI]======== COMM25 OFF ========
[    0.347450]  (7)[1:swapper/0][MTK_SMI]======== COMM26 OFF ========
[    0.347455]  (7)[1:swapper/0][MTK_SMI]======== COMM27 OFF ========
[    0.347460]  (7)[1:swapper/0][MTK_SMI]======== COMM28 OFF ========
[    0.347473]  (7)[1:swapper/0][MTK_SMI]======== MMSYS29 non-zero value, clk:8 ========
[    0.347483]  (7)[1:swapper/0][MTK_SMI] 0x100=0xfe300020, 0x110=0xfeffffff, 0x520=0x7514, 0x524=0x7514, 0x528=0x1007500, 0x52c=0x1007500, 0x530=0x1007500,
[    0.347490]  (7)[1:swapper/0][MTK_SMI] 0x538=0x1007500, 0x540=0x1007500, 0x544=0x1007500,
[    0.347497]  (7)[1:swapper/0][MTK_SMI]SCEN=SMI_BWC_SCEN_NORMAL(0), SMI_SCEN=0
[    0.347505]  (7)[1:swapper/0][MTK_SMI]LARB0:[ ON][    0.     0][         MTK_SMI]/[*OFF][    0.     0][                ]
[    0.347513]  (7)[1:swapper/0][MTK_SMI]LARB1:[ ON][    0.     0][         MTK_SMI]/[*OFF][    0.     0][                ]
[    0.347520]  (7)[1:swapper/0][MTK_SMI]LARB2:[ ON][    0.     0][         MTK_SMI]/[*OFF][    0.     0][                ]
[    0.347528]  (7)[1:swapper/0][MTK_SMI]LARB3:[ ON][    0.     0][                ]/[*OFF][    0.     0][                ]
[    0.347535]  (7)[1:swapper/0][MTK_SMI]LARB4:[ ON][    0.     0][                ]/[*OFF][    0.     0][                ]
[    0.347541]  (7)[1:swapper/0][MTK_SMI]LARB5:[ ON][    0.     0][                ]/[*OFF][    0.     0][                ]
[    0.347548]  (7)[1:swapper/0][MTK_SMI]LARB6:[ ON][    0.     0][                ]/[*OFF][    0.     0][                ]
[    0.347555]  (7)[1:swapper/0][MTK_SMI]LARB7:[ ON][    0.     0][                ]/[*OFF][    0.     0][                ]
[    0.347561]  (7)[1:swapper/0][MTK_SMI]LARB8:[ ON][    0.     0][                ]/[*OFF][    0.     0][                ]
[    0.347568]  (7)[1:swapper/0][MTK_SMI]LARB9:[ ON][    0.     0][                ]/[*OFF][    0.     0][                ]
[    0.347575]  (7)[1:swapper/0][MTK_SMI]LARB10:[ ON][    0.     0][                ]/[*OFF][    0.     0][                ]
[    0.347582]  (7)[1:swapper/0][MTK_SMI]LARB11:[ ON][    0.     0][                ]/[*OFF][    0.     0][                ]
[    0.347588]  (7)[1:swapper/0][MTK_SMI]LARB12:[ ON][    0.     0][                ]/[*OFF][    0.     0][                ]
[    0.347595]  (7)[1:swapper/0][MTK_SMI]LARB13:[ ON][    0.     0][                ]/[*OFF][    0.     0][                ]
[    0.347602]  (7)[1:swapper/0][MTK_SMI]LARB14:[ ON][    0.     0][                ]/[*OFF][    0.     0][                ]
[    0.347609]  (7)[1:swapper/0][MTK_SMI]LARB15:[ ON][    0.     0][                ]/[*OFF][    0.     0][                ]
[    0.347615]  (7)[1:swapper/0][MTK_SMI]LARB16:[ ON][    0.     0][                ]/[*OFF][    0.     0][                ]
[    0.347622]  (7)[1:swapper/0][MTK_SMI]LARB17:[ ON][    0.     0][                ]/[*OFF][    0.     0][                ]
[    0.347628]  (7)[1:swapper/0][MTK_SMI]LARB18:[ ON][    0.     0][                ]/[*OFF][    0.     0][                ]
[    0.347635]  (7)[1:swapper/0][MTK_SMI]LARB19:[ ON][    0.     0][                ]/[*OFF][    0.     0][                ]
[    0.347642]  (7)[1:swapper/0][MTK_SMI]LARB20:[ ON][    0.     0][                ]/[*OFF][    0.     0][                ]
[    0.347653]  (7)[1:swapper/0]initcall mtk_smi_init+0x0/0xa4 returned 0 after 3906 usecs
[    0.348339]  (7)[1:swapper/0]calling  topology_init+0x0/0x84 @ 1
[    0.348592]  (7)[1:swapper/0]initcall topology_init+0x0/0x84 returned 0 after 0 usecs
[    0.348602]  (7)[1:swapper/0]calling  uid_cache_init+0x0/0xb0 @ 1
[    0.348615]  (7)[1:swapper/0]initcall uid_cache_init+0x0/0xb0 returned 0 after 0 usecs
[    0.348624]  (7)[1:swapper/0]calling  param_sysfs_init+0x0/0x1d8 @ 1
[    0.358583]  (7)[1:swapper/0]initcall param_sysfs_init+0x0/0x1d8 returned 0 after 11718 usecs
[    0.358594]  (7)[1:swapper/0]calling  user_namespace_sysctl_init+0x0/0x48 @ 1
[    0.358621]  (7)[1:swapper/0]initcall user_namespace_sysctl_init+0x0/0x48 returned 0 after 0 usecs
[    0.358632]  (7)[1:swapper/0]calling  proc_schedstat_init+0x0/0x30 @ 1
[    0.358644]  (7)[1:swapper/0]initcall proc_schedstat_init+0x0/0x30 returned 0 after 0 usecs
[    0.358653]  (7)[1:swapper/0]calling  pm_sysrq_init+0x0/0x24 @ 1
[    0.358702]  (7)[1:swapper/0]initcall pm_sysrq_init+0x0/0x24 returned 0 after 0 usecs
[    0.358714]  (7)[1:swapper/0]calling  create_proc_profile+0x0/0xe8 @ 1
[    0.358722]  (7)[1:swapper/0]initcall create_proc_profile+0x0/0xe8 returned 0 after 0 usecs
[    0.358730]  (7)[1:swapper/0]calling  cgroup_namespaces_init+0x0/0x8 @ 1
[    0.358738]  (7)[1:swapper/0]initcall cgroup_namespaces_init+0x0/0x8 returned 0 after 0 usecs
[    0.358746]  (7)[1:swapper/0]calling  dev_map_init+0x0/0x20 @ 1
[    0.358759]  (7)[1:swapper/0]initcall dev_map_init+0x0/0x20 returned 0 after 0 usecs
[    0.358768]  (7)[1:swapper/0]calling  oom_init+0x0/0x6c @ 1
[    0.358876]  (7)[1:swapper/0]initcall oom_init+0x0/0x6c returned 0 after 0 usecs
[    0.358886]  (7)[1:swapper/0]calling  cgwb_init+0x0/0x44 @ 1
[    0.358936]  (7)[1:swapper/0]initcall cgwb_init+0x0/0x44 returned 0 after 0 usecs
[    0.358945]  (7)[1:swapper/0]calling  default_bdi_init+0x0/0xa4 @ 1
[    0.359074]  (7)[1:swapper/0]initcall default_bdi_init+0x0/0xa4 returned 0 after 0 usecs
[    0.359085]  (7)[1:swapper/0]calling  percpu_enable_async+0x0/0x14 @ 1
[    0.359093]  (7)[1:swapper/0]initcall percpu_enable_async+0x0/0x14 returned 0 after 0 usecs
[    0.359103]  (7)[1:swapper/0]calling  kcompactd_init+0x0/0x64 @ 1
[    0.359190]  (7)[1:swapper/0]initcall kcompactd_init+0x0/0x64 returned 0 after 0 usecs
[    0.359199]  (7)[1:swapper/0]calling  init_reserve_notifier+0x0/0x8 @ 1
[    0.359206]  (7)[1:swapper/0]initcall init_reserve_notifier+0x0/0x8 returned 0 after 0 usecs
[    0.359216]  (7)[1:swapper/0]calling  init_admin_reserve+0x0/0x30 @ 1
[    0.359224]  (7)[1:swapper/0]initcall init_admin_reserve+0x0/0x30 returned 0 after 0 usecs
[    0.359232]  (7)[1:swapper/0]calling  init_user_reserve+0x0/0x30 @ 1
[    0.359240]  (7)[1:swapper/0]initcall init_user_reserve+0x0/0x30 returned 0 after 0 usecs
[    0.359248]  (7)[1:swapper/0]calling  swap_init_sysfs+0x0/0x74 @ 1
[    0.359260]  (7)[1:swapper/0]initcall swap_init_sysfs+0x0/0x74 returned 0 after 0 usecs
[    0.359267]  (7)[1:swapper/0]calling  swapfile_init+0x0/0x84 @ 1
[    0.359274]  (7)[1:swapper/0]initcall swapfile_init+0x0/0x84 returned 0 after 0 usecs
[    0.359282]  (7)[1:swapper/0]calling  mem_cgroup_swap_init+0x0/0xa4 @ 1
[    0.359295]  (7)[1:swapper/0]initcall mem_cgroup_swap_init+0x0/0xa4 returned 0 after 0 usecs
[    0.359303]  (7)[1:swapper/0]calling  mem_cgroup_init+0x0/0x11c @ 1
[    0.359347]  (7)[1:swapper/0]initcall mem_cgroup_init+0x0/0x11c returned 0 after 0 usecs
[    0.359356]  (7)[1:swapper/0]calling  sel_ib_pkey_init+0x0/0x3c @ 1
[    0.359366]  (7)[1:swapper/0]initcall sel_ib_pkey_init+0x0/0x3c returned 0 after 0 usecs
[    0.359374]  (7)[1:swapper/0]calling  crypto_wq_init+0x0/0x44 @ 1
[    0.359491]  (7)[1:swapper/0]initcall crypto_wq_init+0x0/0x44 returned 0 after 0 usecs
[    0.359499]  (7)[1:swapper/0]calling  cryptomgr_init+0x0/0x1c @ 1
[    0.359508]  (7)[1:swapper/0]initcall cryptomgr_init+0x0/0x1c returned 0 after 0 usecs
[    0.359516]  (7)[1:swapper/0]calling  cryptd_init+0x0/0xd8 @ 1
[    0.359528]  (7)[1:swapper/0]initcall cryptd_init+0x0/0xd8 returned 0 after 0 usecs
[    0.359537]  (7)[1:swapper/0]calling  init_bio+0x0/0x10c @ 1
[    0.359552]  (7)[1:swapper/0]initcall init_bio+0x0/0x10c returned 0 after 0 usecs
[    0.359562]  (7)[1:swapper/0]calling  blk_settings_init+0x0/0x30 @ 1
[    0.359571]  (7)[1:swapper/0]initcall blk_settings_init+0x0/0x30 returned 0 after 0 usecs
[    0.359580]  (7)[1:swapper/0]calling  blk_ioc_init+0x0/0x38 @ 1
[    0.359603]  (7)[1:swapper/0]initcall blk_ioc_init+0x0/0x38 returned 0 after 0 usecs
[    0.359612]  (7)[1:swapper/0]calling  blk_softirq_init+0x0/0xa4 @ 1
[    0.359621]  (7)[1:swapper/0]initcall blk_softirq_init+0x0/0xa4 returned 0 after 0 usecs
[    0.359630]  (7)[1:swapper/0]calling  blk_mq_init+0x0/0x38 @ 1
[    0.359638]  (7)[1:swapper/0]initcall blk_mq_init+0x0/0x38 returned 0 after 0 usecs
[    0.359647]  (7)[1:swapper/0]calling  genhd_device_init+0x0/0x90 @ 1
[    0.359939]  (7)[1:swapper/0]initcall genhd_device_init+0x0/0x90 returned 0 after 0 usecs
[    0.359948]  (7)[1:swapper/0]calling  pwm_sysfs_init+0x0/0x28 @ 1
[    0.359961]  (7)[1:swapper/0]initcall pwm_sysfs_init+0x0/0x28 returned 0 after 0 usecs
[    0.359969]  (7)[1:swapper/0]calling  fbmem_init+0x0/0xec @ 1
[    0.359985]  (7)[1:swapper/0]initcall fbmem_init+0x0/0xec returned 0 after 0 usecs
[    0.359993]  (7)[1:swapper/0]calling  clkdbg_pm_init+0x0/0x58 @ 1
[    0.360002]  (7)[1:swapper/0]initcall clkdbg_pm_init+0x0/0x58 returned 0 after 0 usecs
[    0.360009]  (7)[1:swapper/0]calling  clkdbg_mt6833_init+0x0/0xf8 @ 1
[    0.360795]  (7)[1:swapper/0]initcall clkdbg_mt6833_init+0x0/0xf8 returned 0 after 0 usecs
[    0.360803]  (7)[1:swapper/0]calling  clkchk_init+0x0/0xac @ 1
[    0.361389]  (7)[1:swapper/0]initcall clkchk_init+0x0/0xac returned 0 after 0 usecs
[    0.361396]  (7)[1:swapper/0]calling  clk_fmeter_mt6833_init+0x0/0x78 @ 1
[    0.361469]  (7)[1:swapper/0]initcall clk_fmeter_mt6833_init+0x0/0x78 returned 0 after 0 usecs
[    0.361479]  (7)[1:swapper/0]calling  mtk_dma_init+0x0/0x20 @ 1
[    0.361639]  (7)[1:swapper/0]mtk-8250-dma: DMA address bits: 34
[    0.361647]  (7)[1:swapper/0]mtk-8250-dma: Missing dma-requests property, using 127.
[    0.362142]  (7)[1:swapper/0]initcall mtk_dma_init+0x0/0x20 returned 0 after 0 usecs
[    0.362152]  (7)[1:swapper/0]calling  misc_init+0x0/0xe0 @ 1
[    0.362172]  (7)[1:swapper/0]initcall misc_init+0x0/0xe0 returned 0 after 0 usecs
[    0.362180]  (7)[1:swapper/0]calling  rpmb_init+0x0/0x38 @ 1
[    0.362193]  (7)[1:swapper/0]initcall rpmb_init+0x0/0x38 returned 0 after 0 usecs
[    0.362201]  (7)[1:swapper/0]calling  mtk_iommu_init+0x0/0x50 @ 1
[    0.362437]  (7)[1:swapper/0]mtk_iommu_probe+, 4451
[    0.365656]  (7)[1:swapper/0]mtk-iommu-v2 14016000.m4u: iommu:0 clks0 of disp-iommu-ck init done
[    0.365696]  (7)[1:swapper/0]mtk-iommu-v2 14016000.m4u: iommu:0 power0 of power init done
[    0.365706]  (7)[1:swapper/0]mtk_iommu_power_switch: 886: enable power pass of iommu0 for iommu_probe, ret=0
[    0.365713]  (7)[1:swapper/0]mtk_iommu_power_switch, 898, enable clock pass at iommu0, for iommu_probe, ret=0
[    0.365958]  (7)[1:swapper/0]mtk_iommu_hw_init, bank:1, of_iomap: 0xffffff8008cdf000, irq_num: 238, m4u_id:0
[    0.366169]  (7)[1:swapper/0]mtk_iommu_hw_init, bank:2, of_iomap: 0xffffff8008ce1000, irq_num: 239, m4u_id:0
[    0.366373]  (7)[1:swapper/0]mtk_iommu_hw_init, bank:3, of_iomap: 0xffffff8008ce3000, irq_num: 240, m4u_id:0
[    0.366388]  (7)[1:swapper/0]mtk_iommu_hw_init, done
[    0.366645] -(7)[1:swapper/0]mau_start_monitor iommu:0, slave:0, mau:0, start=0x40000000(0x4), end=0xffffffff(0x7), vir:0, wr:1, io:0x1, port:0xffffffff, larb:0xffffffff
[    0.366851] -(7)[1:swapper/0]mau_start_monitor iommu:0, slave:1, mau:0, start=0x40000000(0x4), end=0xffffffff(0x7), vir:0, wr:1, io:0x1, port:0xffffffff, larb:0xffffffff
[    0.366957]  (7)[1:swapper/0]mtk_iommu_power_switch: 886: disable clock pass of iommu0 for iommu_probe, ret=0
[    0.366965]  (7)[1:swapper/0]mtk_iommu_power_switch, 898, disable power pass at iommu0, for iommu_probe, ret=0
[    0.366973]  (7)[1:swapper/0]mtk_iommu_probe-, 4606,total=1,m4u0,base=0xffffff8008cdd000,protect=0x0x0000000113b80500
[    0.367202]  (7)[1:swapper/0]initcall mtk_iommu_init+0x0/0x50 returned 0 after 7812 usecs
[    0.367213]  (7)[1:swapper/0]calling  register_cpu_capacity_sysctl+0x0/0x98 @ 1
[    0.367246]  (7)[1:swapper/0]initcall register_cpu_capacity_sysctl+0x0/0x98 returned 0 after 0 usecs
[    0.367255]  (7)[1:swapper/0]calling  picachu_init+0x0/0x218 @ 1
[    0.367282]  (7)[1:swapper/0][picachu]reserve mem: virt:0xffffff8008d00000 - 0xffffff8008d80000 (0x80000)
[    0.367289]  (7)[1:swapper/0][picachu][mem_reserve-0] 
[    0.367292]  (7)[1:swapper/0]phys:0xbfd00000,virt:0xffffff8008d00000,size:0x40000
[    0.367301]  (7)[1:swapper/0][picachu][mem_reserve-1] 
[    0.367303]  (7)[1:swapper/0]phys:0xbfd40000,virt:0xffffff8008d40000,size:0x10000
[    0.367312]  (7)[1:swapper/0][picachu][mem_reserve-2] 
[    0.367314]  (7)[1:swapper/0]phys:0xbfd50000,virt:0xffffff8008d50000,size:0x10000
[    0.367323]  (7)[1:swapper/0][picachu][mem_reserve-3] 
[    0.367325]  (7)[1:swapper/0]phys:0xbfd60000,virt:0xffffff8008d60000,size:0x10000
[    0.367334]  (7)[1:swapper/0][picachu][mem_reserve-4] 
[    0.367336]  (7)[1:swapper/0]phys:0xbfd70000,virt:0xffffff8008d70000,size:0x10000
[    0.367347]  (7)[1:swapper/0][PICACHU]fuse_major_ver=2, efuse_mirror_ver=3, db_major_ver=2, db_mirror_ver=1
[    0.367356]  (7)[1:swapper/0]AEE kernel warning: <../drivers/misc/mediatek/base/power/eem_v2/mt6833/mtk_picachu.c:457> Warning:efuse_mirror_ver=3 > db_mirror_ver=1
[    0.367359]  (7)[1:swapper/0]PICACHU Warning:efuse_mirror_ver=3 > db_mirror_ver=1
[    0.367367]  (7)[1:swapper/0]initcall picachu_init+0x0/0x218 returned 0 after 0 usecs
[    0.367380]  (7)[1:swapper/0]calling  upower_get_tbl_ref+0x0/0x18 @ 1
[    0.367388]  (7)[1:swapper/0][Power/cpufreq] 0, Settle time(1250, 500) efuse_val = 0x1
[    0.367398]  (7)[1:swapper/0]initcall upower_get_tbl_ref+0x0/0x18 returned 0 after 0 usecs
[    0.367406]  (7)[1:swapper/0]calling  conn_md_init+0x0/0x274 @ 1
[    0.367414]  (7)[1:swapper/0][CONN-MD-DFT][I]conn_md_init:init message queue list succeed
[    0.367420]  (7)[1:swapper/0][CONN-MD-DFT][I]conn_md_init:init active queue list succeed
[    0.367426]  (7)[1:swapper/0][CONN-MD-DFT][I]conn_md_init:init user information list succeed
[    0.367444]  (7)[1:swapper/0][CONN_MD_DMP][I]conn_md_dmp_init:alloc msg_log memory done, size:0x00000430
[    0.367450]  (7)[1:swapper/0][CONN-MD-DFT][I]conn_md_init:conn_md_dmp_init succeed
[    0.367547]  (7)[1:swapper/0][CONN-MD-DFT][I]conn_md_init:create conn_md_thread succeed, wakeup it
[    0.367563]  (7)[1:swapper/0]initcall conn_md_init+0x0/0x274 returned 0 after 0 usecs
[    0.367570]  (7)[1:swapper/0]calling  trusted_mem_subsys_init+0x0/0x6c @ 1
[    0.367576]  (7)[1:swapper/0][TMEM]trusted_mem_subsys_init:250
[    0.367581]  (7)[1:swapper/0][TMEM]trusted_mem_subsys_init:261 (end)
[    0.367589]  (7)[1:swapper/0]initcall trusted_mem_subsys_init+0x0/0x6c returned 0 after 0 usecs
[    0.367596]  (7)[1:swapper/0]calling  tipc_init+0x0/0x120 @ 1
[    0.367632]  (7)[1:swapper/0]initcall tipc_init+0x0/0x120 returned 0 after 0 usecs
[    0.367641]  (7)[1:swapper/0]calling  fhctl_driver_init+0x0/0x50 @ 1
[    0.367750]  (7)[1:swapper/0][FHCTL], <fh_plt_drv_probe(), 161> in
[    0.367758]  (7)[1:swapper/0][FHCTL], <parse_dt(), 90> num_pll<13>
[    0.367767]  (7)[1:swapper/0][FHCTL], <parse_dt(), 96> array<9392c000>, num_pll<13>, comp<mediatek,mt6853-fhctl>, sizeof(*array)=80, size<1040>
[    0.367796]  (7)[1:swapper/0][FHCTL], <parse_dt(), 108> ---------------------
[    0.367810]  (7)[1:swapper/0][FHCTL], <parse_dt(), 143> domain<top>, method<fhctl-mcupm>
[    0.367816]  (7)[1:swapper/0][FHCTL], <parse_dt(), 144> base<ffffff8008cf2e00,ffffff8008cf4000>
[    0.367822]  (7)[1:swapper/0][FHCTL], <parse_dt(), 145> num<13>
[    0.367828]  (7)[1:swapper/0][FHCTL], <parse_dt(), 146> ---------------------
[    0.367834]  (7)[1:swapper/0][FHCTL], <fhctl_ap_init(), 340> 
[    0.367839]  (7)[1:swapper/0][FHCTL], <fhctl_ap_init(), 371> 
[    0.367845]  (7)[1:swapper/0][FHCTL], <fhctl_mcupm_init(), 399> 
[    0.367852]  (7)[1:swapper/0][FHCTL], <mcupm_init_v1(), 279> array<9392c000>, armpll_ll
[    0.367858]  (7)[1:swapper/0][FHCTL], <mcupm_init_v1(), 291> 
[    0.367865]  (7)[1:swapper/0][FHCTL], <get_list(), 505> target<mediatek,mt6853-fhctl>
[    0.367871]  (7)[1:swapper/0][FHCTL], <init_v1(), 37> init domain<top>
[    0.367879]  (7)[1:swapper/0][FHCTL], <init_v1(), 70> pll<armpll_ll>, dds_mask<4194303>, data<427a2990> offset<427a2690> regs<42e15408>
[    0.367886]  (7)[1:swapper/0][FHCTL], <init_v1(), 70> pll<armpll_bl0>, dds_mask<4194303>, data<427a29d0> offset<427a26c0> regs<42e15460>
[    0.367893]  (7)[1:swapper/0][FHCTL], <init_v1(), 70> pll<armpll_bl1>, dds_mask<4194303>, data<427a2a10> offset<427a26f0> regs<42e154b8>
[    0.367900]  (7)[1:swapper/0][FHCTL], <init_v1(), 70> pll<armpll_bl2>, dds_mask<4194303>, data<427a2a50> offset<427a2720> regs<42e15510>
[    0.367907]  (7)[1:swapper/0][FHCTL], <init_v1(), 70> pll<npupll>, dds_mask<4194303>, data<427a2a90> offset<427a2750> regs<42e15568>
[    0.367914]  (7)[1:swapper/0][FHCTL], <init_v1(), 70> pll<ccipll>, dds_mask<4194303>, data<427a2ad0> offset<427a2780> regs<42e155c0>
[    0.367920]  (7)[1:swapper/0][FHCTL], <init_v1(), 70> pll<mfgpll>, dds_mask<4194303>, data<427a2b10> offset<427a27b0> regs<42e15618>
[    0.367927]  (7)[1:swapper/0][FHCTL], <init_v1(), 70> pll<mempll>, dds_mask<4194303>, data<427a2b50> offset<427a27e0> regs<42e15670>
[    0.367934]  (7)[1:swapper/0][FHCTL], <init_v1(), 70> pll<mpll>, dds_mask<4194303>, data<427a2b90> offset<427a2810> regs<42e156c8>
[    0.367940]  (7)[1:swapper/0][FHCTL], <init_v1(), 70> pll<mmpll>, dds_mask<4194303>, data<427a2bd0> offset<427a2840> regs<42e15720>
[    0.367947]  (7)[1:swapper/0][FHCTL], <init_v1(), 70> pll<mainpll>, dds_mask<4194303>, data<427a2c10> offset<427a2870> regs<42e15778>
[    0.367954]  (7)[1:swapper/0][FHCTL], <init_v1(), 70> pll<msdcpll>, dds_mask<4194303>, data<427a2c50> offset<427a28a0> regs<42e157d0>
[    0.367960]  (7)[1:swapper/0][FHCTL], <init_v1(), 70> pll<adsppll>, dds_mask<4194303>, data<427a2c90> offset<427a28d0> regs<42e15828>
[    0.367967]  (7)[1:swapper/0][FHCTL], <init_v1(), 70> pll<apupll>, dds_mask<4194303>, data<427a2cd0> offset<427a2900> regs<42e15880>
[    0.367974]  (7)[1:swapper/0][FHCTL], <init_v1(), 70> pll<tvdpll>, dds_mask<4194303>, data<427a2d10> offset<427a2930> regs<42e158d8>
[    0.367980]  (7)[1:swapper/0][FHCTL], <mcupm_init_v1(), 279> array<9392c050>, armpll_bl0
[    0.367986]  (7)[1:swapper/0][FHCTL], <init_v1(), 33> domain<top> inited
[    0.367992]  (7)[1:swapper/0][FHCTL], <mcupm_init_v1(), 279> array<9392c0a0>, armpll_bl1
[    0.367998]  (7)[1:swapper/0][FHCTL], <init_v1(), 33> domain<top> inited
[    0.368004]  (7)[1:swapper/0][FHCTL], <mcupm_init_v1(), 279> array<9392c0f0>, armpll_bl2
[    0.368010]  (7)[1:swapper/0][FHCTL], <init_v1(), 33> domain<top> inited
[    0.368016]  (7)[1:swapper/0][FHCTL], <mcupm_init_v1(), 279> array<9392c140>, npupll
[    0.368021]  (7)[1:swapper/0][FHCTL], <init_v1(), 33> domain<top> inited
[    0.368027]  (7)[1:swapper/0][FHCTL], <mcupm_init_v1(), 279> array<9392c190>, ccipll
[    0.368033]  (7)[1:swapper/0][FHCTL], <init_v1(), 33> domain<top> inited
[    0.368039]  (7)[1:swapper/0][FHCTL], <mcupm_init_v1(), 279> array<9392c1e0>, mfgpll
[    0.368044]  (7)[1:swapper/0][FHCTL], <init_v1(), 33> domain<top> inited
[    0.368050]  (7)[1:swapper/0][FHCTL], <mcupm_init_v1(), 279> array<9392c230>, mpll
[    0.368056]  (7)[1:swapper/0][FHCTL], <init_v1(), 33> domain<top> inited
[    0.368062]  (7)[1:swapper/0][FHCTL], <mcupm_init_v1(), 279> array<9392c280>, mmpll
[    0.368068]  (7)[1:swapper/0][FHCTL], <init_v1(), 33> domain<top> inited
[    0.368074]  (7)[1:swapper/0][FHCTL], <mcupm_init_v1(), 279> array<9392c2d0>, mainpll
[    0.368080]  (7)[1:swapper/0][FHCTL], <init_v1(), 33> domain<top> inited
[    0.368085]  (7)[1:swapper/0][FHCTL], <mcupm_init_v1(), 279> array<9392c320>, msdcpll
[    0.368091]  (7)[1:swapper/0][FHCTL], <init_v1(), 33> domain<top> inited
[    0.368097]  (7)[1:swapper/0][FHCTL], <mcupm_init_v1(), 279> array<9392c370>, adsppll
[    0.368103]  (7)[1:swapper/0][FHCTL], <init_v1(), 33> domain<top> inited
[    0.368108]  (7)[1:swapper/0][FHCTL], <mcupm_init_v1(), 279> array<9392c3c0>, tvdpll
[    0.368114]  (7)[1:swapper/0][FHCTL], <init_v1(), 33> domain<top> inited
[    0.368120]  (7)[1:swapper/0][FHCTL], <fhctl_mcupm_init(), 430> 
[    0.368797]  (7)[1:swapper/0][FHCTL], <fhctl_driver_init(), 237> ret<0>
[    0.368806]  (7)[1:swapper/0]initcall fhctl_driver_init+0x0/0x50 returned 0 after 0 usecs
[    0.368815]  (7)[1:swapper/0]calling  flashlight_class_init+0x0/0x7c @ 1
[    0.368829]  (7)[1:swapper/0]initcall flashlight_class_init+0x0/0x7c returned 0 after 0 usecs
[    0.368837]  (7)[1:swapper/0]calling  rtfled_init+0x0/0x20 @ 1
[    0.368954]  (7)[1:swapper/0]initcall rtfled_init+0x0/0x20 returned 0 after 0 usecs
[    0.368962]  (7)[1:swapper/0]calling  hf_manager_init+0x0/0x214 @ 1
[    0.369107]  (7)[1:swapper/0]initcall hf_manager_init+0x0/0x214 returned 0 after 0 usecs
[    0.369117]  (7)[1:swapper/0]calling  nanohub_init+0x0/0x14 @ 1
[    0.370620]  (7)[1:swapper/0][SCP] register scp A notify callback..
[    0.370649]  (7)[1:swapper/0]initcall nanohub_init+0x0/0x14 returned 0 after 3906 usecs
[    0.370658]  (7)[1:swapper/0]calling  oplus_sensor_event_entry+0x0/0x6c @ 1
[    0.370665]  (7)[1:swapper/0]initcall oplus_sensor_event_entry+0x0/0x6c returned 0 after 0 usecs
[    0.370674]  (7)[1:swapper/0]calling  oplus_sensor_attr_init+0x0/0xa0 @ 1
[    0.370691]  (7)[1:swapper/0]initcall oplus_sensor_attr_init+0x0/0xa0 returned 0 after 0 usecs
[    0.370700]  (7)[1:swapper/0]calling  ccci_util_init+0x0/0x30 @ 1
[    0.371131]  (7)[1:swapper/0][ccci0/util]Invalid udc layout info dt para
[    0.371159]  (7)[1:swapper/0][ccci0/util]get sib info fail
[    0.371186]  (7)[1:swapper/0][ccci0/util]using 0 as phy capture size
[    0.371213]  (7)[1:swapper/0][ccci0/util]get smem dfd size fail
[    0.371240]  (7)[1:swapper/0][ccci0/util]get smem amms pos size fail
[    0.371267]  (7)[1:swapper/0][ccci0/util]get smem align padding size fail
[    0.371327]  (7)[1:swapper/0][ccci0/util]using 0 as MTEE support
[    0.371551]  (7)[1:swapper/0][ccci0/util]md sib mem info: (0x0 0x0           (null) 0)
[    0.371584]  (7)[1:swapper/0]initcall ccci_util_init+0x0/0x30 returned 0 after 0 usecs
[    0.371593]  (7)[1:swapper/0]calling  ccci_init+0x0/0xb4 @ 1
[    0.371907]  (7)[1:swapper/0][SCP] register scp A notify callback..
[    0.371917]  (7)[1:swapper/0]initcall ccci_init+0x0/0xb4 returned 0 after 0 usecs
[    0.371926]  (7)[1:swapper/0]calling  __mix_event_init+0x0/0x18 @ 1
[    0.371966]  (7)[1:swapper/0]initcall __mix_event_init+0x0/0x18 returned 0 after 0 usecs
[    0.371975]  (7)[1:swapper/0]calling  cmdq_init+0x0/0x11c @ 1
[    0.371981]  (7)[1:swapper/0][MDP]cmdq_init CMDQ driver init begin
[    0.372328]  (7)[1:swapper/0][MDP]CMDQ driver probe begin
[    0.372516]  (7)[1:swapper/0][MDP][CMDQ] platform_dev: dev:        (ptrval) PA:0x000000001f003000 VA:ffffff8008cfd000 irqId:0 irqSecId:0
[    0.372526]  (7)[1:swapper/0][MDP]set dma mask bit:32 result:0
[    0.372567]  (7)[1:swapper/0][MDP]DEV: VA ref(mmsys_config):0xffffff8008d81000
[    0.372608]  (7)[1:swapper/0][MDP]DEV: VA ref(mdp_rdma0):0xffffff8008d83000
[    0.372648]  (7)[1:swapper/0][MDP]DEV: VA ref(mdp_rsz0):0xffffff8008d85000
[    0.372687]  (7)[1:swapper/0][MDP]DEV: VA ref(mdp_rsz1):0xffffff8008d8d000
[    0.372725]  (7)[1:swapper/0][MDP]DEV: VA ref(mdp_wrot0):0xffffff8008da1000
[    0.372763]  (7)[1:swapper/0][MDP]DEV: VA ref(mdp_wrot1):0xffffff8008da3000
[    0.372801]  (7)[1:swapper/0][MDP]DEV: VA ref(mdp_tdshp0):0xffffff8008da5000
[    0.372840]  (7)[1:swapper/0][MDP]DEV: VA ref(mdp_aal0):0xffffff8008dad000 pa:0x1f005000
[    0.372879]  (7)[1:swapper/0][MDP]DEV: VA ref(mdp_hdr0):0xffffff8008daf000 pa:0x1f007000
[    0.372887]  (7)[1:swapper/0][MDP]DEV: VA ref(venc):0x0
[    0.372929]  (7)[1:swapper/0][MDP]DEV: VA ref(mm_mutex):0xffffff8008db1000
[    0.374304]  (7)[1:swapper/0][MDP]DEV: PA ref(mm_mutex): start:0x000000001f001000
[    0.374391]  (7)[1:swapper/0][MDP]thread count:5
[    0.374653]  (7)[1:swapper/0][MDP]chan 10 0xfffffffd938f89f0 dev:0xfffffffd93a37c10
[    0.374798]  (7)[1:swapper/0][MDP]chan 19 0xfffffffe0ea152a8 dev:0xfffffffd93a37c10
[    0.374970]  (7)[1:swapper/0][MDP]chan 20 0xfffffffe0ea153a0 dev:0xfffffffd93a37c10
[    0.375164]  (7)[1:swapper/0][MDP]chan 21 0xfffffffe0ea15498 dev:0xfffffffd93a37c10
[    0.375368]  (7)[1:swapper/0][MDP]chan 22 0xfffffffe0ea15590 dev:0xfffffffd93a37c10
[    0.375388]  (7)[1:swapper/0][MDP]available thread pool: max:24
[    0.378108]  (7)[1:swapper/0]MMP: mmprofile_enable(): enable: 1
[    0.378135]  (7)[1:swapper/0]MMP: mmprofile_force_start(): start: 1
[    0.378146]  (7)[1:swapper/0][MDP]cmdq_mdp_init
[    0.378373]  (7)[1:swapper/0][MDP]cmdq_core_register_status_dump notifier:0x        (ptrval)
[    0.378920]  (7)[1:swapper/0][MDP]MDP limit dev create end
[    0.378927]  (7)[1:swapper/0][MDP]CMDQ driver probe end
[    0.379028]  (7)[1:swapper/0][MDP]CMDQ driver init end
[    0.379040]  (7)[1:swapper/0]initcall cmdq_init+0x0/0x11c returned 0 after 7812 usecs
[    0.379050]  (7)[1:swapper/0]calling  regmap_plat_init+0x0/0x28 @ 1
[    0.379056]  (7)[1:swapper/0]Init Richtek RegMap 1.2.1_G
[    0.379064]  (7)[1:swapper/0]initcall regmap_plat_init+0x0/0x28 returned 0 after 0 usecs
[    0.379074]  (7)[1:swapper/0]calling  mt6360_init+0x0/0x88 @ 1
[    0.379080]  (7)[1:swapper/0]mt6360_init (2.0.7_MTK)
[    0.379167]  (7)[1:swapper/0]mt6360_init usb_type_c node found
[    0.379189]  (7)[1:swapper/0]initcall mt6360_init+0x0/0x88 returned 0 after 0 usecs
[    0.379198]  (7)[1:swapper/0]calling  tcpc_class_init+0x0/0xd8 @ 1
[    0.379204]  (7)[1:swapper/0]tcpc_class_init (2.0.17_MTK)
[    0.379210]  (7)[1:swapper/0]SVDM supported mode [0]: name = Oplus, svid = 0x22d9
[    0.379215]  (7)[1:swapper/0]dpm_check_supported_modes : found "disorder"...
[    0.379226]  (7)[1:swapper/0]TCPC class init OK
[    0.379235]  (7)[1:swapper/0]initcall tcpc_class_init+0x0/0xd8 returned 0 after 0 usecs
[    0.379247]  (7)[1:swapper/0]calling  pd_dbg_info_init+0x0/0x98 @ 1
[    0.379252]  (7)[1:swapper/0]pd_dbg_info_init
[    0.379403]  (6)[1:swapper/0]initcall pd_dbg_info_init+0x0/0x98 returned 0 after 0 usecs
[    0.379416]  (6)[1:swapper/0]calling  mt6833_early_init+0x0/0x18 @ 1
[    0.379512]  (6)[1:swapper/0]initcall mt6833_early_init+0x0/0x18 returned 0 after 0 usecs
[    0.379520]  (6)[1:swapper/0]calling  oplus_nfc_init+0x0/0x34 @ 1
[    0.379526]  (6)[1:swapper/0]enter oplus_nfc_init
[    0.379934]  (6)[1:swapper/0]initcall oplus_nfc_init+0x0/0x34 returned 0 after 0 usecs
[    0.379946]  (6)[1:swapper/0]calling  dax_fs_init+0x0/0xf4 @ 1
[    0.380001]  (6)[1:swapper/0]initcall dax_fs_init+0x0/0xf4 returned 0 after 0 usecs
[    0.380009]  (6)[1:swapper/0]calling  dma_buf_init+0x0/0x60 @ 1
[    0.380032]  (6)[1:swapper/0]initcall dma_buf_init+0x0/0x60 returned 0 after 0 usecs
[    0.380040]  (6)[1:swapper/0]calling  init_scsi+0x0/0x98 @ 1
[    0.380159]  (6)[1:swapper/0]SCSI subsystem initialized
[    0.380167]  (6)[1:swapper/0]initcall init_scsi+0x0/0x98 returned 0 after 0 usecs
[    0.380175]  (6)[1:swapper/0]calling  phy_init+0x0/0x6c @ 1
[    0.380218]  (6)[1:swapper/0]initcall phy_init+0x0/0x6c returned 0 after 0 usecs
[    0.380226]  (6)[1:swapper/0]calling  usb_init+0x0/0x120 @ 1
[    0.380275]  (6)[1:swapper/0]usbcore: registered new interface driver usbfs
[    0.380296]  (6)[1:swapper/0]usbcore: registered new interface driver hub
[    0.380383]  (6)[1:swapper/0]usbcore: registered new device driver usb
[    0.380392]  (6)[1:swapper/0]initcall usb_init+0x0/0x120 returned 0 after 0 usecs
[    0.380401]  (6)[1:swapper/0]calling  dual_role_class_init+0x0/0x88 @ 1
[    0.380414]  (6)[1:swapper/0]initcall dual_role_class_init+0x0/0x88 returned 0 after 0 usecs
[    0.380422]  (6)[1:swapper/0]calling  usb_phy_generic_init+0x0/0x20 @ 1
[    0.380780]  (6)[1:swapper/0]initcall usb_phy_generic_init+0x0/0x20 returned 0 after 0 usecs
[    0.380789]  (6)[1:swapper/0]calling  usb_udc_init+0x0/0x68 @ 1
[    0.380802]  (6)[1:swapper/0]initcall usb_udc_init+0x0/0x68 returned 0 after 0 usecs
[    0.380811]  (6)[1:swapper/0]calling  typec_init+0x0/0x40 @ 1
[    0.380824]  (6)[1:swapper/0]initcall typec_init+0x0/0x40 returned 0 after 0 usecs
[    0.380832]  (6)[1:swapper/0]calling  serio_init+0x0/0x44 @ 1
[    0.380850]  (6)[1:swapper/0]initcall serio_init+0x0/0x44 returned 0 after 0 usecs
[    0.380858]  (6)[1:swapper/0]calling  input_init+0x0/0x128 @ 1
[    0.380877]  (6)[1:swapper/0]initcall input_init+0x0/0x128 returned 0 after 0 usecs
[    0.380886]  (6)[1:swapper/0]calling  oplus_fp_common_init+0x0/0x38 @ 1
[    0.380892]  (6)[1:swapper/0]oplus_fp_common_init enter
[    0.381055]  (6)[1:swapper/0]oplus_fp_common_probe enter
[    0.381063]  (6)[1:swapper/0]oplus_fp_common oplus_fp_common: fp_id_amount: 1
[    0.381074]  (6)[1:swapper/0]oplus_fp_common oplus_fp_common: get_manufacture_id_value in
[    0.381140]  (6)[1:swapper/0]oplus_fp_common oplus_fp_common: fp_id_value_up1
[    0.381155]  (6)[1:swapper/0]oplus_fp_common oplus_fp_common: fp_id_value_down0
[    0.381162]  (6)[1:swapper/0]oplus_fp_common oplus_fp_common: fp_id: 1 ->goodix
[    0.381171]  (6)[1:swapper/0]oplus_fp_common oplus_fp_common: get_manufacture_id_value success fp_id: 1
[    0.381182]  (6)[1:swapper/0]oplus_fp_common oplus_fp_common: fpsensor_type: 16, chip_name: G_3626, eng_menu: -1,-1
[    0.381255]  (6)[1:swapper/0]set_fp_driver_event_type, 1
[    0.381259]  (6)[1:swapper/0]oplus_fp_common_probe exit
[    0.381517]  (6)[1:swapper/0]initcall oplus_fp_common_init+0x0/0x38 returned 0 after 0 usecs
[    0.381530]  (6)[1:swapper/0]calling  rtc_init+0x0/0x68 @ 1
[    0.381546]  (6)[1:swapper/0]initcall rtc_init+0x0/0x68 returned 0 after 0 usecs
[    0.381555]  (6)[1:swapper/0]calling  media_devnode_init+0x0/0x90 @ 1
[    0.381561]  (6)[1:swapper/0]media: Linux media interface: v0.10
[    0.381580]  (6)[1:swapper/0]initcall media_devnode_init+0x0/0x90 returned 0 after 0 usecs
[    0.381589]  (6)[1:swapper/0]calling  videodev_init+0x0/0x98 @ 1
[    0.381594]  (6)[1:swapper/0]Linux video capture interface: v2.00
[    0.381608]  (6)[1:swapper/0]initcall videodev_init+0x0/0x98 returned 0 after 0 usecs
[    0.381617]  (6)[1:swapper/0]calling  rc_core_init+0x0/0x70 @ 1
[    0.381630]  (6)[1:swapper/0]initcall rc_core_init+0x0/0x70 returned 0 after 0 usecs
[    0.381638]  (6)[1:swapper/0]calling  power_supply_class_init+0x0/0x5c @ 1
[    0.381651]  (6)[1:swapper/0]initcall power_supply_class_init+0x0/0x5c returned 0 after 0 usecs
[    0.381660]  (6)[1:swapper/0]calling  gauge_class_init+0x0/0x7c @ 1
[    0.381672]  (6)[1:swapper/0]initcall gauge_class_init+0x0/0x7c returned 0 after 0 usecs
[    0.381679]  (6)[1:swapper/0]calling  charger_class_init+0x0/0x7c @ 1
[    0.381692]  (6)[1:swapper/0]initcall charger_class_init+0x0/0x7c returned 0 after 0 usecs
[    0.381700]  (6)[1:swapper/0]calling  mt_charger_det_init+0x0/0x20 @ 1
[    0.382005]  (6)[1:swapper/0]mt_charger_probe
[    0.382087]  (6)[1:swapper/0]mt_charger_probe KPOC(0)
[    0.382219]  (0)[107:chgdet_thread]chgdet_task_threadfn: ++
[    0.382504]  (6)[1:swapper/0]mt_charger_probe done
[    0.382542]  (6)[1:swapper/0]initcall mt_charger_det_init+0x0/0x20 returned 0 after 3906 usecs
[    0.382551]  (6)[1:swapper/0]calling  adapter_class_init+0x0/0x7c @ 1
[    0.382564]  (6)[1:swapper/0]initcall adapter_class_init+0x0/0x7c returned 0 after 0 usecs
[    0.382572]  (6)[1:swapper/0]calling  oplus_short_ic_subsys_init+0x0/0x70 @ 1
[    0.382578]  (6)[1:swapper/0][OPLUS_CHG][oplus_short_ic_subsys_init] init start
[    0.382592]  (6)[1:swapper/0][OPLUS_CHG][oplus_short_ic_subsys_init] Success to register oplus_short_ic i2c driver.
[    0.382601]  (6)[1:swapper/0]initcall oplus_short_ic_subsys_init+0x0/0x70 returned 0 after 0 usecs
[    0.382609]  (6)[1:swapper/0]calling  n76e_subsys_init+0x0/0x78 @ 1
[    0.382615]  (6)[1:swapper/0][OPLUS_CHG][n76e_subsys_init] init start
[    0.382628]  (6)[1:swapper/0][OPLUS_CHG][n76e_subsys_init] Success to register n76e i2c driver.
[    0.382636]  (6)[1:swapper/0]initcall n76e_subsys_init+0x0/0x78 returned 0 after 0 usecs
[    0.382645]  (6)[1:swapper/0]calling  stm8s_subsys_init+0x0/0x78 @ 1
[    0.382650]  (6)[1:swapper/0][OPLUS_CHG][stm8s_subsys_init] init start
[    0.382663]  (6)[1:swapper/0][OPLUS_CHG][stm8s_subsys_init] Success to register stm8s i2c driver.
[    0.382671]  (6)[1:swapper/0]initcall stm8s_subsys_init+0x0/0x78 returned 0 after 0 usecs
[    0.382680]  (6)[1:swapper/0]calling  rk826_subsys_init+0x0/0x74 @ 1
[    0.382685]  (6)[1:swapper/0][OPLUS_CHG][rk826_subsys_init] init start
[    0.382697]  (6)[1:swapper/0][OPLUS_CHG][rk826_subsys_init] Success to register rk826 i2c driver.
[    0.382705]  (6)[1:swapper/0]initcall rk826_subsys_init+0x0/0x74 returned 0 after 0 usecs
[    0.382713]  (6)[1:swapper/0]calling  op10_subsys_init+0x0/0x78 @ 1
[    0.382719]  (6)[1:swapper/0][OPLUS_CHG][op10_subsys_init] init start
[    0.382731]  (6)[1:swapper/0][OPLUS_CHG][op10_subsys_init] Success to register op10 i2c driver.
[    0.382739]  (6)[1:swapper/0]initcall op10_subsys_init+0x0/0x78 returned 0 after 0 usecs
[    0.382747]  (6)[1:swapper/0]calling  rt5125_subsys_init+0x0/0x78 @ 1
[    0.382753]  (6)[1:swapper/0][OPLUS_CHG][rt5125_subsys_init] init start
[    0.382792]  (6)[1:swapper/0][OPLUS_CHG][rt5125_subsys_init] Success to register rt5125 i2c driver.
[    0.382800]  (6)[1:swapper/0]initcall rt5125_subsys_init+0x0/0x78 returned 0 after 0 usecs
[    0.382808]  (6)[1:swapper/0]calling  adapter_ic_init+0x0/0x17c @ 1
[    0.382837]  (6)[1:swapper/0][OPLUS_CHG][register_adapter_devinfo]register_adapter_devinfo fail
[    0.382842]  (6)[1:swapper/0][OPLUS_CHG][adapter_ic_init] success
[    0.382850]  (6)[1:swapper/0]initcall adapter_ic_init+0x0/0x17c returned 0 after 0 usecs
[    0.382858]  (6)[1:swapper/0]calling  sc8547_subsys_init+0x0/0x70 @ 1
[    0.382864]  (6)[1:swapper/0][OPLUS_CHG][sc8547_subsys_init] init start
[    0.382876]  (6)[1:swapper/0][OPLUS_CHG][sc8547_subsys_init] Success to register sc8547 i2c driver.
[    0.382884]  (6)[1:swapper/0]initcall sc8547_subsys_init+0x0/0x70 returned 0 after 0 usecs
[    0.382892]  (6)[1:swapper/0]calling  sc8547_slave_subsys_init+0x0/0x70 @ 1
[    0.382898]  (6)[1:swapper/0][OPLUS_CHG][sc8547_slave_subsys_init] init start
[    0.382910]  (6)[1:swapper/0][OPLUS_CHG][sc8547_slave_subsys_init] Success to register sc8547 i2c driver.
[    0.382918]  (6)[1:swapper/0]initcall sc8547_slave_subsys_init+0x0/0x70 returned 0 after 0 usecs
[    0.382927]  (6)[1:swapper/0]calling  sc8517_subsys_init+0x0/0x70 @ 1
[    0.382932]  (6)[1:swapper/0][OPLUS_CHG][sc8517_subsys_init] init start
[    0.382944]  (6)[1:swapper/0][OPLUS_CHG][sc8517_subsys_init] Success to register sc8517 i2c driver.
[    0.382952]  (6)[1:swapper/0]initcall sc8517_subsys_init+0x0/0x70 returned 0 after 0 usecs
[    0.382960]  (6)[1:swapper/0]calling  sy6529_subsys_init+0x0/0x70 @ 1
[    0.382965]  (6)[1:swapper/0][OPLUS_CHG][sy6529_subsys_init] init start
[    0.382977]  (6)[1:swapper/0][OPLUS_CHG][sy6529_subsys_init] Success to register sy6529 i2c driver.
[    0.382985]  (6)[1:swapper/0]initcall sy6529_subsys_init+0x0/0x70 returned 0 after 0 usecs
[    0.382994]  (6)[1:swapper/0]calling  mmc_init+0x0/0x48 @ 1
[    0.383043]  (6)[1:swapper/0]initcall mmc_init+0x0/0x48 returned 0 after 0 usecs
[    0.383052]  (6)[1:swapper/0]calling  leds_init+0x0/0x5c @ 1
[    0.383065]  (6)[1:swapper/0]initcall leds_init+0x0/0x5c returned 0 after 0 usecs
[    0.383073]  (6)[1:swapper/0]calling  devfreq_init+0x0/0xc8 @ 1
[    0.383262]  (6)[1:swapper/0]initcall devfreq_init+0x0/0xc8 returned 0 after 0 usecs
[    0.383271]  (6)[1:swapper/0]calling  devfreq_simple_ondemand_init+0x0/0x1c @ 1
[    0.383279]  (6)[1:swapper/0]initcall devfreq_simple_ondemand_init+0x0/0x1c returned 0 after 0 usecs
[    0.383287]  (6)[1:swapper/0]calling  iio_init+0x0/0x84 @ 1
[    0.383308]  (6)[1:swapper/0]initcall iio_init+0x0/0x84 returned 0 after 0 usecs
[    0.383315]  (6)[1:swapper/0]calling  mt6577_auxadc_init+0x0/0x20 @ 1
[    0.383475]  (6)[1:swapper/0]find node mediatek,cali-en-bit:20
[    0.383481]  (6)[1:swapper/0]find node mediatek,cali-ge-bit:10
[    0.383487]  (6)[1:swapper/0]find node mediatek,cali-oe-bit:0
[    0.383493]  (6)[1:swapper/0]find node mediatek,cali-efuse-index:113
[    0.385257]  (6)[1:swapper/0]initcall mt6577_auxadc_init+0x0/0x20 returned 0 after 0 usecs
[    0.385269]  (6)[1:swapper/0]calling  arm_pmu_hp_init+0x0/0x60 @ 1
[    0.385277]  (6)[1:swapper/0]initcall arm_pmu_hp_init+0x0/0x60 returned 0 after 0 usecs
[    0.385285]  (6)[1:swapper/0]calling  nvmem_init+0x0/0x20 @ 1
[    0.385303]  (6)[1:swapper/0]initcall nvmem_init+0x0/0x20 returned 0 after 0 usecs
[    0.385310]  (6)[1:swapper/0]calling  tee_init+0x0/0xa8 @ 1
[    0.385323]  (6)[1:swapper/0]initcall tee_init+0x0/0xa8 returned 0 after 0 usecs
[    0.385331]  (6)[1:swapper/0]calling  init_soundcore+0x0/0x5c @ 1
[    0.385343]  (6)[1:swapper/0]initcall init_soundcore+0x0/0x5c returned 0 after 0 usecs
[    0.385351]  (6)[1:swapper/0]calling  alsa_sound_init+0x0/0xb4 @ 1
[    0.385367]  (6)[1:swapper/0]Advanced Linux Sound Architecture Driver Initialized.
[    0.385375]  (6)[1:swapper/0]initcall alsa_sound_init+0x0/0xb4 returned 0 after 0 usecs
[    0.385383]  (6)[1:swapper/0]calling  alsa_seq_device_init+0x0/0x90 @ 1
[    0.385401]  (6)[1:swapper/0]initcall alsa_seq_device_init+0x0/0x90 returned 0 after 0 usecs
[    0.385410]  (6)[1:swapper/0]calling  proto_init+0x0/0x1c @ 1
[    0.385420]  (6)[1:swapper/0]initcall proto_init+0x0/0x1c returned 0 after 0 usecs
[    0.385429]  (6)[1:swapper/0]calling  net_dev_init+0x0/0x200 @ 1
[    0.385585]  (6)[1:swapper/0]initcall net_dev_init+0x0/0x200 returned 0 after 0 usecs
[    0.385594]  (6)[1:swapper/0]calling  neigh_init+0x0/0xa0 @ 1
[    0.385602]  (6)[1:swapper/0]initcall neigh_init+0x0/0xa0 returned 0 after 0 usecs
[    0.385611]  (6)[1:swapper/0]calling  fib_notifier_init+0x0/0x1c @ 1
[    0.385619]  (6)[1:swapper/0]initcall fib_notifier_init+0x0/0x1c returned 0 after 0 usecs
[    0.385627]  (6)[1:swapper/0]calling  fib_rules_init+0x0/0xd0 @ 1
[    0.385637]  (6)[1:swapper/0]initcall fib_rules_init+0x0/0xd0 returned 0 after 0 usecs
[    0.385646]  (6)[1:swapper/0]calling  pktsched_init+0x0/0x134 @ 1
[    0.385659]  (6)[1:swapper/0]initcall pktsched_init+0x0/0x134 returned 0 after 0 usecs
[    0.385667]  (6)[1:swapper/0]calling  tc_filter_init+0x0/0xa4 @ 1
[    0.385733]  (6)[1:swapper/0]initcall tc_filter_init+0x0/0xa4 returned 0 after 0 usecs
[    0.385742]  (6)[1:swapper/0]calling  tc_action_init+0x0/0x70 @ 1
[    0.385749]  (6)[1:swapper/0]initcall tc_action_init+0x0/0x70 returned 0 after 0 usecs
[    0.385758]  (6)[1:swapper/0]calling  genl_init+0x0/0x4c @ 1
[    0.385781]  (6)[1:swapper/0]initcall genl_init+0x0/0x4c returned 0 after 0 usecs
[    0.385789]  (6)[1:swapper/0]calling  ipv4_netfilter_init+0x0/0x1c @ 1
[    0.385797]  (6)[1:swapper/0]initcall ipv4_netfilter_init+0x0/0x1c returned 0 after 0 usecs
[    0.385806]  (6)[1:swapper/0]calling  cfg80211_init+0x0/0xc4 @ 1
[    0.385922]  (6)[1:swapper/0]------------[ cut here ]------------
[    0.385932]  (6)[1:swapper/0]WARNING: CPU: 6 PID: 1 at ../net/wireless/reg.c:517 regulatory_init+0xa4/0x14c
[    0.385938]  (6)[1:swapper/0]db.txt is empty, you should update it...
[    0.385941]  (6)[1:swapper/0]Modules linked in:
[    0.385955] -(6)[1:swapper/0]CPU: 6 PID: 1 Comm: swapper/0 Tainted: G S      W       4.14.186+ #1
[    0.385960] -(6)[1:swapper/0]Hardware name: MT6833V/ZA (DT)
[    0.385966] -(6)[1:swapper/0]Call trace:
[    0.385976] -(6)[1:swapper/0] dump_backtrace+0x0/0x1c8
[    0.385984] -(6)[1:swapper/0] show_stack+0x14/0x20
[    0.385993] -(6)[1:swapper/0] dump_stack+0xa4/0xc8
[    0.386002] -(6)[1:swapper/0] __warn+0x100/0x118
[    0.386009] -(6)[1:swapper/0] warn_slowpath_fmt+0x48/0x50
[    0.386016] -(6)[1:swapper/0] regulatory_init+0xa4/0x14c
[    0.386023] -(6)[1:swapper/0] cfg80211_init+0x54/0xc4
[    0.386031] -(6)[1:swapper/0] do_one_initcall+0xe0/0x158
[    0.386040] -(6)[1:swapper/0] kernel_init_freeable+0x198/0x268
[    0.386048] -(6)[1:swapper/0] kernel_init+0x10/0x128
[    0.386056] -(6)[1:swapper/0] ret_from_fork+0x10/0x18
[    0.386062]  (6)[1:swapper/0]---[ end trace 457fedafa1fe3663 ]---
[    0.386235]  (6)[1:swapper/0]initcall cfg80211_init+0x0/0xc4 returned 0 after 0 usecs
[    0.386245]  (6)[1:swapper/0]calling  wireless_nlevent_init+0x0/0x58 @ 1
[    0.386255]  (6)[1:swapper/0]initcall wireless_nlevent_init+0x0/0x58 returned 0 after 0 usecs
[    0.386962]  (6)[1:swapper/0]calling  create_debug_debugfs_entry+0x0/0x8 @ 1
[    0.386970]  (6)[1:swapper/0]initcall create_debug_debugfs_entry+0x0/0x8 returned 0 after 0 usecs
[    0.386981]  (6)[1:swapper/0]calling  dma_debug_do_init+0x0/0x8 @ 1
[    0.386990]  (6)[1:swapper/0]initcall dma_debug_do_init+0x0/0x8 returned 0 after 0 usecs
[    0.387000]  (6)[1:swapper/0]calling  sugov_register+0x0/0x20 @ 1
[    0.387009]  (6)[1:swapper/0]initcall sugov_register+0x0/0x20 returned 0 after 0 usecs
[    0.387019]  (6)[1:swapper/0]calling  clocksource_done_booting+0x0/0x58 @ 1
[    0.387072]  (6)[1:swapper/0]clocksource: Switched to clocksource arch_sys_counter
[    0.387082]  (6)[1:swapper/0]initcall clocksource_done_booting+0x0/0x58 returned 0 after 21 usecs
[    0.387091]  (6)[1:swapper/0]calling  tracer_init_tracefs+0x0/0x1fc @ 1
[    0.403350]  (6)[1:swapper/0]initcall tracer_init_tracefs+0x0/0x1fc returned 0 after 15866 usecs
[    0.403363]  (6)[1:swapper/0]BOOTPROF:       403.361231:initcall: tracer_init_tracefs    16.269924ms
[    0.403373]  (6)[1:swapper/0]calling  init_trace_printk_function_export+0x0/0x40 @ 1
[    0.403384]  (6)[1:swapper/0]initcall init_trace_printk_function_export+0x0/0x40 returned 0 after 2 usecs
[    0.403393]  (6)[1:swapper/0]calling  event_trace_init+0x0/0x308 @ 1
[    0.418407]  (6)[1:swapper/0]initcall event_trace_init+0x0/0x308 returned 0 after 14646 usecs
[    0.418422]  (6)[1:swapper/0]BOOTPROF:       418.420616:initcall: event_trace_init    15.027000ms
[    0.418434]  (6)[1:swapper/0]calling  init_kprobe_trace+0x0/0xb4 @ 1
[    0.418455]  (6)[1:swapper/0]initcall init_kprobe_trace+0x0/0xb4 returned 0 after 12 usecs
[    0.418464]  (6)[1:swapper/0]calling  init_uprobe_trace+0x0/0x6c @ 1
[    0.418477]  (6)[1:swapper/0]initcall init_uprobe_trace+0x0/0x6c returned 0 after 4 usecs
[    0.418486]  (6)[1:swapper/0]calling  bpf_init+0x0/0x64 @ 1
[    0.418502]  (6)[1:swapper/0]initcall bpf_init+0x0/0x64 returned 0 after 7 usecs
[    0.418511]  (6)[1:swapper/0]calling  init_pipe_fs+0x0/0x5c @ 1
[    0.418620]  (6)[1:swapper/0]initcall init_pipe_fs+0x0/0x5c returned 0 after 97 usecs
[    0.418629]  (6)[1:swapper/0]calling  cgroup_writeback_init+0x0/0x44 @ 1
[    0.418677]  (6)[1:swapper/0]initcall cgroup_writeback_init+0x0/0x44 returned 0 after 39 usecs
[    0.418686]  (6)[1:swapper/0]calling  inotify_user_setup+0x0/0x5c @ 1
[    0.418708]  (6)[1:swapper/0]initcall inotify_user_setup+0x0/0x5c returned 0 after 13 usecs
[    0.418717]  (6)[1:swapper/0]calling  eventpoll_init+0x0/0xd4 @ 1
[    0.418727]  (6)[1:swapper/0]initcall eventpoll_init+0x0/0xd4 returned 0 after 2 usecs
[    0.418736]  (6)[1:swapper/0]calling  anon_inode_init+0x0/0x6c @ 1
[    0.418754]  (6)[1:swapper/0]initcall anon_inode_init+0x0/0x6c returned 0 after 10 usecs
[    0.418763]  (6)[1:swapper/0]calling  proc_locks_init+0x0/0x34 @ 1
[    0.418775]  (6)[1:swapper/0]initcall proc_locks_init+0x0/0x34 returned 0 after 4 usecs
[    0.418784]  (6)[1:swapper/0]calling  dquot_init+0x0/0x160 @ 1
[    0.418790]  (6)[1:swapper/0]VFS: Disk quotas dquot_6.6.0
[    0.418821]  (6)[1:swapper/0]VFS: Dquot-cache hash table entries: 512 (order 0, 4096 bytes)
[    0.418829]  (6)[1:swapper/0]initcall dquot_init+0x0/0x160 returned 0 after 36 usecs
[    0.418838]  (6)[1:swapper/0]calling  quota_init+0x0/0x30 @ 1
[    0.418861]  (6)[1:swapper/0]initcall quota_init+0x0/0x30 returned 0 after 14 usecs
[    0.418869]  (6)[1:swapper/0]calling  proc_cmdline_init+0x0/0x30 @ 1
[    0.418880]  (6)[1:swapper/0]initcall proc_cmdline_init+0x0/0x30 returned 0 after 2 usecs
[    0.418889]  (6)[1:swapper/0]calling  proc_consoles_init+0x0/0x30 @ 1
[    0.418899]  (6)[1:swapper/0]initcall proc_consoles_init+0x0/0x30 returned 0 after 1 usecs
[    0.418907]  (6)[1:swapper/0]calling  proc_cpuinfo_init+0x0/0x30 @ 1
[    0.418916]  (6)[1:swapper/0]initcall proc_cpuinfo_init+0x0/0x30 returned 0 after 1 usecs
[    0.418925]  (6)[1:swapper/0]calling  proc_devices_init+0x0/0x30 @ 1
[    0.418935]  (6)[1:swapper/0]initcall proc_devices_init+0x0/0x30 returned 0 after 1 usecs
[    0.418943]  (6)[1:swapper/0]calling  proc_interrupts_init+0x0/0x30 @ 1
[    0.418953]  (6)[1:swapper/0]initcall proc_interrupts_init+0x0/0x30 returned 0 after 1 usecs
[    0.418962]  (6)[1:swapper/0]calling  proc_loadavg_init+0x0/0x30 @ 1
[    0.418971]  (6)[1:swapper/0]initcall proc_loadavg_init+0x0/0x30 returned 0 after 1 usecs
[    0.418980]  (6)[1:swapper/0]calling  proc_meminfo_init+0x0/0x30 @ 1
[    0.418989]  (6)[1:swapper/0]initcall proc_meminfo_init+0x0/0x30 returned 0 after 1 usecs
[    0.418998]  (6)[1:swapper/0]calling  proc_stat_init+0x0/0x30 @ 1
[    0.419008]  (6)[1:swapper/0]initcall proc_stat_init+0x0/0x30 returned 0 after 1 usecs
[    0.419016]  (6)[1:swapper/0]calling  proc_uptime_init+0x0/0x30 @ 1
[    0.419026]  (6)[1:swapper/0]initcall proc_uptime_init+0x0/0x30 returned 0 after 1 usecs
[    0.419035]  (6)[1:swapper/0]calling  proc_version_init+0x0/0x30 @ 1
[    0.419044]  (6)[1:swapper/0]initcall proc_version_init+0x0/0x30 returned 0 after 1 usecs
[    0.419052]  (6)[1:swapper/0]calling  proc_softirqs_init+0x0/0x30 @ 1
[    0.419095]  (6)[1:swapper/0]initcall proc_softirqs_init+0x0/0x30 returned 0 after 2 usecs
[    0.419103]  (6)[1:swapper/0]calling  proc_kmsg_init+0x0/0x30 @ 1
[    0.419112]  (6)[1:swapper/0]initcall proc_kmsg_init+0x0/0x30 returned 0 after 1 usecs
[    0.419121]  (6)[1:swapper/0]calling  proc_page_init+0x0/0x6c @ 1
[    0.419135]  (6)[1:swapper/0]initcall proc_page_init+0x0/0x6c returned 0 after 5 usecs
[    0.419145]  (6)[1:swapper/0]calling  proc_task_cpustat_init+0x0/0x6c @ 1
[    0.419157]  (6)[1:swapper/0]initcall proc_task_cpustat_init+0x0/0x6c returned 0 after 3 usecs
[    0.419165]  (6)[1:swapper/0]calling  init_ramfs_fs+0x0/0x38 @ 1
[    0.419173]  (6)[1:swapper/0]initcall init_ramfs_fs+0x0/0x38 returned 0 after 0 usecs
[    0.419183]  (6)[1:swapper/0]calling  blk_scsi_ioctl_init+0x0/0xa8 @ 1
[    0.419192]  (6)[1:swapper/0]initcall blk_scsi_ioctl_init+0x0/0xa8 returned 0 after 0 usecs
[    0.419202]  (6)[1:swapper/0]calling  dynamic_debug_init_control+0x0/0x64 @ 1
[    0.419214]  (6)[1:swapper/0]initcall dynamic_debug_init_control+0x0/0x64 returned 0 after 2 usecs
[    0.419223]  (6)[1:swapper/0]calling  chr_dev_init+0x0/0xc4 @ 1
[    0.419408]  (6)[1:swapper/0]initcall chr_dev_init+0x0/0xc4 returned 0 after 172 usecs
[    0.419419]  (6)[1:swapper/0]calling  firmware_class_init+0x0/0xc8 @ 1
[    0.419436]  (6)[1:swapper/0]initcall firmware_class_init+0x0/0xc8 returned 0 after 8 usecs
[    0.419445]  (6)[1:swapper/0]calling  kernel_fw_update_init+0x0/0xd8 @ 1
[    0.419451]  (6)[1:swapper/0][FW_UPDATE]kernelFwUpdate: kernel_fw_update_init enter
[    0.419489]  (6)[1:swapper/0]initcall kernel_fw_update_init+0x0/0xd8 returned 0 after 33 usecs
[    0.419500]  (6)[1:swapper/0]calling  cpuhvfs_pre_module_init+0x0/0x1c8 @ 1
[    0.419675]  (6)[1:swapper/0][Power/cpufreq] @@~cpuhvfs_pre_module_init DVFS state = 1
[    0.419680]  (6)[1:swapper/0][Power/cpufreq] @@!start dvfsp_module_init
[    0.420216]  (6)[1:swapper/0][Power/cpufreq] @@!end dvfsp_module_init
[    0.420262]  (6)[1:swapper/0][Power/cpufreq] 0, Settle time(1250, 500) efuse_val = 0x1
[    0.420288]  (6)[1:swapper/0][Power/cpufreq] DVFS - @(Record)cpuhvfs_pvt_tbl_create----->(        (ptrval))
[    0.420301]  (6)[1:swapper/0][Power/cpufreq] DVFS - @(Record)cpuhvfs_pvt_tbl_create----->(        (ptrval))
[    0.420354]  (6)[1:swapper/0]initcall cpuhvfs_pre_module_init+0x0/0x1c8 returned 0 after 822 usecs
[    0.420363]  (6)[1:swapper/0]calling  pmic_mt_init+0x0/0x64 @ 1
[    0.420701]  (6)[1:swapper/0]****[pmic_mt_init] Initialization : DONE !!
[    0.420709]  (6)[1:swapper/0]initcall pmic_mt_init+0x0/0x64 returned 0 after 330 usecs
[    0.420717]  (6)[1:swapper/0]calling  pmic_throttling_dlpt_rac_init+0x0/0x8 @ 1
[    0.420724]  (6)[1:swapper/0]initcall pmic_throttling_dlpt_rac_init+0x0/0x8 returned 0 after 0 usecs
[    0.420734]  (6)[1:swapper/0]calling  usb20_init+0x0/0xf0 @ 1
[    0.420740]  (6)[1:swapper/0][MUSB]usb20_init 1837: usb20 init
[    0.420968]  (6)[1:swapper/0][MUSB]mt_usb_probe 1751: keep musb->power & mtk_usb_power in the samae value
[    0.421070]  (6)[1:swapper/0][MUSB]mt_usb_probe 1792: USB probe done!
[    0.421266]  (6)[1:swapper/0][MUSB]usb20_init 1852: usb20 init ret:0
[    0.421275]  (6)[1:swapper/0]initcall usb20_init+0x0/0xf0 returned 0 after 519 usecs
[    0.421284]  (6)[1:swapper/0]calling  mt6358_init+0x0/0x34 @ 1
[    0.421290]  (6)[1:swapper/0]mt6358_init!!
[    0.421407]  (6)[1:swapper/0]mt6358-pmic 10026000.pwrap:mt6359-pmic: PMIC irq=156, PMIC HWCID=0x5930, ret=0
[    0.421888]  (6)[1:swapper/0]******** MT pmic driver probe!! ********
[    0.421904]  (6)[1:swapper/0][record_md_vosel] vrfdig=0x30
[    0.427961]  (6)[1:swapper/0][PMIC_LP_INIT_SETTING] Chip Ver = 2
[    0.428263]  (6)[1:swapper/0][PMIC]regulators node not found
[    0.428269]  (6)[1:swapper/0]pmic_regulator_buck_dts_parser fail
[    0.428287]  (6)[1:swapper/0]Get car_tune_value from DT: 1000
[    0.428292]  (6)[1:swapper/0]Get r_fg_value from DT: 100
[    0.428298]  (6)[1:swapper/0]Get default UNIT_FGCURRENT= 610352
[    0.428304]  (6)[1:swapper/0][lbat_service_init]
[    0.428723]  (6)[1:swapper/0][lbat_service_init] r_ratio = 7/2
[    0.428730]  (6)[1:swapper/0][PMIC] no define LOW_BATTERY_PROTECT
[    0.428736]  (6)[1:swapper/0][PMIC] no define BATTERY_OC_PROTECT
[    0.428741]  (6)[1:swapper/0][PMIC] no define BATTERY_PERCENT_PROTECT
[    0.428746]  (6)[1:swapper/0][PMIC] no define DLPT_FEATURE_SUPPORT
[    0.428834]  (6)[1:swapper/0]POWER_UVLO_VOLT_LEVEL = 2600, RG_UVLO_VTHL = 0x2
[    0.428934]  (6)[1:swapper/0]dir mtk_pmic does not exist
[    0.430032]  (6)[1:swapper/0]initcall mt6358_init+0x0/0x34 returned 0 after 8531 usecs
[    0.430044]  (6)[1:swapper/0]calling  oplus_secure_common_init+0x0/0x20 @ 1
[    0.430337]  (6)[1:swapper/0]oplus_secure_common oplus_secure_common: the param oplus,cryptokey_unsupport_status is not found !
[    0.430346]  (6)[1:swapper/0]oplus_secure_common oplus_secure_common: sec_reg_num: 0 sec_en_anti_reg: 0 sec_override1_reg: 0 override1_en_value: 0
[    0.430408]  (6)[1:swapper/0]initcall oplus_secure_common_init+0x0/0x20 returned 0 after 345 usecs
[    0.430418]  (6)[1:swapper/0]calling  thermal_init+0x0/0xd8 @ 1
[    0.430544]  (6)[1:swapper/0]initcall thermal_init+0x0/0xd8 returned 0 after 113 usecs
[    0.430553]  (6)[1:swapper/0]calling  thermal_gov_backward_compatible_init+0x0/0x1c @ 1
[    0.430563]  (6)[1:swapper/0]initcall thermal_gov_backward_compatible_init+0x0/0x1c returned 0 after 1 usecs
[    0.430573]  (6)[1:swapper/0]calling  cpufreq_gov_performance_init+0x0/0x1c @ 1
[    0.430583]  (6)[1:swapper/0]initcall cpufreq_gov_performance_init+0x0/0x1c returned 0 after 1 usecs
[    0.430591]  (6)[1:swapper/0]calling  ion_init+0x0/0x90 @ 1
[    0.430596]  (6)[1:swapper/0][ION]ion_init()
[    0.430973]  (6)[1:swapper/0]arm-v7s io-pgtable: arm_v7s_alloc_pgtable, 1212, pgd=0xfffffffd3f550000, cf.ttbr=0xbf55006a,pgd_pa=0xbf550000
[    0.430981]  (6)[1:swapper/0]mtk_iommu_create_pgtable, 1809, create pgtable done
[    0.430988] -(6)[1:swapper/0]mtk_iommu_attach_pgtable, 1850, iommu:0 config pgtable base addr=0xbf550000, quiks=0xf
[    0.431013]  (6)[1:swapper/0]mtk_iommu_create_iova_space, 2346, dev:iommu allocated IOVA group0:        (ptrval), domain0:        (ptrval) owner:-1 start:0x40000000 end:0xffffffff ext=34
[    0.431128]  (6)[1:swapper/0][ION]ion_drv_probe, start
[    0.431638]  (6)[1:swapper/0]boostpool: 3 boost_pool.
[    0.431649]  (6)[1:swapper/0]boostpool: procfs entry /proc/camera allocated. data=        (ptrval)
[    0.431657]  (6)[1:swapper/0]boostpool: procfs entry /proc/boost_pool/camera_low allocated.
[    0.431664]  (6)[1:swapper/0]boostpool: procfs entry /proc/boost_pool/camera_stat allocated.
[    0.431964]  (6)[1:swapper/0][ION]ion_sec_heap_create enter:ion_sec_heap
[    0.431974]  (6)[1:swapper/0][ION]ion_sec_heap_create enter:ion_sec_heap_protected
[    0.431983]  (6)[1:swapper/0][ION]ion_sec_heap_create enter:ion_sec_heap_2d_fr
[    0.431991]  (6)[1:swapper/0][ION]ion_sec_heap_create enter:ion_sec_heap_wfd
[    0.432000]  (6)[1:swapper/0][ION]ion_sec_heap_create enter:ion_sec_heap_happ
[    0.432009]  (6)[1:swapper/0][ION]ion_sec_heap_create enter:ion_sec_heap_happ_mem
[    0.432018]  (6)[1:swapper/0][ION]ion_sec_heap_create enter:ion_sec_heap_sdsp
[    0.432027]  (6)[1:swapper/0][ION]ion_sec_heap_create enter:ion_sec_heap_sdsp_shared
[    0.432128]  (6)[1:swapper/0][ION]ion_carveout_heap_create: addr 0xbfff3000, size 49152, bit32: 0
[    0.432254]  (6)[1:swapper/0][ION]ion_drv_probe, done
[    0.432529]  (6)[1:swapper/0][ION]ion_init fd register notifer fail
[    0.432540]  (6)[1:swapper/0]initcall ion_init+0x0/0x90 returned 0 after 1893 usecs
[    0.432550]  (6)[1:swapper/0]calling  mt635x_auxadc_driver_init+0x0/0x24 @ 1
[    0.433566]  (6)[1:swapper/0]mt635x-auxadc mt635x-auxadc: mt635x_auxadc_probe done
[    0.433582]  (6)[1:swapper/0]AUXADC_VCDT get fail with list 1, dev_name:mt635x-auxadc
[    0.434631]  (7)[1:swapper/0]mt635x-auxadc mt635x-auxadc: name:VBIF, channel=11, adc_out=0x9ff, adc_result=2811
[    0.434641]  (7)[1:swapper/0]****[pmic_auxadc_chip_init] VBIF28 = 2811, MDRT_ADC = 0x0
[    0.434699]  (7)[1:swapper/0]initcall mt635x_auxadc_driver_init+0x0/0x24 returned 0 after 2086 usecs
[    0.434708]  (7)[1:swapper/0]calling  sysctl_core_init+0x0/0x40 @ 1
[    0.434748]  (7)[1:swapper/0]initcall sysctl_core_init+0x0/0x40 returned 0 after 30 usecs
[    0.434758]  (7)[1:swapper/0]calling  eth_offload_init+0x0/0x20 @ 1
[    0.434767]  (7)[1:swapper/0]initcall eth_offload_init+0x0/0x20 returned 0 after 0 usecs
[    0.434776]  (7)[1:swapper/0]calling  inet_init+0x0/0x260 @ 1
[    0.434824]  (7)[1:swapper/0]NET: Registered protocol family 2
[    0.435281]  (6)[1:swapper/0]TCP established hash table entries: 65536 (order: 7, 524288 bytes)
[    0.435844]  (6)[1:swapper/0]TCP bind hash table entries: 65536 (order: 8, 1048576 bytes)
[    0.436955]  (6)[1:swapper/0]TCP: Hash tables configured (established 65536 bind 65536)
[    0.437124]  (6)[1:swapper/0]UDP hash table entries: 4096 (order: 5, 131072 bytes)
[    0.437339]  (6)[1:swapper/0]UDP-Lite hash table entries: 4096 (order: 5, 131072 bytes)
[    0.437647]  (6)[1:swapper/0]initcall inet_init+0x0/0x260 returned 0 after 2790 usecs
[    0.437658]  (6)[1:swapper/0]calling  ipv4_offload_init+0x0/0x80 @ 1
[    0.437666]  (6)[1:swapper/0]initcall ipv4_offload_init+0x0/0x80 returned 0 after 0 usecs
[    0.437675]  (6)[1:swapper/0]calling  af_unix_init+0x0/0x68 @ 1
[    0.437685]  (6)[1:swapper/0]NET: Registered protocol family 1
[    0.437701]  (6)[1:swapper/0]initcall af_unix_init+0x0/0x68 returned 0 after 17 usecs
[    0.437710]  (6)[1:swapper/0]calling  ipv6_offload_init+0x0/0x84 @ 1
[    0.437719]  (6)[1:swapper/0]initcall ipv6_offload_init+0x0/0x84 returned 0 after 1 usecs
[    0.437731]  (6)[1:swapper/0]calling  clk_buf_init+0x0/0xd8 @ 1
[    0.438536]  (6)[1:swapper/0][Power/clkbuf] clk_buf_dump_dts_log: CLK_BUF?_STATUS=2 1 1 2 0 0 1
[    0.438546]  (6)[1:swapper/0][Power/clkbuf] clk_buf_dump_dts_log: CLK_BUF?_OUTPUT_IMPEDANCE=6 4 4 4 0 0 4
[    0.438553]  (6)[1:swapper/0][Power/clkbuf] clk_buf_dump_dts_log: CLK_BUF?_CONTROLS_DESENSE=0 4 0 4 0 0 0
[    0.438649]  (6)[1:swapper/0][Power/clkbuf] clk_buf_dump_clkbuf_log DCXO_CW00/08/09/10/12/13/15/19=0x4a4d 5c5a 51f0 8c14 8100 4c f0f 924c
[    0.438657]  (6)[1:swapper/0][Power/clkbuf] clk_buf_dump_clkbuf_log in3_en/rf_op/bb_op/rf_en/bb_en=0x1 1 1 0 0
[    0.438663]  (6)[1:swapper/0][Power/clkbuf] clk_buf_dump_clkbuf_log vrfck_hv_en=0x0
[    0.438690]  (6)[1:swapper/0][Power/clkbuf] pwrap_clk_buf_inf: pwrap_inf=1, rc_inf=0x10, dcxo_inf=0x0
[    0.438703]  (6)[1:swapper/0]initcall clk_buf_init+0x0/0xd8 returned 0 after 936 usecs
[    0.438714]  (6)[1:swapper/0]calling  srclken_init+0x0/0xc0 @ 1
[    0.438981]  (6)[1:swapper/0][Power/srclken] srclken_dump_cfg_log: rc cfg : 0x10
[    0.438981] centrol 1: 0x10401425
[    0.438981] centrol 2: 0x1010
[    0.438981] centrol 3: 0x400f
[    0.438981] centrol 4: 0x20800
[    0.438981] cmd cfg: 0x0
[    0.438981] subsys cfg: = 0x1041efb
[    0.438981] pmrc_rc: 0x1a6
[    0.438981] pmrc setclr: 0x1aa01a8
[    0.438981] fpm cfg: 0x8
[    0.438981] 
[    0.439029]  (6)[1:swapper/0]initcall srclken_init+0x0/0xc0 returned 0 after 295 usecs
[    0.439040]  (6)[1:swapper/0]calling  dvfsrc_opp_init+0x0/0x410 @ 1
[    0.439181]  (6)[1:swapper/0]dvfsrc_opp_init: vcore_arg = 00000000
[    0.439191]  (6)[1:swapper/0]is_rising_need: PTPOD: 0x28edf676
[    0.439196]  (6)[1:swapper/0]is_rising_need: PTPOD: 0x28edf676
[    0.439203]  (6)[1:swapper/0]dvfsrc_opp_init: CT=0, VMODE=0, RSV4=0
[    0.439209]  (6)[1:swapper/0]dvfsrc_opp_init: FINAL vcore_opp_uv: 725000, 650000, 600000, 550000
[    0.439231]  (6)[1:swapper/0]initcall dvfsrc_opp_init+0x0/0x410 returned 0 after 175 usecs
[    0.439244]  (6)[1:swapper/0]calling  populate_rootfs+0x0/0x138 @ 1
[    0.439353]  (6)[1:swapper/0]Trying to unpack rootfs image as initramfs...
[    0.491627]  (6)[1:swapper/0]Freeing initrd memory: 1376K
[    0.491652]  (6)[1:swapper/0]initcall populate_rootfs+0x0/0x138 returned 0 after 51165 usecs
[    0.491664]  (6)[1:swapper/0]BOOTPROF:       491.662693:initcall: populate_rootfs    52.420923ms
[    0.492354]  (6)[1:swapper/0]calling  register_kernel_offset_dumper+0x0/0x28 @ 1
[    0.492364]  (6)[1:swapper/0]initcall register_kernel_offset_dumper+0x0/0x28 returned 0 after 0 usecs
[    0.492374]  (6)[1:swapper/0]calling  cpuinfo_regs_init+0x0/0xc4 @ 1
[    0.492811]  (6)[1:swapper/0]initcall cpuinfo_regs_init+0x0/0xc4 returned 0 after 415 usecs
[    0.492822]  (6)[1:swapper/0]calling  register_cpu_hwcaps_dumper+0x0/0x2c @ 1
[    0.492831]  (6)[1:swapper/0]initcall register_cpu_hwcaps_dumper+0x0/0x2c returned 0 after 0 usecs
[    0.492841]  (6)[1:swapper/0]calling  armv8_pmu_driver_init+0x0/0x20 @ 1
[    0.493226]  (6)[1:swapper/0]hw perfevents: enabled with armv8_pmuv3 PMU driver, 7 counters available
[    0.494151]  (6)[1:swapper/0]initcall armv8_pmu_driver_init+0x0/0x20 returned 0 after 1266 usecs
[    0.494161]  (6)[1:swapper/0]calling  arch_init_uprobes+0x0/0x34 @ 1
[    0.494171]  (6)[1:swapper/0]initcall arch_init_uprobes+0x0/0x34 returned 0 after 0 usecs
[    0.494180]  (6)[1:swapper/0]calling  boot_state_init+0x0/0xd0 @ 1
[    0.494206]  (6)[1:swapper/0]initcall boot_state_init+0x0/0xd0 returned 0 after 15 usecs
[    0.494216]  (6)[1:swapper/0]calling  register_mem_limit_dumper+0x0/0x2c @ 1
[    0.494226]  (6)[1:swapper/0]initcall register_mem_limit_dumper+0x0/0x2c returned 0 after 0 usecs
[    0.494237]  (6)[1:swapper/0]calling  arm_init+0x0/0x28 @ 1
[    0.494261]  (6)[1:swapper/0]kvm [1]: 16-bit VMID
[    0.494276]  (6)[1:swapper/0]kvm [1]: GICv3: no GICV resource entry
[    0.494283]  (6)[1:swapper/0]kvm [1]: disabling GICv2 emulation
[    0.494288]  (6)[1:swapper/0]kvm [1]: GIC system register CPU interface enabled
[    0.494517]  (6)[1:swapper/0]kvm [1]: vgic interrupt IRQ1
[    0.494743]  (6)[1:swapper/0]kvm [1]: VHE mode initialized successfully
[    0.494862]  (6)[1:swapper/0]initcall arm_init+0x0/0x28 returned 0 after 600 usecs
[    0.494872]  (6)[1:swapper/0]calling  cpu_feature_match_SHA2_init+0x0/0x34 @ 1
[    0.495154]  (6)[1:swapper/0]initcall cpu_feature_match_SHA2_init+0x0/0x34 returned 0 after 265 usecs
[    0.495162]  (6)[1:swapper/0]calling  cpu_feature_match_AES_init+0x0/0x30 @ 1
[    0.495278]  (6)[1:swapper/0]initcall cpu_feature_match_AES_init+0x0/0x30 returned 0 after 105 usecs
[    0.495285]  (6)[1:swapper/0]calling  cpu_feature_match_AES_init+0x0/0xd0 @ 1
[    0.496506]  (6)[1:swapper/0]initcall cpu_feature_match_AES_init+0x0/0xd0 returned 0 after 1183 usecs
[    0.496514]  (6)[1:swapper/0]calling  sha256_mod_init+0x0/0x70 @ 1
[    0.496900]  (6)[1:swapper/0]initcall sha256_mod_init+0x0/0x70 returned 0 after 369 usecs
[    0.496908]  (6)[1:swapper/0]calling  aes_init+0x0/0x1c @ 1
[    0.497007]  (6)[1:swapper/0]initcall aes_init+0x0/0x1c returned 0 after 89 usecs
[    0.497015]  (6)[1:swapper/0]calling  proc_execdomains_init+0x0/0x30 @ 1
[    0.497026]  (6)[1:swapper/0]initcall proc_execdomains_init+0x0/0x30 returned 0 after 3 usecs
[    0.497034]  (6)[1:swapper/0]calling  cpuhp_sysfs_init+0x0/0xa4 @ 1
[    0.497075]  (6)[1:swapper/0]initcall cpuhp_sysfs_init+0x0/0xa4 returned 0 after 33 usecs
[    0.497083]  (6)[1:swapper/0]calling  ioresources_init+0x0/0x54 @ 1
[    0.497095]  (6)[1:swapper/0]initcall ioresources_init+0x0/0x54 returned 0 after 3 usecs
[    0.497104]  (6)[1:swapper/0]calling  create_panic_flush_control+0x0/0x13c @ 1
[    0.497111]  (6)[1:swapper/0]create_panic_flush_control
[    0.497190]  (6)[1:swapper/0]initcall create_panic_flush_control+0x0/0x13c returned 0 after 76 usecs
[    0.497201]  (6)[1:swapper/0]calling  init_sched_debug_procfs+0x0/0x3c @ 1
[    0.497212]  (6)[1:swapper/0]initcall init_sched_debug_procfs+0x0/0x3c returned 0 after 2 usecs
[    0.497220]  (6)[1:swapper/0]calling  psi_proc_init+0x0/0x7c @ 1
[    0.497235]  (6)[1:swapper/0]initcall psi_proc_init+0x0/0x7c returned 0 after 6 usecs
[    0.497244]  (6)[1:swapper/0]calling  irq_pm_init_ops+0x0/0x20 @ 1
[    0.497254]  (6)[1:swapper/0]initcall irq_pm_init_ops+0x0/0x20 returned 0 after 0 usecs
[    0.497263]  (6)[1:swapper/0]calling  netlink_kevent_init+0x0/0x64 @ 1
[    0.497282]  (6)[1:swapper/0]initcall netlink_kevent_init+0x0/0x64 returned 0 after 10 usecs
[    0.497292]  (6)[1:swapper/0]calling  timekeeping_init_ops+0x0/0x20 @ 1
[    0.497301]  (6)[1:swapper/0]initcall timekeeping_init_ops+0x0/0x20 returned 0 after 0 usecs
[    0.497311]  (6)[1:swapper/0]calling  init_clocksource_sysfs+0x0/0x6c @ 1
[    0.497373]  (6)[1:swapper/0]initcall init_clocksource_sysfs+0x0/0x6c returned 0 after 51 usecs
[    0.497383]  (6)[1:swapper/0]calling  init_timer_list_procfs+0x0/0x38 @ 1
[    0.497393]  (6)[1:swapper/0]initcall init_timer_list_procfs+0x0/0x38 returned 0 after 2 usecs
[    0.497403]  (6)[1:swapper/0]calling  alarmtimer_init+0x0/0x104 @ 1
[    0.497626]  (6)[1:swapper/0]initcall alarmtimer_init+0x0/0x104 returned 0 after 207 usecs
[    0.497636]  (6)[1:swapper/0]calling  init_posix_timers+0x0/0x38 @ 1
[    0.497659]  (6)[1:swapper/0]initcall init_posix_timers+0x0/0x38 returned 0 after 13 usecs
[    0.497668]  (6)[1:swapper/0]calling  clockevents_init_sysfs+0x0/0xec @ 1
[    0.497836]  (6)[1:swapper/0]initcall clockevents_init_sysfs+0x0/0xec returned 0 after 154 usecs
[    0.497845]  (6)[1:swapper/0]calling  sched_clock_syscore_init+0x0/0x24 @ 1
[    0.497855]  (6)[1:swapper/0]initcall sched_clock_syscore_init+0x0/0x24 returned 0 after 0 usecs
[    0.497862]  (6)[1:swapper/0]calling  proc_modules_init+0x0/0x34 @ 1
[    0.497872]  (6)[1:swapper/0]initcall proc_modules_init+0x0/0x34 returned 0 after 2 usecs
[    0.497880]  (6)[1:swapper/0]calling  kallsyms_init+0x0/0x30 @ 1
[    0.497888]  (6)[1:swapper/0]initcall kallsyms_init+0x0/0x30 returned 0 after 1 usecs
[    0.497896]  (6)[1:swapper/0]calling  pid_namespaces_init+0x0/0x38 @ 1
[    0.497909]  (6)[1:swapper/0]initcall pid_namespaces_init+0x0/0x38 returned 0 after 6 usecs
[    0.497916]  (6)[1:swapper/0]calling  ikconfig_init+0x0/0x44 @ 1
[    0.497925]  (6)[1:swapper/0]initcall ikconfig_init+0x0/0x44 returned 0 after 2 usecs
[    0.497933]  (6)[1:swapper/0]calling  audit_init+0x0/0x158 @ 1
[    0.497942]  (6)[1:swapper/0]audit: initializing netlink subsys (disabled)
[    0.498038]  (6)[1:swapper/0]initcall audit_init+0x0/0x158 returned 0 after 94 usecs
[    0.498042]  (0)[148:kauditd]audit: type=2000 audit(0.492:1): state=initialized audit_enabled=0 res=1
[    0.498054]  (6)[1:swapper/0]calling  audit_watch_init+0x0/0x40 @ 1
[    0.498062]  (6)[1:swapper/0]initcall audit_watch_init+0x0/0x40 returned 0 after 0 usecs
[    0.498069]  (6)[1:swapper/0]calling  audit_fsnotify_init+0x0/0x40 @ 1
[    0.498077]  (6)[1:swapper/0]initcall audit_fsnotify_init+0x0/0x40 returned 0 after 0 usecs
[    0.498085]  (6)[1:swapper/0]calling  audit_tree_init+0x0/0x68 @ 1
[    0.498092]  (6)[1:swapper/0]initcall audit_tree_init+0x0/0x68 returned 0 after 0 usecs
[    0.498100]  (6)[1:swapper/0]calling  init_kprobes+0x0/0x1b8 @ 1
[    0.498160]  (6)[1:swapper/0]initcall init_kprobes+0x0/0x1b8 returned 0 after 51 usecs
[    0.498168]  (6)[1:swapper/0]calling  seccomp_sysctl_init+0x0/0x38 @ 1
[    0.498186]  (6)[1:swapper/0]initcall seccomp_sysctl_init+0x0/0x38 returned 0 after 10 usecs
[    0.498194]  (6)[1:swapper/0]calling  utsname_sysctl_init+0x0/0x20 @ 1
[    0.498211]  (6)[1:swapper/0]initcall utsname_sysctl_init+0x0/0x20 returned 0 after 9 usecs
[    0.498219]  (6)[1:swapper/0]calling  init_tracepoints+0x0/0x40 @ 1
[    0.498227]  (6)[1:swapper/0]initcall init_tracepoints+0x0/0x40 returned 0 after 0 usecs
[    0.498236]  (6)[1:swapper/0]calling  perf_event_sysfs_init+0x0/0xc0 @ 1
[    0.498365]  (6)[1:swapper/0]initcall perf_event_sysfs_init+0x0/0xc0 returned 0 after 118 usecs
[    0.498374]  (6)[1:swapper/0]calling  init_uprobes+0x0/0x80 @ 1
[    0.498385]  (6)[1:swapper/0]initcall init_uprobes+0x0/0x80 returned 0 after 3 usecs
[    0.498393]  (6)[1:swapper/0]calling  oplus_sched_assist_init+0x0/0xe0 @ 1
[    0.498407]  (6)[1:swapper/0]initcall oplus_sched_assist_init+0x0/0xe0 returned 0 after 5 usecs
[    0.498416]  (6)[1:swapper/0]calling  system_trusted_keyring_init+0x0/0x68 @ 1
[    0.498422]  (6)[1:swapper/0]Initialise system trusted keyrings
[    0.498442]  (6)[1:swapper/0]initcall system_trusted_keyring_init+0x0/0x68 returned 0 after 16 usecs
[    0.498450]  (6)[1:swapper/0]calling  kswapd_init+0x0/0x58 @ 1
[    0.498566]  (7)[1:swapper/0]initcall kswapd_init+0x0/0x58 returned 0 after 100 usecs
[    0.498578]  (7)[1:swapper/0]calling  mm_compute_batch_init+0x0/0x60 @ 1
[    0.498587]  (7)[1:swapper/0]initcall mm_compute_batch_init+0x0/0x60 returned 0 after 0 usecs
[    0.498597]  (7)[1:swapper/0]calling  slab_proc_init+0x0/0x34 @ 1
[    0.498609]  (7)[1:swapper/0]initcall slab_proc_init+0x0/0x34 returned 0 after 3 usecs
[    0.498619]  (7)[1:swapper/0]calling  workingset_init+0x0/0xa8 @ 1
[    0.498626]  (7)[1:swapper/0]workingset: timestamp_bits=45 max_order=21 bucket_order=0
[    0.498637]  (7)[1:swapper/0]initcall workingset_init+0x0/0xa8 returned 0 after 8 usecs
[    0.498646]  (7)[1:swapper/0]calling  proc_vmalloc_init+0x0/0x30 @ 1
[    0.498657]  (7)[1:swapper/0]initcall proc_vmalloc_init+0x0/0x30 returned 0 after 2 usecs
[    0.498665]  (7)[1:swapper/0]calling  procswaps_init+0x0/0x34 @ 1
[    0.498674]  (7)[1:swapper/0]initcall procswaps_init+0x0/0x34 returned 0 after 1 usecs
[    0.498682]  (7)[1:swapper/0]calling  memleak_detect_init+0x0/0x8 @ 1
[    0.498690]  (7)[1:swapper/0]initcall memleak_detect_init+0x0/0x8 returned 0 after 0 usecs
[    0.498698]  (7)[1:swapper/0]calling  slab_sysfs_init+0x0/0x124 @ 1
[    0.500452]  (7)[1:swapper/0]initcall slab_sysfs_init+0x0/0x124 returned 0 after 1704 usecs
[    0.500461]  (7)[1:swapper/0]calling  zs_init+0x0/0x88 @ 1
[    0.500562]  (7)[1:swapper/0]initcall zs_init+0x0/0x88 returned 0 after 91 usecs
[    0.500571]  (7)[1:swapper/0]calling  memory_monitor_init+0x0/0x4c @ 1
[    0.500581]  (7)[1:swapper/0]initcall memory_monitor_init+0x0/0x4c returned 0 after 2 usecs
[    0.500592]  (7)[1:swapper/0]calling  async_shrink_slabd_init+0x0/0xb0 @ 1
[    0.500686]  (7)[1:swapper/0]initcall async_shrink_slabd_init+0x0/0xb0 returned 0 after 83 usecs
[    0.500695]  (7)[1:swapper/0]calling  fcntl_init+0x0/0x38 @ 1
[    0.500709]  (7)[1:swapper/0]initcall fcntl_init+0x0/0x38 returned 0 after 6 usecs
[    0.500717]  (7)[1:swapper/0]calling  proc_filesystems_init+0x0/0x30 @ 1
[    0.500727]  (7)[1:swapper/0]initcall proc_filesystems_init+0x0/0x30 returned 0 after 2 usecs
[    0.500736]  (7)[1:swapper/0]calling  start_dirtytime_writeback+0x0/0x40 @ 1
[    0.500745]  (7)[1:swapper/0]initcall start_dirtytime_writeback+0x0/0x40 returned 0 after 1 usecs
[    0.500755]  (7)[1:swapper/0]calling  blkdev_init+0x0/0x38 @ 1
[    0.500768]  (7)[1:swapper/0]initcall blkdev_init+0x0/0x38 returned 0 after 6 usecs
[    0.500777]  (7)[1:swapper/0]calling  dio_init+0x0/0x38 @ 1
[    0.500818]  (7)[1:swapper/0]initcall dio_init+0x0/0x38 returned 0 after 32 usecs
[    0.500826]  (7)[1:swapper/0]calling  dnotify_init+0x0/0x88 @ 1
[    0.500843]  (7)[1:swapper/0]initcall dnotify_init+0x0/0x88 returned 0 after 7 usecs
[    0.500851]  (7)[1:swapper/0]calling  aio_setup+0x0/0xc4 @ 1
[    0.500882]  (7)[1:swapper/0]initcall aio_setup+0x0/0xc4 returned 0 after 23 usecs
[    0.500891]  (7)[1:swapper/0]calling  init_sys32_ioctl+0x0/0x34 @ 1
[    0.501047]  (7)[1:swapper/0]initcall init_sys32_ioctl+0x0/0x34 returned 0 after 143 usecs
[    0.501056]  (7)[1:swapper/0]calling  mbcache_init+0x0/0x44 @ 1
[    0.501092]  (7)[1:swapper/0]initcall mbcache_init+0x0/0x44 returned 0 after 27 usecs
[    0.501101]  (7)[1:swapper/0]calling  init_v2_quota_format+0x0/0x34 @ 1
[    0.501110]  (7)[1:swapper/0]initcall init_v2_quota_format+0x0/0x34 returned 0 after 0 usecs
[    0.501120]  (7)[1:swapper/0]calling  fg_uids_init+0x0/0x4c @ 1
[    0.501132]  (7)[1:swapper/0]initcall fg_uids_init+0x0/0x4c returned 0 after 3 usecs
[    0.501141]  (7)[1:swapper/0]calling  init_devpts_fs+0x0/0x3c @ 1
[    0.501162]  (7)[1:swapper/0]initcall init_devpts_fs+0x0/0x3c returned 0 after 12 usecs
[    0.501170]  (7)[1:swapper/0]calling  ext4_init_fs+0x0/0x198 @ 1
[    0.501255]  (7)[1:swapper/0]initcall ext4_init_fs+0x0/0x198 returned 0 after 75 usecs
[    0.501263]  (7)[1:swapper/0]calling  journal_init+0x0/0x110 @ 1
[    0.501376]  (7)[1:swapper/0]initcall journal_init+0x0/0x110 returned 0 after 104 usecs
[    0.501384]  (7)[1:swapper/0]calling  init_fat_fs+0x0/0x5c @ 1
[    0.501438]  (7)[1:swapper/0]initcall init_fat_fs+0x0/0x5c returned 0 after 45 usecs
[    0.501446]  (7)[1:swapper/0]calling  init_vfat_fs+0x0/0x1c @ 1
[    0.501454]  (7)[1:swapper/0]initcall init_vfat_fs+0x0/0x1c returned 0 after 1 usecs
[    0.501461]  (7)[1:swapper/0]calling  init_msdos_fs+0x0/0x1c @ 1
[    0.501469]  (7)[1:swapper/0]initcall init_msdos_fs+0x0/0x1c returned 0 after 0 usecs
[    0.501477]  (7)[1:swapper/0]calling  init_iso9660_fs+0x0/0x84 @ 1
[    0.501552]  (7)[1:swapper/0]initcall init_iso9660_fs+0x0/0x84 returned 0 after 66 usecs
[    0.501560]  (7)[1:swapper/0]calling  init_sdcardfs_fs+0x0/0x5c @ 1
[    0.501565]  (7)[1:swapper/0]Registering sdcardfs 0.1
[    0.501663]  (7)[1:swapper/0]initcall init_sdcardfs_fs+0x0/0x5c returned 0 after 93 usecs
[    0.501671]  (7)[1:swapper/0]calling  init_nls_cp437+0x0/0x20 @ 1
[    0.501679]  (7)[1:swapper/0]initcall init_nls_cp437+0x0/0x20 returned 0 after 0 usecs
[    0.501686]  (7)[1:swapper/0]calling  init_nls_cp950+0x0/0x20 @ 1
[    0.501694]  (7)[1:swapper/0]initcall init_nls_cp950+0x0/0x20 returned 0 after 0 usecs
[    0.501701]  (7)[1:swapper/0]calling  init_nls_ascii+0x0/0x20 @ 1
[    0.501708]  (7)[1:swapper/0]initcall init_nls_ascii+0x0/0x20 returned 0 after 0 usecs
[    0.501716]  (7)[1:swapper/0]calling  init_nls_iso8859_1+0x0/0x20 @ 1
[    0.501723]  (7)[1:swapper/0]initcall init_nls_iso8859_1+0x0/0x20 returned 0 after 0 usecs
[    0.501731]  (7)[1:swapper/0]calling  init_nls_utf8+0x0/0x3c @ 1
[    0.501739]  (7)[1:swapper/0]initcall init_nls_utf8+0x0/0x3c returned 0 after 0 usecs
[    0.501747]  (7)[1:swapper/0]calling  fuse_init+0x0/0x1b4 @ 1
[    0.501753]  (7)[1:swapper/0]fuse init (API version 7.26)
[    0.501845]  (7)[1:swapper/0]initcall fuse_init+0x0/0x1b4 returned 0 after 88 usecs
[    0.501853]  (7)[1:swapper/0]calling  ovl_init+0x0/0x6c @ 1
[    0.501884]  (7)[1:swapper/0]initcall ovl_init+0x0/0x6c returned 0 after 23 usecs
[    0.501892]  (7)[1:swapper/0]calling  init_incfs_module+0x0/0x9c @ 1
[    0.501906]  (7)[1:swapper/0]initcall init_incfs_module+0x0/0x9c returned 0 after 6 usecs
[    0.501915]  (7)[1:swapper/0]calling  init_f2fs_fs+0x0/0x124 @ 1
[    0.502100]  (7)[1:swapper/0]initcall init_f2fs_fs+0x0/0x124 returned 0 after 172 usecs
[    0.502109]  (7)[1:swapper/0]calling  erofs_module_init+0x0/0x8c @ 1
[    0.502184]  (7)[1:swapper/0]initcall erofs_module_init+0x0/0x8c returned 0 after 64 usecs
[    0.502192]  (7)[1:swapper/0]calling  init_pstore_fs+0x0/0x64 @ 1
[    0.502203]  (7)[1:swapper/0]initcall init_pstore_fs+0x0/0x64 returned 0 after 2 usecs
[    0.502211]  (7)[1:swapper/0]calling  init_exfat+0x0/0x9c @ 1
[    0.502217]  (7)[1:swapper/0]exFAT: Version 1.2.9
[    0.502250]  (7)[1:swapper/0]initcall init_exfat+0x0/0x9c returned 0 after 30 usecs
[    0.502258]  (7)[1:swapper/0]calling  key_proc_init+0x0/0x74 @ 1
[    0.502270]  (7)[1:swapper/0]initcall key_proc_init+0x0/0x74 returned 0 after 4 usecs
[    0.502278]  (7)[1:swapper/0]calling  selinux_nf_ip_init+0x0/0x54 @ 1
[    0.502284]  (7)[1:swapper/0]SELinux:  Registering netfilter hooks
[    0.502415]  (7)[1:swapper/0]initcall selinux_nf_ip_init+0x0/0x54 returned 0 after 124 usecs
[    0.502423]  (7)[1:swapper/0]calling  init_sel_fs+0x0/0x100 @ 1
[    0.502556]  (7)[1:swapper/0]initcall init_sel_fs+0x0/0x100 returned 0 after 121 usecs
[    0.502565]  (7)[1:swapper/0]calling  selnl_init+0x0/0x58 @ 1
[    0.502580]  (7)[1:swapper/0]initcall selnl_init+0x0/0x58 returned 0 after 6 usecs
[    0.502588]  (7)[1:swapper/0]calling  sel_netif_init+0x0/0x58 @ 1
[    0.502601]  (7)[1:swapper/0]initcall sel_netif_init+0x0/0x58 returned 0 after 5 usecs
[    0.502610]  (7)[1:swapper/0]calling  sel_netnode_init+0x0/0x3c @ 1
[    0.502619]  (7)[1:swapper/0]initcall sel_netnode_init+0x0/0x3c returned 0 after 1 usecs
[    0.502628]  (7)[1:swapper/0]calling  sel_netport_init+0x0/0x3c @ 1
[    0.502637]  (7)[1:swapper/0]initcall sel_netport_init+0x0/0x3c returned 0 after 1 usecs
[    0.502645]  (7)[1:swapper/0]calling  aurule_init+0x0/0x34 @ 1
[    0.502654]  (7)[1:swapper/0]initcall aurule_init+0x0/0x34 returned 0 after 0 usecs
[    0.502663]  (7)[1:swapper/0]calling  crypto_algapi_init+0x0/0x18 @ 1
[    0.502675]  (7)[1:swapper/0]initcall crypto_algapi_init+0x0/0x18 returned 0 after 3 usecs
[    0.502683]  (7)[1:swapper/0]calling  seqiv_module_init+0x0/0x1c @ 1
[    0.502692]  (7)[1:swapper/0]initcall seqiv_module_init+0x0/0x1c returned 0 after 1 usecs
[    0.502701]  (7)[1:swapper/0]calling  echainiv_module_init+0x0/0x1c @ 1
[    0.502709]  (7)[1:swapper/0]initcall echainiv_module_init+0x0/0x1c returned 0 after 0 usecs
[    0.502720]  (7)[1:swapper/0]calling  rsa_init+0x0/0x68 @ 1
[    0.502837]  (7)[1:swapper/0]initcall rsa_init+0x0/0x68 returned 0 after 103 usecs
[    0.502847]  (7)[1:swapper/0]calling  crypto_cmac_module_init+0x0/0x1c @ 1
[    0.502856]  (7)[1:swapper/0]initcall crypto_cmac_module_init+0x0/0x1c returned 0 after 0 usecs
[    0.502865]  (7)[1:swapper/0]calling  hmac_module_init+0x0/0x1c @ 1
[    0.502873]  (7)[1:swapper/0]initcall hmac_module_init+0x0/0x1c returned 0 after 0 usecs
[    0.502882]  (7)[1:swapper/0]calling  crypto_xcbc_module_init+0x0/0x1c @ 1
[    0.502891]  (7)[1:swapper/0]initcall crypto_xcbc_module_init+0x0/0x1c returned 0 after 0 usecs
[    0.502899]  (7)[1:swapper/0]calling  crypto_null_mod_init+0x0/0x68 @ 1
[    0.503323]  (7)[1:swapper/0]initcall crypto_null_mod_init+0x0/0x68 returned 0 after 403 usecs
[    0.503332]  (7)[1:swapper/0]calling  md5_mod_init+0x0/0x1c @ 1
[    0.503435]  (7)[1:swapper/0]initcall md5_mod_init+0x0/0x1c returned 0 after 92 usecs
[    0.503444]  (7)[1:swapper/0]calling  sha1_generic_mod_init+0x0/0x1c @ 1
[    0.503546]  (7)[1:swapper/0]initcall sha1_generic_mod_init+0x0/0x1c returned 0 after 91 usecs
[    0.503555]  (7)[1:swapper/0]calling  sha256_generic_mod_init+0x0/0x20 @ 1
[    0.503756]  (7)[1:swapper/0]initcall sha256_generic_mod_init+0x0/0x20 returned 0 after 187 usecs
[    0.503765]  (7)[1:swapper/0]calling  sha512_generic_mod_init+0x0/0x20 @ 1
[    0.503959]  (7)[1:swapper/0]initcall sha512_generic_mod_init+0x0/0x20 returned 0 after 179 usecs
[    0.503968]  (7)[1:swapper/0]calling  crypto_ecb_module_init+0x0/0x1c @ 1
[    0.503977]  (7)[1:swapper/0]initcall crypto_ecb_module_init+0x0/0x1c returned 0 after 0 usecs
[    0.503986]  (7)[1:swapper/0]calling  crypto_cbc_module_init+0x0/0x1c @ 1
[    0.503995]  (7)[1:swapper/0]initcall crypto_cbc_module_init+0x0/0x1c returned 0 after 0 usecs
[    0.504003]  (7)[1:swapper/0]calling  crypto_cts_module_init+0x0/0x1c @ 1
[    0.504012]  (7)[1:swapper/0]initcall crypto_cts_module_init+0x0/0x1c returned 0 after 0 usecs
[    0.504020]  (7)[1:swapper/0]calling  crypto_module_init+0x0/0x1c @ 1
[    0.504029]  (7)[1:swapper/0]initcall crypto_module_init+0x0/0x1c returned 0 after 0 usecs
[    0.504038]  (7)[1:swapper/0]calling  crypto_ctr_module_init+0x0/0x58 @ 1
[    0.504047]  (7)[1:swapper/0]initcall crypto_ctr_module_init+0x0/0x58 returned 0 after 0 usecs
[    0.504056]  (7)[1:swapper/0]calling  crypto_gcm_module_init+0x0/0x110 @ 1
[    0.504067]  (7)[1:swapper/0]initcall crypto_gcm_module_init+0x0/0x110 returned 0 after 2 usecs
[    0.504075]  (7)[1:swapper/0]calling  crypto_ccm_module_init+0x0/0x90 @ 1
[    0.504086]  (7)[1:swapper/0]initcall crypto_ccm_module_init+0x0/0x90 returned 0 after 2 usecs
[    0.504095]  (7)[1:swapper/0]calling  chacha20poly1305_module_init+0x0/0x58 @ 1
[    0.504104]  (7)[1:swapper/0]initcall chacha20poly1305_module_init+0x0/0x58 returned 0 after 1 usecs
[    0.504113]  (7)[1:swapper/0]calling  des_generic_mod_init+0x0/0x20 @ 1
[    0.504306]  (7)[1:swapper/0]initcall des_generic_mod_init+0x0/0x20 returned 0 after 179 usecs
[    0.504315]  (7)[1:swapper/0]calling  blowfish_mod_init+0x0/0x1c @ 1
[    0.504421]  (7)[1:swapper/0]initcall blowfish_mod_init+0x0/0x1c returned 0 after 94 usecs
[    0.504430]  (7)[1:swapper/0]calling  twofish_mod_init+0x0/0x1c @ 1
[    0.504541]  (7)[1:swapper/0]initcall twofish_mod_init+0x0/0x1c returned 0 after 99 usecs
[    0.504550]  (7)[1:swapper/0]calling  aes_init+0x0/0x1c @ 1
[    0.504656]  (7)[1:swapper/0]initcall aes_init+0x0/0x1c returned 0 after 94 usecs
[    0.504665]  (7)[1:swapper/0]calling  arc4_init+0x0/0x20 @ 1
[    0.504859]  (7)[1:swapper/0]initcall arc4_init+0x0/0x20 returned 0 after 180 usecs
[    0.504868]  (7)[1:swapper/0]calling  chacha_generic_mod_init+0x0/0x20 @ 1
[    0.505157]  (7)[1:swapper/0]initcall chacha_generic_mod_init+0x0/0x20 returned 0 after 273 usecs
[    0.505166]  (7)[1:swapper/0]calling  poly1305_mod_init+0x0/0x1c @ 1
[    0.505280]  (7)[1:swapper/0]initcall poly1305_mod_init+0x0/0x1c returned 0 after 102 usecs
[    0.505289]  (7)[1:swapper/0]calling  deflate_mod_init+0x0/0x50 @ 1
[    0.505580]  (7)[1:swapper/0]initcall deflate_mod_init+0x0/0x50 returned 0 after 274 usecs
[    0.505589]  (7)[1:swapper/0]calling  crc32c_mod_init+0x0/0x1c @ 1
[    0.505691]  (7)[1:swapper/0]initcall crc32c_mod_init+0x0/0x1c returned 0 after 90 usecs
[    0.505700]  (7)[1:swapper/0]calling  crc32_mod_init+0x0/0x1c @ 1
[    0.505801]  (7)[1:swapper/0]initcall crc32_mod_init+0x0/0x1c returned 0 after 90 usecs
[    0.505810]  (7)[1:swapper/0]calling  crypto_authenc_module_init+0x0/0x1c @ 1
[    0.505820]  (7)[1:swapper/0]initcall crypto_authenc_module_init+0x0/0x1c returned 0 after 1 usecs
[    0.505829]  (7)[1:swapper/0]calling  crypto_authenc_esn_module_init+0x0/0x1c @ 1
[    0.505839]  (7)[1:swapper/0]initcall crypto_authenc_esn_module_init+0x0/0x1c returned 0 after 0 usecs
[    0.505848]  (7)[1:swapper/0]calling  lzo_mod_init+0x0/0x4c @ 1
[    0.506049]  (7)[1:swapper/0]initcall lzo_mod_init+0x0/0x4c returned 0 after 187 usecs
[    0.506058]  (7)[1:swapper/0]calling  lz4_mod_init+0x0/0x4c @ 1
[    0.506250]  (7)[1:swapper/0]initcall lz4_mod_init+0x0/0x4c returned 0 after 178 usecs
[    0.506258]  (7)[1:swapper/0]calling  drbg_init+0x0/0x1f0 @ 1
[    0.507018]  (7)[1:swapper/0]initcall drbg_init+0x0/0x1f0 returned 0 after 732 usecs
[    0.507027]  (7)[1:swapper/0]calling  jent_mod_init+0x0/0x3c @ 1
[    0.507767]  (7)[1:swapper/0]initcall jent_mod_init+0x0/0x3c returned 0 after 713 usecs
[    0.507776]  (7)[1:swapper/0]calling  ghash_mod_init+0x0/0x1c @ 1
[    0.507886]  (7)[1:swapper/0]initcall ghash_mod_init+0x0/0x1c returned 0 after 97 usecs
[    0.507894]  (7)[1:swapper/0]calling  asymmetric_key_init+0x0/0x1c @ 1
[    0.507901]  (7)[1:swapper/0]Key type asymmetric registered
[    0.507910]  (7)[1:swapper/0]initcall asymmetric_key_init+0x0/0x1c returned 0 after 6 usecs
[    0.507919]  (7)[1:swapper/0]calling  x509_key_init+0x0/0x1c @ 1
[    0.507924]  (7)[1:swapper/0]Asymmetric key parser 'x509' registered
[    0.507933]  (7)[1:swapper/0]initcall x509_key_init+0x0/0x1c returned 0 after 6 usecs
[    0.507943]  (7)[1:swapper/0]calling  proc_genhd_init+0x0/0x54 @ 1
[    0.507957]  (7)[1:swapper/0]initcall proc_genhd_init+0x0/0x54 returned 0 after 5 usecs
[    0.507966]  (7)[1:swapper/0]calling  noop_init+0x0/0x1c @ 1
[    0.507973]  (7)[1:swapper/0]io scheduler noop registered
[    0.507982]  (7)[1:swapper/0]initcall noop_init+0x0/0x1c returned 0 after 6 usecs
[    0.507991]  (7)[1:swapper/0]calling  deadline_init+0x0/0x1c @ 1
[    0.507997]  (7)[1:swapper/0]io scheduler deadline registered
[    0.508006]  (7)[1:swapper/0]initcall deadline_init+0x0/0x1c returned 0 after 5 usecs
[    0.508015]  (7)[1:swapper/0]calling  cfq_init+0x0/0x90 @ 1
[    0.508047]  (7)[1:swapper/0]io scheduler cfq registered (default)
[    0.508055]  (7)[1:swapper/0]initcall cfq_init+0x0/0x90 returned 0 after 30 usecs
[    0.508064]  (7)[1:swapper/0]calling  deadline_init+0x0/0x1c @ 1
[    0.508070]  (7)[1:swapper/0]io scheduler mq-deadline registered
[    0.508079]  (7)[1:swapper/0]initcall deadline_init+0x0/0x1c returned 0 after 5 usecs
[    0.508088]  (7)[1:swapper/0]calling  kyber_init+0x0/0x1c @ 1
[    0.508094]  (7)[1:swapper/0]io scheduler kyber registered
[    0.508102]  (7)[1:swapper/0]initcall kyber_init+0x0/0x1c returned 0 after 5 usecs
[    0.508112]  (7)[1:swapper/0]calling  libcrc32c_mod_init+0x0/0x38 @ 1
[    0.508125]  (7)[1:swapper/0]initcall libcrc32c_mod_init+0x0/0x38 returned 0 after 3 usecs
[    0.508134]  (7)[1:swapper/0]calling  init_kmp+0x0/0x1c @ 1
[    0.508143]  (7)[1:swapper/0]initcall init_kmp+0x0/0x1c returned 0 after 0 usecs
[    0.508152]  (7)[1:swapper/0]calling  init_bm+0x0/0x1c @ 1
[    0.508161]  (7)[1:swapper/0]initcall init_bm+0x0/0x1c returned 0 after 0 usecs
[    0.508170]  (7)[1:swapper/0]calling  init_fsm+0x0/0x1c @ 1
[    0.508179]  (7)[1:swapper/0]initcall init_fsm+0x0/0x1c returned 0 after 0 usecs
[    0.508189]  (7)[1:swapper/0]calling  percpu_counter_startup+0x0/0x84 @ 1
[    0.508435]  (7)[1:swapper/0]initcall percpu_counter_startup+0x0/0x84 returned 0 after 230 usecs
[    0.508445]  (7)[1:swapper/0]calling  audit_classes_init+0x0/0xb0 @ 1
[    0.508458]  (7)[1:swapper/0]initcall audit_classes_init+0x0/0xb0 returned 0 after 3 usecs
[    0.508467]  (7)[1:swapper/0]calling  sg_pool_init+0x0/0x108 @ 1
[    0.508498]  (7)[1:swapper/0]initcall sg_pool_init+0x0/0x108 returned 0 after 21 usecs
[    0.508507]  (7)[1:swapper/0]calling  phy_core_init+0x0/0x68 @ 1
[    0.508529]  (7)[1:swapper/0]initcall phy_core_init+0x0/0x68 returned 0 after 12 usecs
[    0.508538]  (7)[1:swapper/0]calling  usb_phy_mtk_init+0x0/0x20 @ 1
[    0.509028]  (7)[1:swapper/0]initcall usb_phy_mtk_init+0x0/0x20 returned 0 after 468 usecs
[    0.509037]  (7)[1:swapper/0]calling  mtk_disp_pwm_driver_init+0x0/0x20 @ 1
[    0.509833]  (7)[1:swapper/0][mtk_disp_pwm]mtk_disp_pwm_probe start
[    0.509941]  (7)[1:swapper/0]mediatek-disp-pwm 1100e000.disp_pwm0: no pwm_src node
[    0.509983]  (7)[1:swapper/0][mtk_disp_pwm]mtk_disp_pwm_probe end
[    0.510608]  (7)[1:swapper/0]initcall mtk_disp_pwm_driver_init+0x0/0x20 returned 0 after 1525 usecs
[    0.510616]  (7)[1:swapper/0]calling  genericbl_driver_init+0x0/0x20 @ 1
[    0.510747]  (7)[1:swapper/0]initcall genericbl_driver_init+0x0/0x20 returned 0 after 119 usecs
[    0.510755]  (7)[1:swapper/0]calling  of_fixed_factor_clk_driver_init+0x0/0x20 @ 1
[    0.511149]  (7)[1:swapper/0]initcall of_fixed_factor_clk_driver_init+0x0/0x20 returned 0 after 376 usecs
[    0.511158]  (7)[1:swapper/0]calling  of_fixed_clk_driver_init+0x0/0x20 @ 1
[    0.511506]  (7)[1:swapper/0]initcall of_fixed_clk_driver_init+0x0/0x20 returned 0 after 332 usecs
[    0.511514]  (7)[1:swapper/0]calling  gpio_clk_driver_init+0x0/0x20 @ 1
[    0.511925]  (7)[1:swapper/0]initcall gpio_clk_driver_init+0x0/0x20 returned 0 after 393 usecs
[    0.511933]  (7)[1:swapper/0]calling  clkdbg_debug_init+0x0/0x54 @ 1
[    0.511944]  (7)[1:swapper/0]initcall clkdbg_debug_init+0x0/0x54 returned 0 after 3 usecs
[    0.511951]  (7)[1:swapper/0]calling  bring_up_init+0x0/0x20 @ 1
[    0.512018]  (7)[1:swapper/0]sum: 1
[    0.512032]  (7)[1:swapper/0]get clk [0]: clk26m ok
[    0.512572]  (7)[1:swapper/0]initcall bring_up_init+0x0/0x20 returned 0 after 598 usecs
[    0.512581]  (7)[1:swapper/0]calling  mtk_lp_pm_driver_init+0x0/0x20 @ 1
[    0.512998]  (7)[1:swapper/0]initcall mtk_lp_pm_driver_init+0x0/0x20 returned 0 after 398 usecs
[    0.513007]  (7)[1:swapper/0]calling  mediatek_socinfo_init+0x0/0xe4 @ 1
[    0.513037]  (7)[1:swapper/0]MT6833V/ZA SoC detected.
[    0.513045]  (7)[1:swapper/0]initcall mediatek_socinfo_init+0x0/0xe4 returned 0 after 29 usecs
[    0.513053]  (7)[1:swapper/0]calling  oplus_lowmem_dbg_init+0x0/0xf8 @ 1
[    0.513063]  (7)[1:swapper/0]lowmem_dbg: init watermark Anon:2878176kB SlabUnreclaim:1048576kB IONUsed:2097152kB GPU:2097152kB Low 1048576kB Critical 524288kB
[    0.513067]  (7)[1:swapper/0]initcall oplus_lowmem_dbg_init+0x0/0xf8 returned 0 after 6 usecs
[    0.513080]  (7)[1:swapper/0]calling  kernel_fb_init+0x0/0x2c0 @ 1
[    0.513086]  (7)[1:swapper/0]<kernel_fb>kernel_fb_init
[    0.513278]  (7)[1:swapper/0]<kernel_fb>kernel_fb_init probe ok
[    0.513289]  (7)[1:swapper/0]initcall kernel_fb_init+0x0/0x2c0 returned 0 after 195 usecs
[    0.513297]  (7)[1:swapper/0]calling  init_shutdown_detect_ctrl+0x0/0x58 @ 1
[    0.513303]  (7)[1:swapper/0]shutdown_detect: shutdown_detect:register shutdown_detect interface
[    0.513314]  (7)[1:swapper/0]initcall init_shutdown_detect_ctrl+0x0/0x58 returned 0 after 9 usecs
[    0.513322]  (7)[1:swapper/0]calling  init_boot_prof+0x0/0x64 @ 1
[    0.513332]  (7)[1:swapper/0]initcall init_boot_prof+0x0/0x64 returned 0 after 3 usecs
[    0.513341]  (7)[1:swapper/0]calling  mm_fb_kevent_module_init+0x0/0x90 @ 1
[    0.513352]  (7)[1:swapper/0]mm_kevent: genl_register_family complete, id = 23!
[    0.513357]  (7)[1:swapper/0]mm_kevent: init ok
[    0.513365]  (7)[1:swapper/0]initcall mm_fb_kevent_module_init+0x0/0x90 returned 0 after 15 usecs
[    0.513375]  (7)[1:swapper/0]calling  mm_fb_kevent_init+0x0/0x150 @ 1
[    0.513533]  (7)[1:swapper/0]mm_fb_kevent_init: init success
[    0.513542]  (7)[1:swapper/0]initcall mm_fb_kevent_init+0x0/0x150 returned 0 after 154 usecs
[    0.513550]  (7)[1:swapper/0]calling  acm_init+0x0/0x40c @ 1
[    0.513699]  (7)[1:swapper/0]ACM: init acm_logging_loop
[    0.513749]  (7)[1:swapper/0]ACM: Initialize ACM moudule succeed!
[    0.513757]  (7)[1:swapper/0]initcall acm_init+0x0/0x40c returned 0 after 194 usecs
[    0.513765]  (7)[1:swapper/0]calling  device_info_init+0x0/0x44 @ 1
[    0.514268]  (7)[1:swapper/0]devinfo:Failed to get active[1], check dts
[    0.514275]  (7)[1:swapper/0]devinfo:Failed to get active[2], check dts
[    0.514281]  (7)[1:swapper/0]devinfo:Failed to get active[3], check dts
[    0.514300]  (7)[1:swapper/0]devinfo:set gpio active ret[0 - 0]
[    0.514306]  (7)[1:swapper/0]devinfo:pinctrl active is Null[1]
[    0.514311]  (7)[1:swapper/0]devinfo:pinctrl active is Null[2]
[    0.514316]  (7)[1:swapper/0]devinfo:pinctrl active is Null[3]
[    0.514593]  (7)[1:swapper/0]devinfo:set gpio sleep ret[0 - 0]
[    0.514599]  (7)[1:swapper/0]devinfo:pinctrl sleep is Null[1]
[    0.514604]  (7)[1:swapper/0]devinfo:pinctrl sleep is Null[2]
[    0.514609]  (7)[1:swapper/0]devinfo:pinctrl sleep is Null[3]
[    0.514675]  (7)[1:swapper/0]initcall device_info_init+0x0/0x44 returned 0 after 879 usecs
[    0.514683]  (7)[1:swapper/0]calling  healthinfo_init+0x0/0x3f0 @ 1
[    0.514692]  (7)[1:swapper/0][OHM_INFO][ohm_para_init]origin list: ctrl 0x5a02301f, logon 0x5a000000, trig 0x5a000000
[    0.514703]  (7)[1:swapper/0][OHM_INFO][ohm_action_init]Success !
[    0.514728]  (7)[1:swapper/0]Register process_reclaim_enable interface passed.
[    0.514748]  (7)[1:swapper/0][OHM_INFO][healthinfo_init]Success 
[    0.514756]  (7)[1:swapper/0]initcall healthinfo_init+0x0/0x3f0 returned 0 after 63 usecs
[    0.514764]  (7)[1:swapper/0]calling  midas_dev_init+0x0/0x94 @ 1
[    0.515243]  (7)[1:swapper/0]initcall midas_dev_init+0x0/0x94 returned 0 after 457 usecs
[    0.515253]  (7)[1:swapper/0]calling  binder_stats_dev_init+0x0/0x180 @ 1
[    0.515288]  (7)[1:swapper/0]initcall binder_stats_dev_init+0x0/0x180 returned 0 after 27 usecs
[    0.515297]  (7)[1:swapper/0]calling  nandswap_init+0x0/0x378 @ 1
[    0.515624]  (7)[1:swapper/0]initcall nandswap_init+0x0/0x378 returned 0 after 310 usecs
[    0.515633]  (7)[1:swapper/0]calling  criticallog_class_init+0x0/0x28 @ 1
[    0.515642]  (7)[1:swapper/0]initcall criticallog_class_init+0x0/0x28 returned 0 after 0 usecs
[    0.515650]  (7)[1:swapper/0]calling  mt6315_regulator_driver_init+0x0/0x20 @ 1
[    0.516256]  (7)[1:swapper/0]initcall mt6315_regulator_driver_init+0x0/0x20 returned 0 after 582 usecs
[    0.516264]  (7)[1:swapper/0]calling  mt6359_regulator_driver_init+0x0/0x20 @ 1
[    0.516615]  (7)[1:swapper/0]mt6359p-regulator mt6359p-regulator: Chip ID = 0x5920
[    0.521323]  (7)[1:swapper/0]initcall mt6359_regulator_driver_init+0x0/0x20 returned 0 after 4928 usecs
[    0.521335]  (7)[1:swapper/0]calling  _lcm_i2c_init+0x0/0x84 @ 1
[    0.521355]  (7)[1:swapper/0]initcall _lcm_i2c_init+0x0/0x84 returned 0 after 11 usecs
[    0.521364]  (7)[1:swapper/0]calling  n_null_init+0x0/0x28 @ 1
[    0.521372]  (7)[1:swapper/0]initcall n_null_init+0x0/0x28 returned 0 after 0 usecs
[    0.521381]  (7)[1:swapper/0]calling  pty_init+0x0/0x39c @ 1
[    0.521935]  (7)[1:swapper/0]initcall pty_init+0x0/0x39c returned 0 after 532 usecs
[    0.521944]  (7)[1:swapper/0]calling  sysrq_init+0x0/0x90 @ 1
[    0.521961]  (7)[1:swapper/0]initcall sysrq_init+0x0/0x90 returned 0 after 9 usecs
[    0.521970]  (7)[1:swapper/0]calling  serial8250_init+0x0/0x168 @ 1
[    0.521977]  (7)[1:swapper/0]Serial: 8250/16550 driver, 2 ports, IRQ sharing disabled
[    0.521983]  (7)[1:swapper/0]boot_with_console: boot_mode = 0
[    0.522279]  (7)[1:swapper/0]initcall serial8250_init+0x0/0x168 returned 0 after 292 usecs
[    0.522289]  (7)[1:swapper/0]calling  mtk8250_platform_driver_init+0x0/0x24 @ 1
[    0.522558]  (7)[1:swapper/0]mtk8250_probe: rx serial_pinctrl_state config specified!
[    0.522576]  (7)[1:swapper/0]mtk8250_probe: tx serial_pinctrl_state config specified!
[    0.522588]  (7)[1:swapper/0]mtk8250_probe: boot with console false
[    0.522637]  (7)[1:swapper/0]mtk8250_probe: No serial_pinctrl config specified!
[    0.522643]  (7)[1:swapper/0]mtk8250_probe: boot with console false
[    0.522991]  (7)[1:swapper/0]initcall mtk8250_platform_driver_init+0x0/0x24 returned 0 after 675 usecs
[    0.523000]  (7)[1:swapper/0]calling  hwrng_modinit+0x0/0x108 @ 1
[    0.523037]  (7)[1:swapper/0]initcall hwrng_modinit+0x0/0x108 returned 0 after 28 usecs
[    0.523046]  (7)[1:swapper/0]calling  mt67xx_rng_driver_init+0x0/0x20 @ 1
[    0.523178]  (7)[1:swapper/0]mt67xx_rng: driver registered
[    0.523802]  (7)[1:swapper/0]initcall mt67xx_rng_driver_init+0x0/0x20 returned 0 after 727 usecs
[    0.523812]  (7)[1:swapper/0]calling  drm_kms_helper_init+0x0/0x1c @ 1
[    0.523821]  (7)[1:swapper/0]initcall drm_kms_helper_init+0x0/0x1c returned 0 after 0 usecs
[    0.523830]  (7)[1:swapper/0]calling  drm_core_init+0x0/0xc0 @ 1
[    0.523850]  (7)[1:swapper/0]initcall drm_core_init+0x0/0xc0 returned 0 after 11 usecs
[    0.523859]  (7)[1:swapper/0]calling  mtk_drm_init+0x0/0x134 @ 1
[    0.524312]  (1)[200:hwrng]random: fast init done
[    0.524953]  (7)[1:swapper/0]mtk_drm_probe, infra_regs:0x        (ptrval), infra_regs_pa:0x10002000
[    0.525153]  (1)[200:hwrng]random: crng init done
[    0.531932]  (7)[1:swapper/0]mediatek-drm 14000000.dispsys_config: Adding component match for /disp_ovl0@14005000, comp_id:18
[    0.531989]  (7)[1:swapper/0]mediatek-drm 14000000.dispsys_config: Adding component match for /disp_ovl0_2l@14006000, comp_id:21
[    0.532103]  (7)[1:swapper/0]mediatek-drm 14000000.dispsys_config: Adding component match for /disp_rdma0@14007000, comp_id:33
[    0.532156]  (7)[1:swapper/0]mediatek-drm 14000000.dispsys_config: Adding component match for /disp_rsz0@14008000, comp_id:42
[    0.532208]  (7)[1:swapper/0]mediatek-drm 14000000.dispsys_config: Adding component match for /disp_color0@14009000, comp_id:5
[    0.532280]  (7)[1:swapper/0]mediatek-drm 14000000.dispsys_config: Adding component match for /disp_ccorr0@1400b000, comp_id:3
[    0.532333]  (7)[1:swapper/0]mediatek-drm 14000000.dispsys_config: Adding component match for /disp_aal0@1400c000, comp_id:0
[    0.532386]  (7)[1:swapper/0]mediatek-drm 14000000.dispsys_config: Adding component match for /disp_gamma0@1400d000, comp_id:14
[    0.532440]  (7)[1:swapper/0]mediatek-drm 14000000.dispsys_config: Adding component match for /disp_postmask0@1400e000, comp_id:50
[    0.532492]  (7)[1:swapper/0]mediatek-drm 14000000.dispsys_config: Adding component match for /disp_dither0@1400f000, comp_id:8
[    0.532643]  (7)[1:swapper/0]mediatek-drm 14000000.dispsys_config: Adding component match for /dsi@14013000, comp_id:12
[    0.532734]  (7)[1:swapper/0]mediatek-drm 14000000.dispsys_config: Adding component match for /disp_wdma0@14014000, comp_id:45
[    0.537785]  (7)[1:swapper/0]oppo_boot_mode=0, get_boot_mode() is 0
[    0.545976]  (7)[1:swapper/0]mediatek-disp-postmask 1400e000.disp_postmask0: mtk_ddp_comp_set_larb: DDP_COMPONENT_POSTMASK0 need larb device
[    0.545987]  (7)[1:swapper/0]DDP_COMPONENT_POSTMASK0: smi-id:0
[    0.548580]  (7)[1:swapper/0]mediatek-disp-ovl 14005000.disp_ovl0: mtk_ddp_comp_set_larb: DDP_COMPONENT_OVL0 need larb device
[    0.548590]  (7)[1:swapper/0]DDP_COMPONENT_OVL0: smi-id:0
[    0.549019]  (7)[1:swapper/0]mediatek-disp-ovl 14006000.disp_ovl0_2l: mtk_ddp_comp_set_larb: DDP_COMPONENT_OVL0_2L need larb device
[    0.549028]  (7)[1:swapper/0]DDP_COMPONENT_OVL0_2L: smi-id:1
[    0.550552]  (7)[1:swapper/0]mediatek-disp-rdma 14007000.disp_rdma0: mtk_ddp_comp_set_larb: DDP_COMPONENT_RDMA0 need larb device
[    0.550561]  (7)[1:swapper/0]DDP_COMPONENT_RDMA0: smi-id:1
[    0.551978]  (7)[1:swapper/0]mtk_disp_wdma_probe+
[    0.552152]  (7)[1:swapper/0]mediatek-disp-wdma 14014000.disp_wdma0: mtk_ddp_comp_set_larb: DDP_COMPONENT_WDMA0 need larb device
[    0.552159]  (7)[1:swapper/0]DDP_COMPONENT_WDMA0: smi-id:1
[    0.552189]  (7)[1:swapper/0]mtk_disp_wdma_probe-
[    0.556186]  (7)[1:swapper/0]mtk-dsi 14013000.dsi: dsi-channel-num: 4
[    0.556363]  (7)[1:swapper/0]mtk-dsi 14013000.dsi: Waiting for bridge or panel driver
[    0.558119]  (7)[1:swapper/0]initcall mtk_drm_init+0x0/0x134 returned 0 after 33443 usecs
[    0.558131]  (7)[1:swapper/0]BOOTPROF:       558.129770:initcall: mtk_drm_init    34.269769ms
[    0.558142]  (7)[1:swapper/0]calling  jdi_driver_init+0x0/0x20 @ 1
[    0.558159]  (7)[1:swapper/0]initcall jdi_driver_init+0x0/0x20 returned 0 after 8 usecs
[    0.558168]  (7)[1:swapper/0]calling  jdi_driver_init+0x0/0x20 @ 1
[    0.558183]  (7)[1:swapper/0]initcall jdi_driver_init+0x0/0x20 returned 0 after 6 usecs
[    0.558192]  (7)[1:swapper/0]calling  jdi_driver_init+0x0/0x20 @ 1
[    0.558207]  (7)[1:swapper/0]initcall jdi_driver_init+0x0/0x20 returned 0 after 6 usecs
[    0.558215]  (7)[1:swapper/0]calling  jdi_driver_init+0x0/0x20 @ 1
[    0.558230]  (7)[1:swapper/0]initcall jdi_driver_init+0x0/0x20 returned 0 after 6 usecs
[    0.558239]  (7)[1:swapper/0]calling  tianma_driver_init+0x0/0x20 @ 1
[    0.558255]  (7)[1:swapper/0]initcall tianma_driver_init+0x0/0x20 returned 0 after 7 usecs
[    0.558263]  (7)[1:swapper/0]calling  tianma_driver_init+0x0/0x20 @ 1
[    0.558279]  (7)[1:swapper/0]initcall tianma_driver_init+0x0/0x20 returned 0 after 7 usecs
[    0.558288]  (7)[1:swapper/0]calling  lcm_driver_init+0x0/0x20 @ 1
[    0.558303]  (7)[1:swapper/0]initcall lcm_driver_init+0x0/0x20 returned 0 after 7 usecs
[    0.558312]  (7)[1:swapper/0]calling  jdi_driver_init+0x0/0x20 @ 1
[    0.558327]  (7)[1:swapper/0]initcall jdi_driver_init+0x0/0x20 returned 0 after 7 usecs
[    0.558336]  (7)[1:swapper/0]calling  jdi_driver_init+0x0/0x20 @ 1
[    0.558351]  (7)[1:swapper/0]initcall jdi_driver_init+0x0/0x20 returned 0 after 7 usecs
[    0.558359]  (7)[1:swapper/0]calling  jdi_driver_init+0x0/0x20 @ 1
[    0.558374]  (7)[1:swapper/0]initcall jdi_driver_init+0x0/0x20 returned 0 after 6 usecs
[    0.558383]  (7)[1:swapper/0]calling  jdi_driver_init+0x0/0x20 @ 1
[    0.558398]  (7)[1:swapper/0]initcall jdi_driver_init+0x0/0x20 returned 0 after 6 usecs
[    0.558406]  (7)[1:swapper/0]calling  jdi_driver_init+0x0/0x20 @ 1
[    0.558424]  (7)[1:swapper/0]initcall jdi_driver_init+0x0/0x20 returned 0 after 9 usecs
[    0.558432]  (7)[1:swapper/0]calling  tianma_driver_init+0x0/0x20 @ 1
[    0.558447]  (7)[1:swapper/0]initcall tianma_driver_init+0x0/0x20 returned 0 after 6 usecs
[    0.558455]  (7)[1:swapper/0]calling  jdi_driver_init+0x0/0x20 @ 1
[    0.558472]  (7)[1:swapper/0]initcall jdi_driver_init+0x0/0x20 returned 0 after 8 usecs
[    0.558480]  (7)[1:swapper/0]calling  jdi_driver_init+0x0/0x20 @ 1
[    0.558497]  (7)[1:swapper/0]initcall jdi_driver_init+0x0/0x20 returned 0 after 8 usecs
[    0.558505]  (7)[1:swapper/0]calling  jdi_driver_init+0x0/0x20 @ 1
[    0.558520]  (7)[1:swapper/0]initcall jdi_driver_init+0x0/0x20 returned 0 after 6 usecs
[    0.558530]  (7)[1:swapper/0]calling  lcm_driver_init+0x0/0x20 @ 1
[    0.558545]  (7)[1:swapper/0]initcall lcm_driver_init+0x0/0x20 returned 0 after 6 usecs
[    0.558553]  (7)[1:swapper/0]calling  jdi_driver_init+0x0/0x20 @ 1
[    0.558568]  (7)[1:swapper/0]initcall jdi_driver_init+0x0/0x20 returned 0 after 6 usecs
[    0.558576]  (7)[1:swapper/0]calling  jdi_driver_init+0x0/0x20 @ 1
[    0.558592]  (7)[1:swapper/0]initcall jdi_driver_init+0x0/0x20 returned 0 after 7 usecs
[    0.558600]  (7)[1:swapper/0]calling  tianma_driver_init+0x0/0x20 @ 1
[    0.558616]  (7)[1:swapper/0]initcall tianma_driver_init+0x0/0x20 returned 0 after 7 usecs
[    0.558624]  (7)[1:swapper/0]calling  tianma_driver_init+0x0/0x20 @ 1
[    0.558641]  (7)[1:swapper/0]initcall tianma_driver_init+0x0/0x20 returned 0 after 8 usecs
[    0.558650]  (7)[1:swapper/0]calling  oplus_display_private_api_init+0x0/0x68 @ 1
[    0.558679]  (7)[1:swapper/0]initcall oplus_display_private_api_init+0x0/0x68 returned 0 after 19 usecs
[    0.558688]  (7)[1:swapper/0]calling  oplus_display_panel_init+0x0/0x15c @ 1
[    0.558694]  (7)[1:swapper/0]oplus_display_panel_init
[    0.558739]  (7)[1:swapper/0]initcall oplus_display_panel_init+0x0/0x15c returned 0 after 41 usecs
[    0.558749]  (7)[1:swapper/0]calling  mtk_spi_driver_init+0x0/0x20 @ 1
[    0.559755]  (7)[1:swapper/0]mtk-spi 1100a000.spi0: No 'mediatek,kthread-rt' property
[    0.560062]  (7)[1:swapper/0]mtk-spi 11010000.spi1: No 'mediatek,kthread-rt' property
[    0.560348]  (7)[1:swapper/0]mtk-spi 11012000.spi2: No 'mediatek,kthread-rt' property
[    0.560598]  (7)[1:swapper/0]mtk-spi 11013000.spi3: No 'mediatek,kthread-rt' property
[    0.560868]  (7)[1:swapper/0]mtk-spi 11018000.spi4: No 'mediatek,kthread-rt' property
[    0.561197]  (7)[1:swapper/0]mtk-spi 11019000.spi5: No 'mediatek,kthread-rt' property
[    0.561513]  (7)[1:swapper/0]mtk-spi 1101d000.spi6: No 'mediatek,kthread-rt' property
[    0.561769]  (7)[1:swapper/0]mtk-spi 1101e000.spi7: No 'mediatek,kthread-rt' property
[    0.562111]  (7)[1:swapper/0]initcall mtk_spi_driver_init+0x0/0x20 returned 0 after 3270 usecs
[    0.562122]  (7)[1:swapper/0]calling  spi_dev_init+0x0/0x3c @ 1
[    0.562128]  (7)[1:swapper/0]spi_dev_init().
[    0.562150]  (7)[1:swapper/0]initcall spi_dev_init+0x0/0x3c returned 0 after 18 usecs
[    0.562160]  (7)[1:swapper/0]calling  topology_sysfs_init+0x0/0x38 @ 1
[    0.562227]  (7)[1:swapper/0]initcall topology_sysfs_init+0x0/0x38 returned 0 after 57 usecs
[    0.562237]  (7)[1:swapper/0]calling  cacheinfo_sysfs_init+0x0/0x38 @ 1
[    0.562269]  (0)[12:cpuhp/0]cacheinfo: Unable to detect cache hierarchy for CPU 0
[    0.562308]  (7)[1:swapper/0]initcall cacheinfo_sysfs_init+0x0/0x38 returned -2 after 59 usecs
[    0.562318]  (7)[1:swapper/0]calling  brd_init+0x0/0x220 @ 1
[    0.564899]  (7)[1:swapper/0]brd: module loaded
[    0.564913]  (7)[1:swapper/0]initcall brd_init+0x0/0x220 returned 0 after 2522 usecs
[    0.564923]  (7)[1:swapper/0]calling  loop_init+0x0/0x15c @ 1
[    0.568253]  (7)[1:swapper/0]loop: module loaded
[    0.568270]  (7)[1:swapper/0]initcall loop_init+0x0/0x15c returned 0 after 3254 usecs
[    0.568280]  (7)[1:swapper/0]calling  zram_init+0x0/0x134 @ 1
[    0.568496]  (7)[1:swapper/0]zram: Added device: zram0
[    0.568511]  (7)[1:swapper/0]initcall zram_init+0x0/0x134 returned 0 after 216 usecs
[    0.568520]  (7)[1:swapper/0]calling  mmprofile_init+0x0/0xb8 @ 1
[    0.568552]  (7)[1:swapper/0]initcall mmprofile_init+0x0/0xb8 returned 0 after 22 usecs
[    0.568561]  (7)[1:swapper/0]calling  __ptp3_init+0x0/0xc4 @ 1
[    0.569003]  (7)[1:swapper/0][PTP3][INFO][ptp3_probe():222][PTP3][warning] ptp3_mem_base_virt is null !
[    0.569012]  (7)[1:swapper/0][FLL][INFO][fll_probe():774]fll_doe_fll05 from DTree; rc(0) fll_doe_fll05(0x0)
[    0.569020]  (7)[1:swapper/0][FLL][INFO][fll_probe():796]fll_doe_fll06 from DTree; rc(0) fll_doe_fll06(0x0)
[    0.569027]  (7)[1:swapper/0][FLL][INFO][fll_probe():818]fll_doe_fll07 from DTree; rc(0) fll_doe_fll07(0x0)
[    0.569033]  (7)[1:swapper/0][FLL][INFO][fll_probe():840]fll_doe_fll08 from DTree; rc(0) fll_doe_fll08(0x0)
[    0.569040]  (7)[1:swapper/0][FLL][INFO][fll_probe():862]fll_doe_fll09 from DTree; rc(0) fll_doe_fll09(0x0)
[    0.569047]  (7)[1:swapper/0][FLL][INFO][fll_probe():884]fll_doe_pllclken from DTree; rc(0) fll_doe_pllclken(0x100)
[    0.569054]  (7)[1:swapper/0][FLL][INFO][fll_probe():898]fll_doe_bren from DTree; rc(0) fll_doe_bren(0x100)
[    0.569060]  (7)[1:swapper/0][FLL][INFO][fll_probe():910]fll probe ok!!
[    0.569068]  (7)[1:swapper/0][CINST][INFO][cinst_probe():930]cinst_doe_enable from DTree; rc(0) cinst_doe_enable(0x10000)
[    0.569075]  (7)[1:swapper/0][CINST][INFO][cinst_probe():956]cinst_doe_const_mode from DTree; rc(0) cinst_doe_const_mode(0x100)
[    0.569083]  (7)[1:swapper/0][CINST][INFO][cinst_probe():976]cinst_doe_ls_idx_sel from DTree; rc(0) cinst_doe_ls_idx_sel(0x100)
[    0.569090]  (7)[1:swapper/0][CINST][INFO][cinst_probe():996]cinst_doe_ls_period from DTree; rc(0) cinst_doe_ls_period(0x8)
[    0.569097]  (7)[1:swapper/0][CINST][INFO][cinst_probe():1016]cinst_doe_ls_credit from DTree; rc(0) cinst_doe_ls_credit(0x20)
[    0.569105]  (7)[1:swapper/0][CINST][INFO][cinst_probe():1036]cinst_doe_ls_low_freq_period from DTree; rc(0) cinst_doe_ls_low_freq_period(0x8)
[    0.569112]  (7)[1:swapper/0][CINST][INFO][cinst_probe():1057]cinst_doe_ls_low_freq_enable from DTree; rc(0) cinst_doe_ls_low_freq_enable(0x2)
[    0.569119]  (7)[1:swapper/0][CINST][INFO][cinst_probe():1077]cinst_doe_vx_period from DTree; rc(0) cinst_doe_vx_period(0x8)
[    0.569127]  (7)[1:swapper/0][CINST][INFO][cinst_probe():1097]cinst_doe_vx_credit from DTree; rc(0) cinst_doe_vx_credit(0x20)
[    0.569135]  (7)[1:swapper/0][CINST][INFO][cinst_probe():1117]cinst_doe_vx_low_freq_period from DTree; rc(0) cinst_doe_vx_low_freq_period(0x8)
[    0.569142]  (7)[1:swapper/0][CINST][INFO][cinst_probe():1138]cinst_doe_vx_low_freq_enable from DTree; rc(0) cinst_doe_vx_low_freq_enable(0x2)
[    0.569148]  (7)[1:swapper/0][CINST][INFO][cinst_probe():1156]cinst probe ok!!
[    0.569156]  (7)[1:swapper/0][DRCC][INFO][drcc_smc_handle():264][drcc_smc_handle]:cpu(0) group(0) val(0)
[    0.569228]  (7)[1:swapper/0][DRCC][INFO][drcc_smc_handle():264][drcc_smc_handle]:cpu(1) group(0) val(0)
[    0.569293]  (7)[1:swapper/0][DRCC][INFO][drcc_smc_handle():264][drcc_smc_handle]:cpu(2) group(0) val(0)
[    0.569359]  (7)[1:swapper/0][DRCC][INFO][drcc_smc_handle():264][drcc_smc_handle]:cpu(3) group(0) val(0)
[    0.569424]  (7)[1:swapper/0][DRCC][INFO][drcc_smc_handle():264][drcc_smc_handle]:cpu(4) group(0) val(0)
[    0.569489]  (7)[1:swapper/0][DRCC][INFO][drcc_smc_handle():264][drcc_smc_handle]:cpu(5) group(0) val(0)
[    0.569554]  (7)[1:swapper/0][DRCC][INFO][drcc_smc_handle():264][drcc_smc_handle]:cpu(6) group(0) val(0)
[    0.569619]  (7)[1:swapper/0][DRCC][INFO][drcc_smc_handle():264][drcc_smc_handle]:cpu(7) group(0) val(0)
[    0.569706]  (7)[1:swapper/0][DRCC][INFO][drcc_probe():1092]drcc probe ok!!
[    0.569826]  (7)[1:swapper/0]initcall __ptp3_init+0x0/0xc4 returned 0 after 1223 usecs
[    0.569837]  (7)[1:swapper/0]calling  mt_spower_init+0x0/0x3c @ 1
[    0.569898]  (7)[1:swapper/0][Power/spower] 9/26/15/16/31/41/0/2/6/2/0/0/8/3/
[    0.569903]  (7)[1:swapper/0][Power/spower] 9.0/26.6/15.3/16.8/31.2/41.3/0.0/2.0/6.0/2.3/0.8/0.0/8.3/3.9/
[    0.569918]  (7)[1:swapper/0]initcall mt_spower_init+0x0/0x3c returned 0 after 70 usecs
[    0.569928]  (7)[1:swapper/0]calling  _mt_cpufreq_tbl_init+0x0/0x144 @ 1
[    0.569935]  (7)[1:swapper/0][Power/cpufreq] 0, Settle time(1250, 500) efuse_val = 0x1
[    0.569941]  (7)[1:swapper/0][Power/cpufreq] @@~_mt_cpufreq_tbl_init DVFS state = 1
[    0.569952]  (7)[1:swapper/0]initcall _mt_cpufreq_tbl_init+0x0/0x144 returned 0 after 14 usecs
[    0.569961]  (7)[1:swapper/0]calling  pbm_module_init+0x0/0x20 @ 1
[    0.569967]  (7)[1:swapper/0]DISABLE_PBM_FEATURE is defined.
[    0.569976]  (7)[1:swapper/0]initcall pbm_module_init+0x0/0x20 returned 0 after 5 usecs
[    0.569985]  (7)[1:swapper/0]calling  mdpm_module_init+0x0/0x8 @ 1
[    0.569994]  (7)[1:swapper/0]initcall mdpm_module_init+0x0/0x8 returned 0 after 0 usecs
[    0.570004]  (7)[1:swapper/0]calling  mtk_md_power_throttling_module_init+0x0/0x8 @ 1
[    0.570014]  (7)[1:swapper/0]initcall mtk_md_power_throttling_module_init+0x0/0x8 returned 0 after 0 usecs
[    0.570023]  (7)[1:swapper/0]calling  ppm_cpi_init+0x0/0xb0 @ 1
[    0.570032]  (7)[1:swapper/0][Power/PPM] @ppm_cpi_init: CPI done! enable = 0
[    0.570040]  (7)[1:swapper/0]initcall ppm_cpi_init+0x0/0xb0 returned 0 after 8 usecs
[    0.570050]  (7)[1:swapper/0]calling  ppm_dlpt_policy_init+0x0/0x68 @ 1
[    0.570059]  (7)[1:swapper/0]initcall ppm_dlpt_policy_init+0x0/0x68 returned 0 after 0 usecs
[    0.570069]  (7)[1:swapper/0]calling  ppm_sysboost_policy_init+0x0/0x2f0 @ 1
[    0.570080]  (7)[1:swapper/0][Power/PPM] @ppm_sysboost_policy_init: register PPM_POLICY_SYS_BOOST done!
[    0.570090]  (7)[1:swapper/0]initcall ppm_sysboost_policy_init+0x0/0x2f0 returned 0 after 11 usecs
[    0.570099]  (7)[1:swapper/0]calling  ppm_ptpod_policy_init+0x0/0xf0 @ 1
[    0.570107]  (7)[1:swapper/0][Power/PPM] @ppm_ptpod_policy_init: register PPM_POLICY_PTPOD done!
[    0.570116]  (7)[1:swapper/0]initcall ppm_ptpod_policy_init+0x0/0xf0 returned 0 after 7 usecs
[    0.570126]  (7)[1:swapper/0]calling  ppm_pwrthro_policy_init+0x0/0xb4 @ 1
[    0.570132]  (7)[1:swapper/0][Power/PPM] @ppm_pwrthro_policy_init: register PPM_POLICY_PWR_THRO done!
[    0.570141]  (7)[1:swapper/0]initcall ppm_pwrthro_policy_init+0x0/0xb4 returned 0 after 6 usecs
[    0.570151]  (7)[1:swapper/0]calling  ppm_thermal_policy_init+0x0/0x150 @ 1
[    0.570159]  (7)[1:swapper/0][Power/PPM] @ppm_thermal_policy_init: register PPM_POLICY_THERMAL done!
[    0.570169]  (7)[1:swapper/0]initcall ppm_thermal_policy_init+0x0/0x150 returned 0 after 8 usecs
[    0.570179]  (7)[1:swapper/0]calling  ppm_hard_userlimit_policy_init+0x0/0x1b8 @ 1
[    0.570191]  (7)[1:swapper/0][Power/PPM] @ppm_hard_userlimit_policy_init: register PPM_POLICY_HARD_USER_LIMIT done!
[    0.570200]  (7)[1:swapper/0]initcall ppm_hard_userlimit_policy_init+0x0/0x1b8 returned 0 after 11 usecs
[    0.570210]  (7)[1:swapper/0]calling  ppm_userlimit_policy_init+0x0/0x1b8 @ 1
[    0.570221]  (7)[1:swapper/0][Power/PPM] @ppm_userlimit_policy_init: register PPM_POLICY_USER_LIMIT done!
[    0.570230]  (7)[1:swapper/0]initcall ppm_userlimit_policy_init+0x0/0x1b8 returned 0 after 10 usecs
[    0.570240]  (7)[1:swapper/0]calling  ppm_forcelimit_policy_init+0x0/0x194 @ 1
[    0.570247]  (7)[1:swapper/0][Power/PPM] @ppm_forcelimit_policy_init: register PPM_POLICY_FORCE_LIMIT done!
[    0.570257]  (7)[1:swapper/0]initcall ppm_forcelimit_policy_init+0x0/0x194 returned 0 after 7 usecs
[    0.570266]  (7)[1:swapper/0]calling  ppm_ut_policy_init+0x0/0x194 @ 1
[    0.570275]  (7)[1:swapper/0][Power/PPM] @ppm_ut_policy_init: register PPM_POLICY_UT done!
[    0.570284]  (7)[1:swapper/0]initcall ppm_ut_policy_init+0x0/0x194 returned 0 after 8 usecs
[    0.570291]  (7)[1:swapper/0]calling  __mt_gpufreq_init+0x0/0xa4 @ 1
[    0.570536]  (7)[1:swapper/0][GPU/DVFS] @__mt_gpufreq_pdrv_probe: driver init is started
[    0.571788]  (7)[1:swapper/0][GPU/DVFS] @__mt_gpufreq_get_segment_id: efuse_id=0x1 segment_id=1
[    0.571895]  (7)[1:swapper/0][GPU/DVFS] @__mt_gpufreq_init_volt_by_freq: Preloader default freq is 390000
[    0.571928]  (7)[1:swapper/0][GPU/DVFS] @__mt_gpufreq_init_volt_by_freq: Enable DVFS or CUST INIT !!!
[    0.572264]  (7)[1:swapper/0][GPU/DVFS] @__mt_gpufreq_pdrv_probe: driver init is finished
[    0.572527]  (7)[1:swapper/0]initcall __mt_gpufreq_init+0x0/0xa4 returned 0 after 2173 usecs
[    0.572536]  (7)[1:swapper/0]calling  mt6359_gauge_init+0x0/0x20 @ 1
[    0.572986]  (7)[1:swapper/0]initcall mt6359_gauge_init+0x0/0x20 returned 0 after 430 usecs
[    0.572995]  (7)[1:swapper/0]calling  pmic_oc_debug_driver_init+0x0/0x20 @ 1
[    0.573618]  (7)[1:swapper/0]initcall pmic_oc_debug_driver_init+0x0/0x20 returned 0 after 599 usecs
[    0.573627]  (7)[1:swapper/0]calling  mt6360_pmu_i2c_driver_init+0x0/0x20 @ 1
[    0.573646]  (7)[1:swapper/0]initcall mt6360_pmu_i2c_driver_init+0x0/0x20 returned 0 after 11 usecs
[    0.573653]  (7)[1:swapper/0]calling  mt6360_pmu_core_driver_init+0x0/0x20 @ 1
[    0.573964]  (7)[1:swapper/0]initcall mt6360_pmu_core_driver_init+0x0/0x20 returned 0 after 294 usecs
[    0.573971]  (7)[1:swapper/0]calling  mt6360_pmu_adc_driver_init+0x0/0x20 @ 1
[    0.574267]  (7)[1:swapper/0]initcall mt6360_pmu_adc_driver_init+0x0/0x20 returned 0 after 280 usecs
[    0.574274]  (7)[1:swapper/0]calling  mt6360_pmu_fled_driver_init+0x0/0x20 @ 1
[    0.574564]  (7)[1:swapper/0]initcall mt6360_pmu_fled_driver_init+0x0/0x20 returned 0 after 275 usecs
[    0.574572]  (7)[1:swapper/0]calling  mt6360_pmu_chg_driver_init+0x0/0x20 @ 1
[    0.574862]  (7)[1:swapper/0]initcall mt6360_pmu_chg_driver_init+0x0/0x20 returned 0 after 275 usecs
[    0.574870]  (7)[1:swapper/0]calling  mt6360_pmic_i2c_driver_init+0x0/0x20 @ 1
[    0.574886]  (7)[1:swapper/0]initcall mt6360_pmic_i2c_driver_init+0x0/0x20 returned 0 after 8 usecs
[    0.574893]  (7)[1:swapper/0]calling  mt6360_ldo_i2c_driver_init+0x0/0x20 @ 1
[    0.574908]  (7)[1:swapper/0]initcall mt6360_ldo_i2c_driver_init+0x0/0x20 returned 0 after 7 usecs
[    0.574916]  (7)[1:swapper/0]calling  wl2868c_init+0x0/0x64 @ 1
[    0.574929]  (7)[1:swapper/0]wl2868c_init: add driver success
[    0.574936]  (7)[1:swapper/0]initcall wl2868c_init+0x0/0x64 returned 0 after 13 usecs
[    0.574944]  (7)[1:swapper/0]calling  fan53870_i2c_driver_init+0x0/0x24 @ 1
[    0.574958]  (7)[1:swapper/0]initcall fan53870_i2c_driver_init+0x0/0x24 returned 0 after 6 usecs
[    0.574965]  (7)[1:swapper/0]calling  mtk_pseudo_init+0x0/0x148 @ 1
[    0.575638]  (7)[1:swapper/0][PSEUDO][pseudo_port_probe #3633]: done, larbid:0, mask:0x7ffffffff)
[    0.576188]  (7)[1:swapper/0][PSEUDO][pseudo_port_probe #3633]: done, larbid:1, mask:0x7ffffffff)
[    0.576726]  (7)[1:swapper/0]mtk_iommu_create_iova_space, 2346, dev:pseudo_m4u-larb2 allocated IOVA group1:00000000a84274ca, domain2:00000000118bbdc2 owner:-1 start:0x200000000 end:0x2ffffffff ext=34
[    0.576803]  (7)[1:swapper/0]iova_reserve_iommu_regions, 251, reserved iova from 0x240000000 to 0x243fff000
[    0.576810]  (7)[1:swapper/0]iova_reserve_iommu_regions, 251, reserved iova from 0x244000000 to 0x247fff000
[    0.576822]  (7)[1:swapper/0][PSEUDO][pseudo_port_probe #3633]: done, larbid:2, mask:0x7ffffffff)
[    0.578892]  (7)[1:swapper/0]mtk_iommu_create_iova_space, 2346, dev:pseudo_m4u-larb4 allocated IOVA group2:00000000122816a5, domain1:000000005806fd98 owner:-1 start:0x100000000 end:0x1ffffffff ext=34
[    0.578970]  (7)[1:swapper/0][PSEUDO][pseudo_port_probe #3633]: done, larbid:4, mask:0x7ffffffff)
[    0.581394]  (7)[1:swapper/0][PSEUDO][pseudo_port_probe #3633]: done, larbid:7, mask:0x7ffffffff)
[    0.591718]  (7)[1:swapper/0][PSEUDO][pseudo_port_probe #3633]: done, larbid:9, mask:0x7ffffffff)
[    0.601929]  (7)[1:swapper/0][PSEUDO][pseudo_port_probe #3633]: done, larbid:11, mask:0x7ffffffff)
[    0.604013]  (7)[1:swapper/0][PSEUDO][pseudo_port_probe #3633]: done, larbid:13, mask:0x7ffffffff)
[    0.604706]  (7)[1:swapper/0][PSEUDO][pseudo_port_probe #3633]: done, larbid:14, mask:0x7ffffffff)
[    0.608573]  (7)[1:swapper/0][PSEUDO][pseudo_port_probe #3633]: done, larbid:16, mask:0x7ffffffff)
[    0.612440]  (7)[1:swapper/0][PSEUDO][pseudo_port_probe #3633]: done, larbid:17, mask:0x7ffffffff)
[    0.616273]  (7)[1:swapper/0][PSEUDO][pseudo_port_probe #3633]: done, larbid:18, mask:0x7ffffffff)
[    0.616676]  (7)[1:swapper/0][PSEUDO][pseudo_port_probe #3633]: done, larbid:19, mask:0x7ffffffff)
[    0.617354]  (7)[1:swapper/0][PSEUDO][pseudo_port_probe #3633]: done, larbid:20, mask:0x7ffffffff)
[    0.617646]  (7)[1:swapper/0]mtk_iommu_create_iova_space, 2346, dev:pseudo_m4u-ccu0 allocated IOVA group3:000000005fbcef11, domain3:000000003f2e0e3a owner:-1 start:0x240000000 end:0x243ffffff ext=34
[    0.617729]  (7)[1:swapper/0][PSEUDO][pseudo_port_probe #3633]: done, larbid:22, mask:0x7ffffffff)
[    0.618035]  (7)[1:swapper/0]mtk_iommu_create_iova_space, 2346, dev:pseudo_m4u-ccu1 allocated IOVA group4:000000008392b302, domain4:000000005d7d2522 owner:-1 start:0x244000000 end:0x247ffffff ext=34
[    0.618121]  (7)[1:swapper/0][PSEUDO][pseudo_port_probe #3633]: done, larbid:23, mask:0x7ffffffff)
[    0.618266]  (7)[1:swapper/0][PSEUDO][pseudo_port_probe #3633]: done, larbid:24, mask:0x7ffffffff)
[    0.618826]  (7)[1:swapper/0][PSEUDO][pseudo_probe #3465]: pseudo_probe: 1
[    0.619794]  (7)[1:swapper/0][PSEUDO][pseudo_probe #3523]: cannot find larb 3, skip it
[    0.620347]  (7)[1:swapper/0][PSEUDO][pseudo_probe #3523]: cannot find larb 5, skip it
[    0.620570]  (7)[1:swapper/0][PSEUDO][pseudo_probe #3523]: cannot find larb 6, skip it
[    0.621122]  (7)[1:swapper/0][PSEUDO][pseudo_probe #3523]: cannot find larb 8, skip it
[    0.621691]  (7)[1:swapper/0][PSEUDO][pseudo_probe #3523]: cannot find larb 10, skip it
[    0.622270]  (7)[1:swapper/0][PSEUDO][pseudo_probe #3523]: cannot find larb 12, skip it
[    0.623149]  (7)[1:swapper/0][PSEUDO][pseudo_probe #3523]: cannot find larb 15, skip it
[    0.624951]  (7)[1:swapper/0][PSEUDO][pseudo_probe #3576]: pseudo_probe done
[    0.625149]  (7)[1:swapper/0]initcall mtk_pseudo_init+0x0/0x148 returned 0 after 48995 usecs
[    0.625159]  (7)[1:swapper/0]BOOTPROF:       625.157770:initcall: mtk_pseudo_init    50.191385ms
[    0.625168]  (7)[1:swapper/0]calling  mmdvfs_pmqos_init+0x0/0x5c @ 1
[    0.625434]  (7)[1:swapper/0]MMP: mmprofile_enable(): enable: 1
[    0.625456]  (7)[1:swapper/0]MMP: mmprofile_force_start(): start: 1
[    0.625478]  (7)[1:swapper/0][mmdvfs]vcore_steps: [0, 1, 2, 3, 0, 0], count:4
[    0.625484]  (7)[1:swapper/0][mmdvfs]start get step node of disp_freq
[    0.625491]  (7)[1:swapper/0][mmdvfs] node name disp_step0
[    0.625521]  (7)[1:swapper/0][mmdvfs]Get module clock: CLK_TOP_DISP_SEL
[    0.625557]  (7)[1:swapper/0][mmdvfs]Get module clock: CLK_TOP_MAINPLL_D4
[    0.625568]  (7)[1:swapper/0][mmdvfs]disp_step0: 546MHz, clk:1/0/10
[    0.625577]  (7)[1:swapper/0][mmdvfs]read freq steps disp_step0_ext failed (-22)
[    0.625583]  (7)[1:swapper/0][mmdvfs] node name disp_step1
[    0.625597]  (7)[1:swapper/0][mmdvfs]Get module clock: CLK_TOP_DISP_SEL
[    0.625632]  (7)[1:swapper/0][mmdvfs]Get module clock: CLK_TOP_UNIVPLL_D6
[    0.625638]  (7)[1:swapper/0][mmdvfs]disp_step1: 416MHz, clk:1/0/11
[    0.625646]  (7)[1:swapper/0][mmdvfs]read freq steps disp_step1_ext failed (-22)
[    0.625652]  (7)[1:swapper/0][mmdvfs] node name disp_step2
[    0.625665]  (7)[1:swapper/0][mmdvfs]Get module clock: CLK_TOP_DISP_SEL
[    0.625703]  (7)[1:swapper/0][mmdvfs]Get module clock: CLK_TOP_UNIVPLL_D4_D2
[    0.625709]  (7)[1:swapper/0][mmdvfs]disp_step2: 312MHz, clk:1/0/12
[    0.625716]  (7)[1:swapper/0][mmdvfs]read freq steps disp_step2_ext failed (-22)
[    0.625722]  (7)[1:swapper/0][mmdvfs] node name disp_step3
[    0.625735]  (7)[1:swapper/0][mmdvfs]Get module clock: CLK_TOP_DISP_SEL
[    0.625774]  (7)[1:swapper/0][mmdvfs]Get module clock: CLK_TOP_UNIVPLL_D6_D2
[    0.625780]  (7)[1:swapper/0][mmdvfs]disp_step3: 208MHz, clk:1/0/13
[    0.625788]  (7)[1:swapper/0][mmdvfs]read freq steps disp_step3_ext failed (-22)
[    0.625793]  (7)[1:swapper/0][mmdvfs]disp_freq: step size:4
[    0.625800]  (7)[1:swapper/0][mmdvfs]disp_freq: add notifier
[    0.625806]  (7)[1:swapper/0][mmdvfs]MMDVFS limit is off
[    0.625812]  (7)[1:swapper/0][mmdvfs]start get step node of mdp_freq
[    0.625819]  (7)[1:swapper/0][mmdvfs] node name mdp_step0
[    0.625849]  (7)[1:swapper/0][mmdvfs]Get module clock: CLK_TOP_MDP_SEL
[    0.625911]  (7)[1:swapper/0][mmdvfs]Get module clock: CLK_TOP_TVDPLL
[    0.625917]  (7)[1:swapper/0][mmdvfs]mdp_step0: 594MHz, clk:1/8/24
[    0.625925]  (7)[1:swapper/0][mmdvfs]mdp_step0_ext: 594MHz, clk:3/9/1732923
[    0.625931]  (7)[1:swapper/0][mmdvfs] node name mdp_step1
[    0.625960]  (7)[1:swapper/0][mmdvfs]Get module clock: CLK_TOP_MDP_SEL
[    0.626024]  (7)[1:swapper/0][mmdvfs]Get module clock: CLK_TOP_MAINPLL_D5
[    0.626030]  (7)[1:swapper/0][mmdvfs]mdp_step1: 436MHz, clk:1/8/25
[    0.626038]  (7)[1:swapper/0][mmdvfs]mdp_step1_ext: 436MHz, clk:3/9/1732923
[    0.626043]  (7)[1:swapper/0][mmdvfs] node name mdp_step2
[    0.626073]  (7)[1:swapper/0][mmdvfs]Get module clock: CLK_TOP_MDP_SEL
[    0.626122]  (7)[1:swapper/0][mmdvfs]Get module clock: CLK_TOP_MMPLL_D4_D2
[    0.626128]  (7)[1:swapper/0][mmdvfs]mdp_step2: 343MHz, clk:1/8/18
[    0.626136]  (7)[1:swapper/0][mmdvfs]mdp_step2_ext: 343MHz, clk:3/9/1732923
[    0.626141]  (7)[1:swapper/0][mmdvfs] node name mdp_step3
[    0.626171]  (7)[1:swapper/0][mmdvfs]Get module clock: CLK_TOP_MDP_SEL
[    0.626224]  (7)[1:swapper/0][mmdvfs]Get module clock: CLK_TOP_MMPLL_D5_D2
[    0.626230]  (7)[1:swapper/0][mmdvfs]mdp_step3: 229MHz, clk:1/8/19
[    0.626238]  (7)[1:swapper/0][mmdvfs]mdp_step3_ext: 229MHz, clk:3/9/1443052
[    0.626243]  (7)[1:swapper/0][mmdvfs]mdp_freq: step size:4
[    0.626250]  (7)[1:swapper/0][mmdvfs]mdp_freq: add notifier
[    0.626255]  (7)[1:swapper/0][mmdvfs]MMDVFS limit is off
[    0.626261]  (7)[1:swapper/0][mmdvfs]start get step node of vdec_freq
[    0.626268]  (7)[1:swapper/0][mmdvfs] node name vdec_step0
[    0.626296]  (7)[1:swapper/0][mmdvfs]Get module clock: CLK_TOP_VDEC_SEL
[    0.626328]  (7)[1:swapper/0][mmdvfs]Get module clock: CLK_TOP_MAINPLL_D4
[    0.626334]  (7)[1:swapper/0][mmdvfs]vdec_step0: 546MHz, clk:1/7/10
[    0.626342]  (7)[1:swapper/0][mmdvfs]read freq steps vdec_step0_ext failed (-22)
[    0.626347]  (7)[1:swapper/0][mmdvfs] node name vdec_step1
[    0.626375]  (7)[1:swapper/0][mmdvfs]Get module clock: CLK_TOP_VDEC_SEL
[    0.626409]  (7)[1:swapper/0][mmdvfs]Get module clock: CLK_TOP_UNIVPLL_D6
[    0.626414]  (7)[1:swapper/0][mmdvfs]vdec_step1: 416MHz, clk:1/7/11
[    0.626422]  (7)[1:swapper/0][mmdvfs]read freq steps vdec_step1_ext failed (-22)
[    0.626427]  (7)[1:swapper/0][mmdvfs] node name vdec_step2
[    0.626455]  (7)[1:swapper/0][mmdvfs]Get module clock: CLK_TOP_VDEC_SEL
[    0.626491]  (7)[1:swapper/0][mmdvfs]Get module clock: CLK_TOP_UNIVPLL_D4_D2
[    0.626497]  (7)[1:swapper/0][mmdvfs]vdec_step2: 312MHz, clk:1/7/12
[    0.626504]  (7)[1:swapper/0][mmdvfs]read freq steps vdec_step2_ext failed (-22)
[    0.626510]  (7)[1:swapper/0][mmdvfs] node name vdec_step3
[    0.626538]  (7)[1:swapper/0][mmdvfs]Get module clock: CLK_TOP_VDEC_SEL
[    0.626598]  (7)[1:swapper/0][mmdvfs]Get module clock: CLK_TOP_MAINPLL_D5_D2
[    0.626604]  (7)[1:swapper/0][mmdvfs]vdec_step3: 218MHz, clk:1/7/23
[    0.626611]  (7)[1:swapper/0][mmdvfs]read freq steps vdec_step3_ext failed (-22)
[    0.626617]  (7)[1:swapper/0][mmdvfs]vdec_freq: step size:4
[    0.626623]  (7)[1:swapper/0][mmdvfs]vdec_freq: add notifier
[    0.626628]  (7)[1:swapper/0][mmdvfs]MMDVFS limit is off
[    0.626634]  (7)[1:swapper/0][mmdvfs]start get step node of venc_freq
[    0.626641]  (7)[1:swapper/0][mmdvfs] node name venc_step0
[    0.626667]  (7)[1:swapper/0][mmdvfs]Get module clock: CLK_TOP_VENC_SEL
[    0.626708]  (7)[1:swapper/0][mmdvfs]Get module clock: CLK_TOP_UNIVPLL_D4
[    0.626714]  (7)[1:swapper/0][mmdvfs]venc_step0: 624MHz, clk:1/6/14
[    0.626721]  (7)[1:swapper/0][mmdvfs]read freq steps venc_step0_ext failed (-22)
[    0.626727]  (7)[1:swapper/0][mmdvfs] node name venc_step1
[    0.626752]  (7)[1:swapper/0][mmdvfs]Get module clock: CLK_TOP_VENC_SEL
[    0.626804]  (7)[1:swapper/0][mmdvfs]Get module clock: CLK_TOP_MMPLL_D6
[    0.626810]  (7)[1:swapper/0][mmdvfs]venc_step1: 458MHz, clk:1/6/20
[    0.626818]  (7)[1:swapper/0][mmdvfs]read freq steps venc_step1_ext failed (-22)
[    0.626823]  (7)[1:swapper/0][mmdvfs] node name venc_step2
[    0.626848]  (7)[1:swapper/0][mmdvfs]Get module clock: CLK_TOP_VENC_SEL
[    0.626904]  (7)[1:swapper/0][mmdvfs]Get module clock: CLK_TOP_MAINPLL_D6
[    0.626909]  (7)[1:swapper/0][mmdvfs]venc_step2: 364MHz, clk:1/6/21
[    0.626917]  (7)[1:swapper/0][mmdvfs]read freq steps venc_step2_ext failed (-22)
[    0.626922]  (7)[1:swapper/0][mmdvfs] node name venc_step3
[    0.626947]  (7)[1:swapper/0][mmdvfs]Get module clock: CLK_TOP_VENC_SEL
[    0.627004]  (7)[1:swapper/0][mmdvfs]Get module clock: CLK_TOP_UNIVPLL_D5_D2
[    0.627010]  (7)[1:swapper/0][mmdvfs]venc_step3: 249MHz, clk:1/6/22
[    0.627017]  (7)[1:swapper/0][mmdvfs]read freq steps venc_step3_ext failed (-22)
[    0.627023]  (7)[1:swapper/0][mmdvfs]venc_freq: step size:4
[    0.627029]  (7)[1:swapper/0][mmdvfs]venc_freq: add notifier
[    0.627035]  (7)[1:swapper/0][mmdvfs]MMDVFS limit is off
[    0.627040]  (7)[1:swapper/0][mmdvfs]start get step node of img_freq
[    0.627047]  (7)[1:swapper/0][mmdvfs] node name img_step0
[    0.627096]  (7)[1:swapper/0][mmdvfs]Get module clock: CLK_TOP_IMG1_SEL
[    0.627138]  (7)[1:swapper/0][mmdvfs]Get module clock: CLK_TOP_UNIVPLL_D4
[    0.627144]  (7)[1:swapper/0][mmdvfs]img_step0: 624MHz, clk:1/2/14
[    0.627152]  (7)[1:swapper/0][mmdvfs]read freq steps img_step0_ext failed (-22)
[    0.627157]  (7)[1:swapper/0][mmdvfs] node name img_step1
[    0.627174]  (7)[1:swapper/0][mmdvfs]Get module clock: CLK_TOP_IMG1_SEL
[    0.627227]  (7)[1:swapper/0][mmdvfs]Get module clock: CLK_TOP_MMPLL_D6
[    0.627232]  (7)[1:swapper/0][mmdvfs]img_step1: 458MHz, clk:1/2/20
[    0.627240]  (7)[1:swapper/0][mmdvfs]read freq steps img_step1_ext failed (-22)
[    0.627246]  (7)[1:swapper/0][mmdvfs] node name img_step2
[    0.627263]  (7)[1:swapper/0][mmdvfs]Get module clock: CLK_TOP_IMG1_SEL
[    0.627311]  (7)[1:swapper/0][mmdvfs]Get module clock: CLK_TOP_MMPLL_D4_D2
[    0.627318]  (7)[1:swapper/0][mmdvfs]img_step2: 343MHz, clk:1/2/18
[    0.627325]  (7)[1:swapper/0][mmdvfs]read freq steps img_step2_ext failed (-22)
[    0.627331]  (7)[1:swapper/0][mmdvfs] node name img_step3
[    0.627348]  (7)[1:swapper/0][mmdvfs]Get module clock: CLK_TOP_IMG1_SEL
[    0.627398]  (7)[1:swapper/0][mmdvfs]Get module clock: CLK_TOP_MMPLL_D5_D2
[    0.627404]  (7)[1:swapper/0][mmdvfs]img_step3: 229MHz, clk:1/2/19
[    0.627411]  (7)[1:swapper/0][mmdvfs]read freq steps img_step3_ext failed (-22)
[    0.627417]  (7)[1:swapper/0][mmdvfs]img_freq: step size:4
[    0.627423]  (7)[1:swapper/0][mmdvfs]img_freq: add notifier
[    0.627428]  (7)[1:swapper/0][mmdvfs]MMDVFS limit is off
[    0.627434]  (7)[1:swapper/0][mmdvfs]start get step node of cam_freq
[    0.627441]  (7)[1:swapper/0][mmdvfs] node name cam_step0
[    0.627457]  (7)[1:swapper/0][mmdvfs]Get module clock: CLK_TOP_CAM_SEL
[    0.627497]  (7)[1:swapper/0][mmdvfs]Get module clock: CLK_TOP_UNIVPLL_D4
[    0.627503]  (7)[1:swapper/0][mmdvfs]cam_step0: 624MHz, clk:1/1/14
[    0.627511]  (7)[1:swapper/0][mmdvfs]read freq steps cam_step0_ext failed (-22)
[    0.627516]  (7)[1:swapper/0][mmdvfs] node name cam_step1
[    0.627531]  (7)[1:swapper/0][mmdvfs]Get module clock: CLK_TOP_CAM_SEL
[    0.627563]  (7)[1:swapper/0][mmdvfs]Get module clock: CLK_TOP_MAINPLL_D4
[    0.627569]  (7)[1:swapper/0][mmdvfs]cam_step1: 546MHz, clk:1/1/10
[    0.627577]  (7)[1:swapper/0][mmdvfs]read freq steps cam_step1_ext failed (-22)
[    0.627582]  (7)[1:swapper/0][mmdvfs] node name cam_step2
[    0.627597]  (7)[1:swapper/0][mmdvfs]Get module clock: CLK_TOP_CAM_SEL
[    0.627641]  (7)[1:swapper/0][mmdvfs]Get module clock: CLK_TOP_MMPLL_D7
[    0.627647]  (7)[1:swapper/0][mmdvfs]cam_step2: 392MHz, clk:1/1/16
[    0.627655]  (7)[1:swapper/0][mmdvfs]read freq steps cam_step2_ext failed (-22)
[    0.627660]  (7)[1:swapper/0][mmdvfs] node name cam_step3
[    0.627676]  (7)[1:swapper/0][mmdvfs]Get module clock: CLK_TOP_CAM_SEL
[    0.627741]  (7)[1:swapper/0][mmdvfs]Get module clock: CLK_TOP_NPUPLL
[    0.627747]  (7)[1:swapper/0][mmdvfs]cam_step3: 286MHz, clk:1/1/26
[    0.627755]  (7)[1:swapper/0][mmdvfs]read freq steps cam_step3_ext failed (-22)
[    0.627760]  (7)[1:swapper/0][mmdvfs]cam_freq: step size:4
[    0.627767]  (7)[1:swapper/0][mmdvfs]cam_freq: add notifier
[    0.627772]  (7)[1:swapper/0][mmdvfs]MMDVFS limit is off
[    0.627778]  (7)[1:swapper/0][mmdvfs]start get step node of dpe_freq
[    0.627785]  (7)[1:swapper/0][mmdvfs] node name dpe_step0
[    0.627807]  (7)[1:swapper/0][mmdvfs]Get module clock: CLK_TOP_DPE_SEL
[    0.627839]  (7)[1:swapper/0][mmdvfs]Get module clock: CLK_TOP_MAINPLL_D4
[    0.627844]  (7)[1:swapper/0][mmdvfs]dpe_step0: 546MHz, clk:1/4/10
[    0.627852]  (7)[1:swapper/0][mmdvfs]read freq steps dpe_step0_ext failed (-22)
[    0.627857]  (7)[1:swapper/0][mmdvfs] node name dpe_step1
[    0.627879]  (7)[1:swapper/0][mmdvfs]Get module clock: CLK_TOP_DPE_SEL
[    0.627931]  (7)[1:swapper/0][mmdvfs]Get module clock: CLK_TOP_MMPLL_D6
[    0.627937]  (7)[1:swapper/0][mmdvfs]dpe_step1: 458MHz, clk:1/4/20
[    0.627944]  (7)[1:swapper/0][mmdvfs]read freq steps dpe_step1_ext failed (-22)
[    0.627950]  (7)[1:swapper/0][mmdvfs] node name dpe_step2
[    0.627971]  (7)[1:swapper/0][mmdvfs]Get module clock: CLK_TOP_DPE_SEL
[    0.628025]  (7)[1:swapper/0][mmdvfs]Get module clock: CLK_TOP_MAINPLL_D6
[    0.628031]  (7)[1:swapper/0][mmdvfs]dpe_step2: 364MHz, clk:1/4/21
[    0.628038]  (7)[1:swapper/0][mmdvfs]read freq steps dpe_step2_ext failed (-22)
[    0.628044]  (7)[1:swapper/0][mmdvfs] node name dpe_step3
[    0.628065]  (7)[1:swapper/0][mmdvfs]Get module clock: CLK_TOP_DPE_SEL
[    0.628123]  (7)[1:swapper/0][mmdvfs]Get module clock: CLK_TOP_UNIVPLL_D5_D2
[    0.628128]  (7)[1:swapper/0][mmdvfs]dpe_step3: 249MHz, clk:1/4/22
[    0.628136]  (7)[1:swapper/0][mmdvfs]read freq steps dpe_step3_ext failed (-22)
[    0.628142]  (7)[1:swapper/0][mmdvfs]dpe_freq: step size:4
[    0.628148]  (7)[1:swapper/0][mmdvfs]dpe_freq: add notifier
[    0.628153]  (7)[1:swapper/0][mmdvfs]MMDVFS limit is off
[    0.628159]  (7)[1:swapper/0][mmdvfs]start get step node of ipe_freq
[    0.628166]  (7)[1:swapper/0][mmdvfs] node name ipe_step0
[    0.628189]  (7)[1:swapper/0][mmdvfs]Get module clock: CLK_TOP_IPE_SEL
[    0.628221]  (7)[1:swapper/0][mmdvfs]Get module clock: CLK_TOP_MAINPLL_D4
[    0.628227]  (7)[1:swapper/0][mmdvfs]ipe_step0: 546MHz, clk:1/5/10
[    0.628235]  (7)[1:swapper/0][mmdvfs]read freq steps ipe_step0_ext failed (-22)
[    0.628240]  (7)[1:swapper/0][mmdvfs] node name ipe_step1
[    0.628263]  (7)[1:swapper/0][mmdvfs]Get module clock: CLK_TOP_IPE_SEL
[    0.628297]  (7)[1:swapper/0][mmdvfs]Get module clock: CLK_TOP_UNIVPLL_D6
[    0.628303]  (7)[1:swapper/0][mmdvfs]ipe_step1: 416MHz, clk:1/5/11
[    0.628311]  (7)[1:swapper/0][mmdvfs]read freq steps ipe_step1_ext failed (-22)
[    0.628316]  (7)[1:swapper/0][mmdvfs] node name ipe_step2
[    0.628339]  (7)[1:swapper/0][mmdvfs]Get module clock: CLK_TOP_IPE_SEL
[    0.628375]  (7)[1:swapper/0][mmdvfs]Get module clock: CLK_TOP_UNIVPLL_D4_D2
[    0.628381]  (7)[1:swapper/0][mmdvfs]ipe_step2: 312MHz, clk:1/5/12
[    0.628388]  (7)[1:swapper/0][mmdvfs]read freq steps ipe_step2_ext failed (-22)
[    0.628394]  (7)[1:swapper/0][mmdvfs] node name ipe_step3
[    0.628417]  (7)[1:swapper/0][mmdvfs]Get module clock: CLK_TOP_IPE_SEL
[    0.628467]  (7)[1:swapper/0][mmdvfs]Get module clock: CLK_TOP_MMPLL_D5_D2
[    0.628473]  (7)[1:swapper/0][mmdvfs]ipe_step3: 229MHz, clk:1/5/19
[    0.628480]  (7)[1:swapper/0][mmdvfs]read freq steps ipe_step3_ext failed (-22)
[    0.628486]  (7)[1:swapper/0][mmdvfs]ipe_freq: step size:4
[    0.628491]  (7)[1:swapper/0][mmdvfs]MMDVFS limit is off
[    0.628497]  (7)[1:swapper/0][mmdvfs]start get step node of ccu_freq
[    0.628504]  (7)[1:swapper/0][mmdvfs] node name ccu_step0
[    0.628535]  (7)[1:swapper/0][mmdvfs]Get module clock: CLK_TOP_CCU_SEL
[    0.628578]  (7)[1:swapper/0][mmdvfs]Get module clock: CLK_TOP_UNIVPLL_D5
[    0.628584]  (7)[1:swapper/0][mmdvfs]ccu_step0: 499MHz, clk:1/9/15
[    0.628592]  (7)[1:swapper/0][mmdvfs]read freq steps ccu_step0_ext failed (-22)
[    0.628597]  (7)[1:swapper/0][mmdvfs] node name ccu_step1
[    0.628628]  (7)[1:swapper/0][mmdvfs]Get module clock: CLK_TOP_CCU_SEL
[    0.628673]  (7)[1:swapper/0][mmdvfs]Get module clock: CLK_TOP_MMPLL_D7
[    0.628678]  (7)[1:swapper/0][mmdvfs]ccu_step1: 392MHz, clk:1/9/16
[    0.628686]  (7)[1:swapper/0][mmdvfs]read freq steps ccu_step1_ext failed (-22)
[    0.628691]  (7)[1:swapper/0][mmdvfs] node name ccu_step2
[    0.628723]  (7)[1:swapper/0][mmdvfs]Get module clock: CLK_TOP_CCU_SEL
[    0.628777]  (7)[1:swapper/0][mmdvfs]Get module clock: CLK_TOP_MAINPLL_D6
[    0.628783]  (7)[1:swapper/0][mmdvfs]ccu_step2: 364MHz, clk:1/9/21
[    0.628790]  (7)[1:swapper/0][mmdvfs]read freq steps ccu_step2_ext failed (-22)
[    0.628795]  (7)[1:swapper/0][mmdvfs] node name ccu_step3
[    0.628827]  (7)[1:swapper/0][mmdvfs]Get module clock: CLK_TOP_CCU_SEL
[    0.628877]  (7)[1:swapper/0][mmdvfs]Get module clock: CLK_TOP_MMPLL_D5_D2
[    0.628883]  (7)[1:swapper/0][mmdvfs]ccu_step3: 229MHz, clk:1/9/19
[    0.628890]  (7)[1:swapper/0][mmdvfs]read freq steps ccu_step3_ext failed (-22)
[    0.628895]  (7)[1:swapper/0][mmdvfs]ccu_freq: step size:4
[    0.628901]  (7)[1:swapper/0][mmdvfs]MMDVFS limit is off
[    0.628906]  (7)[1:swapper/0][mmdvfs]start get step node of img2_freq
[    0.628913]  (7)[1:swapper/0][mmdvfs] node name img2_step0
[    0.628933]  (7)[1:swapper/0][mmdvfs]Get module clock: CLK_TOP_IMG2_SEL
[    0.628973]  (7)[1:swapper/0][mmdvfs]Get module clock: CLK_TOP_UNIVPLL_D4
[    0.628979]  (7)[1:swapper/0][mmdvfs]img2_step0: 624MHz, clk:1/3/14
[    0.628987]  (7)[1:swapper/0][mmdvfs]read freq steps img2_step0_ext failed (-22)
[    0.628992]  (7)[1:swapper/0][mmdvfs] node name img2_step1
[    0.629012]  (7)[1:swapper/0][mmdvfs]Get module clock: CLK_TOP_IMG2_SEL
[    0.629064]  (7)[1:swapper/0][mmdvfs]Get module clock: CLK_TOP_MMPLL_D6
[    0.629069]  (7)[1:swapper/0][mmdvfs]img2_step1: 458MHz, clk:1/3/20
[    0.629077]  (7)[1:swapper/0][mmdvfs]read freq steps img2_step1_ext failed (-22)
[    0.629083]  (7)[1:swapper/0][mmdvfs] node name img2_step2
[    0.629102]  (7)[1:swapper/0][mmdvfs]Get module clock: CLK_TOP_IMG2_SEL
[    0.629150]  (7)[1:swapper/0][mmdvfs]Get module clock: CLK_TOP_MMPLL_D4_D2
[    0.629156]  (7)[1:swapper/0][mmdvfs]img2_step2: 343MHz, clk:1/3/18
[    0.629163]  (7)[1:swapper/0][mmdvfs]read freq steps img2_step2_ext failed (-22)
[    0.629169]  (7)[1:swapper/0][mmdvfs] node name img2_step3
[    0.629188]  (7)[1:swapper/0][mmdvfs]Get module clock: CLK_TOP_IMG2_SEL
[    0.629239]  (7)[1:swapper/0][mmdvfs]Get module clock: CLK_TOP_MMPLL_D5_D2
[    0.629245]  (7)[1:swapper/0][mmdvfs]img2_step3: 229MHz, clk:1/3/19
[    0.629252]  (7)[1:swapper/0][mmdvfs]read freq steps img2_step3_ext failed (-22)
[    0.629258]  (7)[1:swapper/0][mmdvfs]img2_freq: step size:4
[    0.629263]  (7)[1:swapper/0][mmdvfs]MMDVFS limit is off
[    0.629294]  (7)[1:swapper/0][mmdvfs]larb[0].comm_port=0 channel=0
[    0.629299]  (7)[1:swapper/0][mmdvfs]larb[1].comm_port=1 channel=1
[    0.629305]  (7)[1:swapper/0][mmdvfs]larb[2].comm_port=4 channel=1
[    0.629311]  (7)[1:swapper/0][mmdvfs]larb[3].comm_port=8 channel=0
[    0.629316]  (7)[1:swapper/0][mmdvfs]larb[4].comm_port=2 channel=1
[    0.629322]  (7)[1:swapper/0][mmdvfs]larb[5].comm_port=2 channel=1
[    0.629328]  (7)[1:swapper/0][mmdvfs]larb[6].comm_port=8 channel=0
[    0.629333]  (7)[1:swapper/0][mmdvfs]larb[7].comm_port=3 channel=0
[    0.629339]  (7)[1:swapper/0][mmdvfs]larb[8].comm_port=8 channel=0
[    0.629344]  (7)[1:swapper/0][mmdvfs]larb[9].comm_port=5 channel=1
[    0.629350]  (7)[1:swapper/0][mmdvfs]larb[10].comm_port=8 channel=0
[    0.629356]  (7)[1:swapper/0][mmdvfs]larb[11].comm_port=5 channel=1
[    0.629361]  (7)[1:swapper/0][mmdvfs]larb[12].comm_port=8 channel=0
[    0.629367]  (7)[1:swapper/0][mmdvfs]larb[13].comm_port=7 channel=1
[    0.629373]  (7)[1:swapper/0][mmdvfs]larb[14].comm_port=6 channel=0
[    0.629378]  (7)[1:swapper/0][mmdvfs]larb[15].comm_port=8 channel=0
[    0.629384]  (7)[1:swapper/0][mmdvfs]larb[16].comm_port=6 channel=0
[    0.629390]  (7)[1:swapper/0][mmdvfs]larb[17].comm_port=7 channel=1
[    0.629395]  (7)[1:swapper/0][mmdvfs]larb[18].comm_port=7 channel=1
[    0.629401]  (7)[1:swapper/0][mmdvfs]larb[19].comm_port=5 channel=1
[    0.629406]  (7)[1:swapper/0][mmdvfs]larb[20].comm_port=5 channel=1
[    0.629412]  (7)[1:swapper/0][mmdvfs]disp step size:4
[    0.629417]  (7)[1:swapper/0][mmdvfs] - step[0]: 546
[    0.629423]  (7)[1:swapper/0][mmdvfs] - step[1]: 416
[    0.629428]  (7)[1:swapper/0][mmdvfs] - step[2]: 312
[    0.629434]  (7)[1:swapper/0][mmdvfs] - step[3]: 208
[    0.629668]  (7)[1:swapper/0][mmdvfs]mmdvfs_pmqos_init
[    0.629679]  (7)[1:swapper/0]initcall mmdvfs_pmqos_init+0x0/0x5c returned 0 after 4394 usecs
[    0.629689]  (7)[1:swapper/0]calling  BTIF_init+0x0/0xb10 @ 1
[    0.629750]  (7)[1:swapper/0]MTK-BTIF[I]mtk_btif_probe:DO BTIF PROBE
[    0.629769]  (7)[1:swapper/0]MTK-BTIF[E]hal_btif_clk_get_and_prepare(299):[CCF]clk_btif=00000000b6fb0258
[    0.629783]  (7)[1:swapper/0]MTK-BTIF[E]hal_btif_clk_get_and_prepare(305):[CCF]clk_btif_apdma=000000001cb1e0c4
[    0.630121]  (7)[1:swapper/0]MTK-BTIF[I]BTIF_init:p_btif_buffer get memory 0x0000000034433c6c
[    0.630128]  (7)[1:swapper/0]MTK-BTIF[I]BTIF_init:p_tx_queue get memory 0x00000000c46835b5
[    0.630135]  (7)[1:swapper/0]MTK-BTIF[I]BTIF_init:p_rx_queue get memory 0x0000000090b84b59
[    0.630142]  (7)[1:swapper/0]MTK-BTIF[I]hal_btif_info_get:_btif_tx_fifo_init succeed
[    0.630173]  (7)[1:swapper/0]MTK-BTIF[I]_btif_set_default_setting:get btif irq(30),register base(0xffffff8008fc5000)
[    0.630180]  (7)[1:swapper/0]MTK-BTIF[I]_btif_set_default_setting:get interrupt flag(0x4)
[    0.630187]  (7)[1:swapper/0]MTK-BTIF[I]_btif_set_default_setting:get register phy base(0x1100c000)
[    0.630203]  (7)[1:swapper/0]MTK-BTIF-DMA[I]hal_dma_set_default_setting:tx_dma irq(31),register base(0xffffff8008fcdd80)
[    0.630210]  (7)[1:swapper/0]MTK-BTIF-DMA[I]hal_dma_set_default_setting:get interrupt flag(0x4)
[    0.630217]  (7)[1:swapper/0]MTK-BTIF-DMA[I]hal_dma_set_default_setting:get phy base dma_dir(1)(0x10217d80)
[    0.630228]  (7)[1:swapper/0]MTK-BTIF[I]_btif_vfifo_init:alloc vFIFO succeed in arch64,vir addr:0x000000002f6dafba,phy addr:0xbf500000
[    0.630243]  (7)[1:swapper/0]MTK-BTIF-DMA[I]hal_dma_set_default_setting:rx_dma irq(32),register base(0xffffff8008fd5e00)
[    0.630250]  (7)[1:swapper/0]MTK-BTIF-DMA[I]hal_dma_set_default_setting:get interrupt flag(0x4)
[    0.630256]  (7)[1:swapper/0]MTK-BTIF-DMA[I]hal_dma_set_default_setting:get phy base dma_dir(0)(0x10217e00)
[    0.630264]  (7)[1:swapper/0]MTK-BTIF[I]_btif_vfifo_init:alloc vFIFO succeed in arch64,vir addr:0x000000004e951c77,phy addr:0xbf502000
[    0.630402]  (7)[1:swapper/0]MTK-BTIF[I]_btif_rx_btm_init:set RT to workqueue succeed
[    0.630415]  (7)[1:swapper/0]MTK-BTIF[I]_btif_rx_btm_init:btif_rxd start to work!
[    0.630421]  (7)[1:swapper/0]MTK-BTIF[I]_btif_rx_btm_init:rx_spin_lock init succeed
[    0.630427]  (7)[1:swapper/0]MTK-BTIF[I]_btif_tx_ctx_init:nothing is done when btif tx in user's thread
[    0.630433]  (7)[1:swapper/0]MTK-BTIF[I]_btif_tx_ctx_init:succeed
[    0.630444]  (7)[1:swapper/0]initcall BTIF_init+0x0/0xb10 returned 0 after 726 usecs
[    0.630454]  (7)[1:swapper/0]calling  masp_init+0x0/0x4c @ 1
[    0.630932]  (7)[1:swapper/0]initcall masp_init+0x0/0x4c returned 0 after 457 usecs
[    0.630941]  (7)[1:swapper/0]calling  mobicore_init+0x0/0xb4 @ 1
[    0.630950]  (7)[1:swapper/0]Trustonic TEE: mobicore_init: MobiCore mcDrvModuleApi version is 8.3
[    0.631501]  (7)[1:swapper/0]Trustonic TEE: mobicore_probe: MobiCore t-base-MTK-A64-Android-500a-V009-20210919_233904_29714_105404
[    0.631757]  (7)[1:swapper/0]Trustonic TEE: nq_start: SSIQ from dts is 0x00000122
[    0.631786]  (7)[1:swapper/0]Trustonic TEE: nq_start: irq_set_irq_wake on irq 290 disabled
[    0.631985]  (7)[1:swapper/0]Trustonic TEE: nq_start: registered log buffer of size 262144
[    0.632001]  (1)[212:tee_log]Trustonic TEE: mtk(7)|*** Trustonic TEE MTK, Build: Aug 19 2022, 11:16:54 ***
[    0.632016]  (1)[212:tee_log]Trustonic TEE: mtk(7)|MTK: t-base-MTK-A64-Android-500a-V013-20220819_121213_48235_105528
[    0.632051]  (7)[1:swapper/0]Trustonic TEE: nq_boot_tee: irq_d->hwirq is 0x73
[    0.632051] 
[    0.632952]  (0)[214:tee_worker/0]policy not ready
[    0.633048]  (7)[1:swapper/0]Trustonic TEE: check_version: 
[    0.633048]     product_id        = t-base-MTK-A64-Android-500a-V013-20220819_121213_48235_105528
[    0.633048]     version_mci       = 0x00010008
[    0.633048]     version_so        = 0x00020002
[    0.633048]     version_mclf      = 0x00020005
[    0.633048]     version_container = 0x00020001
[    0.633048]     version_mc_config = 0x00000003
[    0.633048]     version_tl_api    = 0x00010014
[    0.633048]     version_dr_api    = 0x00010004
[    0.633048]     version_nwd       = 0x00080003
[    0.633048] 
[    0.633149]  (7)[1:swapper/0]initcall mobicore_init+0x0/0xb4 returned 0 after 2145 usecs
[    0.633158]  (7)[1:swapper/0]calling  tmem_mpu_vio_init+0x0/0x4c @ 1
[    0.633166]  (7)[1:swapper/0]initcall tmem_mpu_vio_init+0x0/0x4c returned 0 after 0 usecs
[    0.633174]  (7)[1:swapper/0]calling  tee_smem_devs_init+0x0/0x54 @ 1
[    0.633181]  (7)[1:swapper/0][TMEM]tee_smem_devs_init:210 DEVICE COUNT:(0), MIN CHUNK SIZE: (0x10000)
[    0.633187]  (7)[1:swapper/0][TMEM]tee_smem_devs_init:226 (end)
[    0.633195]  (7)[1:swapper/0]initcall tee_smem_devs_init+0x0/0x54 returned 0 after 12 usecs
[    0.633202]  (7)[1:swapper/0]calling  mtee_mchunks_init+0x0/0x14c @ 1
[    0.633208]  (7)[1:swapper/0][TMEM]mtee_mchunks_init:235 (2)
[    0.633328]  (7)[1:swapper/0][TMEM]trusted mem device:0 created
[    0.633334]  (7)[1:swapper/0][TMEM]MTEE_PEER_OPS
[    0.633340]  (7)[1:swapper/0][TMEM]trusted mem type 'MTEE_SVP' 0 registered!
[    0.633461]  (7)[1:swapper/0][TMEM]trusted mem device:2 created
[    0.633467]  (7)[1:swapper/0][TMEM]MTEE_PEER_OPS
[    0.633472]  (7)[1:swapper/0][TMEM]trusted mem type 'MTEE_WFD' 2 registered!
[    0.633478]  (7)[1:swapper/0][TMEM]mtee_mchunks_init:251 (end)
[    0.633486]  (7)[1:swapper/0]initcall mtee_mchunks_init+0x0/0x14c returned 0 after 269 usecs
[    0.633494]  (7)[1:swapper/0]calling  gz_init+0x0/0xe4 @ 1
[    0.633615]  (7)[1:swapper/0]initcall gz_init+0x0/0xe4 returned 0 after 110 usecs
[    0.633623]  (7)[1:swapper/0]calling  trusty_irq_driver_init+0x0/0xac @ 1
[    0.634402]  (2)[217:gz_get_cpuinfo_][KREE]gz_get_cpuinfo_thread driver register done
[    0.634633]  (7)[1:swapper/0]initcall trusty_irq_driver_init+0x0/0xac returned 0 after 977 usecs
[    0.634642]  (7)[1:swapper/0]calling  trusty_virtio_init+0x0/0x54 @ 1
[    0.635180]  (7)[1:swapper/0]initcall trusty_virtio_init+0x0/0x54 returned 0 after 516 usecs
[    0.635190]  (7)[1:swapper/0]calling  tee_sanity_driver_init+0x0/0x20 @ 1
[    0.635479]  (7)[1:swapper/0]tee_sanity: driver registered
[    0.635566]  (7)[1:swapper/0]initcall tee_sanity_driver_init+0x0/0x20 returned 0 after 359 usecs
[    0.635574]  (7)[1:swapper/0]calling  atf_log_init+0x0/0x7c @ 1
[    0.635855]  (7)[1:swapper/0]atf_log: inited
[    0.635995]  (7)[1:swapper/0]initcall atf_log_init+0x0/0x7c returned 0 after 401 usecs
[    0.636007]  (7)[1:swapper/0]calling  devinfo_init+0x0/0x1a0 @ 1
[    0.636043]  (7)[1:swapper/0]initcall devinfo_init+0x0/0x1a0 returned 0 after 27 usecs
[    0.636051]  (7)[1:swapper/0]calling  sspm_module_init+0x0/0x68 @ 1
[    0.636109]  (7)[1:swapper/0]SSPM platform service is ready
[    0.636116]  (7)[1:swapper/0]initcall sspm_module_init+0x0/0x68 returned 0 after 56 usecs
[    0.636125]  (7)[1:swapper/0]calling  mcupm_module_init+0x0/0xb4 @ 1
[    0.636188]  (7)[1:swapper/0]MCUPM: plt IPI success ret=0, ackdata=1
[    0.636194]  (7)[1:swapper/0]MCUPM platform service is ready
[    0.636202]  (7)[1:swapper/0]initcall mcupm_module_init+0x0/0xb4 returned 0 after 67 usecs
[    0.636210]  (7)[1:swapper/0]calling  archcounter_timesync_entry+0x0/0x58 @ 1
[    0.636219]  (7)[1:swapper/0]initcall archcounter_timesync_entry+0x0/0x58 returned 0 after 0 usecs
[    0.636232]  (7)[1:swapper/0]calling  accdet_mod_init+0x0/0x60 @ 1
[    0.636395]  (7)[1:swapper/0]mt_accdet_probe() begin!
[    0.636494]  (7)[1:swapper/0]input: ACCDET as /devices/virtual/input/input0
[    0.636735]  (7)[1:swapper/0][pmic_register_interrupt_callback] intNo=133, callback=accdet_int_handler
[    0.636743]  (7)[1:swapper/0][pmic_register_interrupt_callback] intNo=134, callback=accdet_eint_handler
[    0.637252]  (7)[1:swapper/0]Moisture_INT support water_r=10000, int_r=47000
[    0.637260]  (7)[1:swapper/0]accdet mic_vol=8, plugout_deb=1 mic_mode=2
[    0.637267]  (7)[1:swapper/0]accdet key thresh mid = 82, up = 170, down = 306
[    0.637273]  (7)[1:swapper/0]accdet pwm_width=0x500, thresh=0x500, fall=0x1, rise=0x1f0
[    0.637279]  (7)[1:swapper/0]deb0=0x1325, deb1=0x800, deb3=0x3d4, deb4=0x44
[    0.637285]  (7)[1:swapper/0]e_pwm_width=0x0, e_pwm_thresh=0x7
[    0.637291]  (7)[1:swapper/0]e_deb0=0x5, deb1=0x9, deb2=0x9, deb3=0xd
[    0.637297]  (7)[1:swapper/0]e_inv_deb=0xe, mdet_en=0x1, e_det_m=0x5, m_det_m=0x5
[    0.637303]  (7)[1:swapper/0]m_vth=0x2, m_vref2=0x2, e_e_res=0x0, m_e_res=0x0
[    0.638165]  (7)[1:swapper/0]accdet_get_efuse efuse=0x1ef0,auxadc_val=-8mv
[    0.638808]  (7)[1:swapper/0]accdet_get_efuse moisture_vdd efuse=0x201, moisture_vdd_offset=2 mv
[    0.639480]  (7)[1:swapper/0]accdet_get_efuse moisture_efuse efuse=0x0,moisture_offset=0 mv
[    0.640141]  (7)[1:swapper/0]accdet_get_efuse moisture_eint0 efuse=0x496d,moisture_eint0=0x49
[    0.640823]  (7)[1:swapper/0]accdet_get_efuse moisture_eint1 efuse=0x201,moisture_eint1=0x1
[    0.640829]  (7)[1:swapper/0]accdet_get_efuse moisture_eint_offset=329 ohm
[    0.640835]  (7)[1:swapper/0]accdet_get_efuse internal moisture_vm=313 mv
[    0.640985]  (7)[1:swapper/0]mt_accdet_probe done!
[    0.641605]  (7)[1:swapper/0]accdet_mod_init() done!
[    0.641617]  (7)[1:swapper/0]initcall accdet_mod_init+0x0/0x60 returned 0 after 5247 usecs
[    0.641627]  (7)[1:swapper/0]calling  mtk_dbgtop_init+0x0/0x8c @ 1
[    0.641736]  (7)[1:swapper/0]mtk_dbgtop_probe: already got the base addr
[    0.642021]  (7)[1:swapper/0]initcall mtk_dbgtop_init+0x0/0x8c returned 0 after 375 usecs
[    0.642030]  (7)[1:swapper/0]calling  cache_parity_init+0x0/0x3c @ 1
[    0.642069]  (7)[1:swapper/0][cache_parity_init_platform] adopt default flow
[    0.642580]  (7)[1:swapper/0]initcall cache_parity_init+0x0/0x3c returned 0 after 527 usecs
[    0.642588]  (7)[1:swapper/0]calling  init_boot_prof+0x0/0x38 @ 1
[    0.642599]  (7)[1:swapper/0]initcall init_boot_prof+0x0/0x38 returned 0 after 2 usecs
[    0.642607]  (7)[1:swapper/0]calling  init_mtsched_prof+0x0/0xac @ 1
[    0.642620]  (7)[1:swapper/0]initcall init_mtsched_prof+0x0/0xac returned 0 after 5 usecs
[    0.642630]  (7)[1:swapper/0]calling  ged_init+0x0/0x358 @ 1
[    0.642916]  (7)[1:swapper/0][fps]: drm_register_fps_chg_callback, entry[0] done!
[    0.644528]  (7)[1:swapper/0]initcall ged_init+0x0/0x358 returned 0 after 1844 usecs
[    0.644540]  (7)[1:swapper/0]calling  kbase_platform_driver_init+0x0/0x20 @ 1
[    0.644578]  (7)[1:swapper/0]initcall kbase_platform_driver_init+0x0/0x20 returned 0 after 28 usecs
[    0.644586]  (7)[1:swapper/0]calling  DIP_Init+0x0/0x38c @ 1
[    0.644592]  (0)[112:kworker/u16:1][DIP][DIP_Init] - E. Magic: 68
[    0.645084]  (0)[112:kworker/u16:1]kbase_platform_device_probe start
[    0.645104]  (0)[112:kworker/u16:1]mali 13000000.mali: Kernel DDK version r32p1-01eac0
[    0.645121]  (0)[112:kworker/u16:1][GPU/MALI][INFO]@mtk_platform_device_init: initialize successfully
[    0.645210]  (0)[112:kworker/u16:1][GPU/DVFS] @mt_gpufreq_get_shader_present: segment_id=1 shader_present=5
[    0.646265]  (0)[112:kworker/u16:1]mali 13000000.mali: GPU identified as 0x3 arch 9.0.9 r0p1 status 0
[    0.647752]  (0)[112:kworker/u16:1]mali 13000000.mali: No priority control manager is configured
[    0.647762]  (0)[112:kworker/u16:1]mali 13000000.mali: No memory group manager is configured
[    0.649166]  (0)[112:kworker/u16:1]mali 13000000.mali: Probed as mali0
[    0.649232]  (7)[1:swapper/0][DIP][DIP_probe] - E. DIP driver probe. nr_dip_devs : 0.
[    0.649281]  (7)[1:swapper/0][DIP][DIP_probe] nr_dip_devs=1, devnode(imgsys_config), map_addr=0xffffff8009635000
[    0.649308]  (7)[1:swapper/0][DIP][DIP_probe] No IRQ!!: nr_dip_devs=1, devnode(imgsys_config), irq=0
[    0.649314]  (7)[1:swapper/0][DIP][DIP_RegCharDev] - E.
[    0.649322]  (7)[1:swapper/0][DIP][DIP_RegCharDev] - X.
[    0.649805]  (7)[1:swapper/0][DIP][DIP_probe] - X. DIP driver probe.
[    0.649842]  (7)[1:swapper/0][DIP][DIP_probe] - E. DIP driver probe. nr_dip_devs : 1.
[    0.649860]  (7)[1:swapper/0][DIP][DIP_probe] nr_dip_devs=2, devnode(dip_a0), map_addr=0xffffff800a690000
[    0.649883]  (7)[1:swapper/0][DIP][DIP_probe] No corresponding ISR!!
[    0.649889]  (7)[1:swapper/0][DIP][DIP_probe] nr_dip_devs=2, devnode(dip_a0), irq=242
[    0.649895]  (7)[1:swapper/0][DIP][DIP_probe] - X. DIP driver probe.
[    0.649951]  (7)[1:swapper/0][DIP][DIP_probe] - E. DIP driver probe. nr_dip_devs : 2.
[    0.649985]  (7)[1:swapper/0][DIP][DIP_probe] nr_dip_devs=3, devnode(imgsys2_config), map_addr=0xffffff800963d000
[    0.649996]  (7)[1:swapper/0][DIP][DIP_probe] No IRQ!!: nr_dip_devs=3, devnode(imgsys2_config), irq=0
[    0.650001]  (7)[1:swapper/0][DIP][DIP_probe] - X. DIP driver probe.
[    0.650047]  (7)[1:swapper/0][DIP][DIP_probe] - E. DIP driver probe. nr_dip_devs : 3.
[    0.650057]  (7)[1:swapper/0][DIP][DIP_probe] nr_dip_devs=4, devnode(msfdl), map_addr=0xffffff8009e12dd0
[    0.650070]  (7)[1:swapper/0][DIP][DIP_probe] No corresponding ISR!!
[    0.650075]  (7)[1:swapper/0][DIP][DIP_probe] nr_dip_devs=4, devnode(msfdl), irq=249
[    0.650081]  (7)[1:swapper/0][DIP][DIP_probe] - X. DIP driver probe.
[    0.650103]  (7)[1:swapper/0][DIP][DIP_probe] - E. DIP driver probe. nr_dip_devs : 4.
[    0.650128]  (7)[1:swapper/0][DIP][DIP_probe] nr_dip_devs=5, devnode(mssdl), map_addr=0xffffff8009645000
[    0.650139]  (7)[1:swapper/0][DIP][DIP_probe] No corresponding ISR!!
[    0.650145]  (7)[1:swapper/0][DIP][DIP_probe] nr_dip_devs=5, devnode(mssdl), irq=250
[    0.650151]  (7)[1:swapper/0][DIP][DIP_probe] - X. DIP driver probe.
[    0.650377]  (7)[1:swapper/0][DIP][DIP_Init] register dip callback for MDP
[    0.650380]  (7)[1:swapper/0][DIP][DIP_Init] register dip callback for GCE
[    0.650387]  (7)[1:swapper/0][DIP][DIP_Init] - X. Ret: 0.
[    0.650398]  (7)[1:swapper/0]initcall DIP_Init+0x0/0x38c returned 0 after 5664 usecs
[    0.650411]  (7)[1:swapper/0]calling  ISP_Init+0x0/0x3bc @ 1
[    0.651949]  (7)[1:swapper/0][ISP][ISP_probe] - E. ISP driver probe.
[    0.651968]  (7)[1:swapper/0][ISP][ISP_probe] nr_isp_devs=1, devnode(camsys), map_addr=0xffffff800a6a0000
[    0.651985]  (7)[1:swapper/0][ISP][ISP_probe] No IRQ!!: nr_isp_devs=1, devnode(camsys), irq=0
[    0.655094]  (0)[139:kworker/0:1]qos ipi not ready, skip cmd=14
[    0.656555]  (7)[1:swapper/0][ISP][ISP_probe] - X. ISP driver probe.
[    0.656592]  (7)[1:swapper/0][ISP][ISP_probe] - E. ISP driver probe.
[    0.656631]  (7)[1:swapper/0][ISP][ISP_probe] nr_isp_devs=2, devnode(camsys_a), map_addr=0xffffff800964d000
[    0.656643]  (7)[1:swapper/0][ISP][ISP_probe] No IRQ!!: nr_isp_devs=2, devnode(camsys_a), irq=0
[    0.656648]  (7)[1:swapper/0][ISP][ISP_probe] - X. ISP driver probe.
[    0.656674]  (7)[1:swapper/0][ISP][ISP_probe] - E. ISP driver probe.
[    0.656683]  (7)[1:swapper/0][ISP][ISP_probe] nr_isp_devs=3, devnode(camsys_b), map_addr=0xffffff8009655000
[    0.656692]  (7)[1:swapper/0][ISP][ISP_probe] No IRQ!!: nr_isp_devs=3, devnode(camsys_b), irq=0
[    0.656697]  (7)[1:swapper/0][ISP][ISP_probe] - X. ISP driver probe.
[    0.656720]  (7)[1:swapper/0][ISP][ISP_probe] - E. ISP driver probe.
[    0.656728]  (7)[1:swapper/0][ISP][ISP_probe] nr_isp_devs=4, devnode(camsys_c), map_addr=0xffffff800965d000
[    0.656737]  (7)[1:swapper/0][ISP][ISP_probe] No IRQ!!: nr_isp_devs=4, devnode(camsys_c), irq=0
[    0.656742]  (7)[1:swapper/0][ISP][ISP_probe] - X. ISP driver probe.
[    0.656767]  (7)[1:swapper/0][ISP][ISP_probe] - E. ISP driver probe.
[    0.656780]  (7)[1:swapper/0][ISP][ISP_probe] nr_isp_devs=5, devnode(cam1_inner), map_addr=0xffffff800a6b8000
[    0.656789]  (7)[1:swapper/0][ISP][ISP_probe] No IRQ!!: nr_isp_devs=5, devnode(cam1_inner), irq=0
[    0.656794]  (7)[1:swapper/0][ISP][ISP_probe] - X. ISP driver probe.
[    0.656817]  (7)[1:swapper/0][ISP][ISP_probe] - E. ISP driver probe.
[    0.656827]  (7)[1:swapper/0][ISP][ISP_probe] nr_isp_devs=6, devnode(cam2_inner), map_addr=0xffffff800a6c8000
[    0.656836]  (7)[1:swapper/0][ISP][ISP_probe] No IRQ!!: nr_isp_devs=6, devnode(cam2_inner), irq=0
[    0.656841]  (7)[1:swapper/0][ISP][ISP_probe] - X. ISP driver probe.
[    0.656863]  (7)[1:swapper/0][ISP][ISP_probe] - E. ISP driver probe.
[    0.656872]  (7)[1:swapper/0][ISP][ISP_probe] nr_isp_devs=7, devnode(cam3_inner), map_addr=0xffffff800a6d8000
[    0.656881]  (7)[1:swapper/0][ISP][ISP_probe] No IRQ!!: nr_isp_devs=7, devnode(cam3_inner), irq=0
[    0.656886]  (7)[1:swapper/0][ISP][ISP_probe] - X. ISP driver probe.
[    0.656909]  (7)[1:swapper/0][ISP][ISP_probe] - E. ISP driver probe.
[    0.656918]  (7)[1:swapper/0][ISP][ISP_probe] nr_isp_devs=8, devnode(cam1), map_addr=0xffffff800a6e8000
[    0.656949]  (7)[1:swapper/0][ISP][ISP_probe] nr_isp_devs=8, devnode(cam1), irq=256, ISR: cam1
[    0.656955]  (7)[1:swapper/0][ISP][ISP_probe] - X. ISP driver probe.
[    0.656981]  (7)[1:swapper/0][ISP][ISP_probe] - E. ISP driver probe.
[    0.656991]  (7)[1:swapper/0][ISP][ISP_probe] nr_isp_devs=9, devnode(cam2), map_addr=0xffffff800a6f8000
[    0.657012]  (7)[1:swapper/0][ISP][ISP_probe] nr_isp_devs=9, devnode(cam2), irq=257, ISR: cam2
[    0.657017]  (7)[1:swapper/0][ISP][ISP_probe] - X. ISP driver probe.
[    0.657040]  (7)[1:swapper/0][ISP][ISP_probe] - E. ISP driver probe.
[    0.657050]  (7)[1:swapper/0][ISP][ISP_probe] nr_isp_devs=10, devnode(cam3), map_addr=0xffffff800a708000
[    0.657059]  (7)[1:swapper/0][ISP][ISP_probe] No IRQ!!: nr_isp_devs=10, devnode(cam3), irq=0
[    0.657064]  (7)[1:swapper/0][ISP][ISP_probe] - X. ISP driver probe.
[    0.657086]  (7)[1:swapper/0][ISP][ISP_probe] - E. ISP driver probe.
[    0.657117]  (7)[1:swapper/0][ISP][ISP_probe] nr_isp_devs=11, devnode(camsv3), map_addr=0xffffff8009665000
[    0.657141]  (7)[1:swapper/0][ISP][ISP_probe] nr_isp_devs=11, devnode(camsv3), irq=258, ISR: camsv3
[    0.657146]  (7)[1:swapper/0][ISP][ISP_probe] - X. ISP driver probe.
[    0.657171]  (7)[1:swapper/0][ISP][ISP_probe] - E. ISP driver probe.
[    0.657180]  (7)[1:swapper/0][ISP][ISP_probe] nr_isp_devs=12, devnode(camsv4), map_addr=0xffffff800966d000
[    0.657200]  (7)[1:swapper/0][ISP][ISP_probe] nr_isp_devs=12, devnode(camsv4), irq=259, ISR: camsv4
[    0.657206]  (7)[1:swapper/0][ISP][ISP_probe] - X. ISP driver probe.
[    0.657228]  (7)[1:swapper/0][ISP][ISP_probe] - E. ISP driver probe.
[    0.657237]  (7)[1:swapper/0][ISP][ISP_probe] nr_isp_devs=13, devnode(camsv5), map_addr=0xffffff8009675000
[    0.657256]  (7)[1:swapper/0][ISP][ISP_probe] nr_isp_devs=13, devnode(camsv5), irq=260, ISR: camsv5
[    0.657262]  (7)[1:swapper/0][ISP][ISP_probe] - X. ISP driver probe.
[    0.657287]  (7)[1:swapper/0][ISP][ISP_probe] - E. ISP driver probe.
[    0.657295]  (7)[1:swapper/0][ISP][ISP_probe] nr_isp_devs=14, devnode(camsv6), map_addr=0xffffff800967d000
[    0.657316]  (7)[1:swapper/0][ISP][ISP_probe] nr_isp_devs=14, devnode(camsv6), irq=261, ISR: camsv6
[    0.657321]  (7)[1:swapper/0][ISP][ISP_probe] - X. ISP driver probe.
[    0.657343]  (7)[1:swapper/0][ISP][ISP_probe] - E. ISP driver probe.
[    0.657352]  (7)[1:swapper/0][ISP][ISP_probe] nr_isp_devs=15, devnode(camsv7), map_addr=0xffffff8009685000
[    0.657372]  (7)[1:swapper/0][ISP][ISP_probe] nr_isp_devs=15, devnode(camsv7), irq=262, ISR: camsv7
[    0.657377]  (7)[1:swapper/0][ISP][ISP_probe] - X. ISP driver probe.
[    0.657399]  (7)[1:swapper/0][ISP][ISP_probe] - E. ISP driver probe.
[    0.657407]  (7)[1:swapper/0][ISP][ISP_probe] nr_isp_devs=16, devnode(camsv8), map_addr=0xffffff800968d000
[    0.657428]  (7)[1:swapper/0][ISP][ISP_probe] nr_isp_devs=16, devnode(camsv8), irq=263, ISR: camsv8
[    0.657432]  (7)[1:swapper/0][ISP][ISP_probe] - X. ISP driver probe.
[    0.657864]  (7)[1:swapper/0][ISP][ISP_SetPMQOS] PM_QOS:module:0,ON
[    0.657883]  (7)[1:swapper/0][ISP][ISP_SetPMQOS] PM_QOS:module:1,ON
[    0.657901]  (7)[1:swapper/0][ISP][ISP_SetPMQOS] PM_QOS:module:2,ON
[    0.657915]  (7)[1:swapper/0][ISP][ISP_SetPMQOS] DFS_add
[    0.657921]  (7)[1:swapper/0][ISP][mtk_pmqos_add] unsupported port:1
[    0.657927]  (7)[1:swapper/0][ISP][mtk_pmqos_add] unsupported port:1
[    0.657934]  (7)[1:swapper/0][ISP][SV_SetPMQOS] unsupport cmd:5
[    0.657942]  (7)[1:swapper/0]initcall ISP_Init+0x0/0x3bc returned 0 after 7344 usecs
[    0.657955]  (7)[1:swapper/0]calling  egnreq_init+0x0/0x40 @ 1
[    0.657963]  (7)[1:swapper/0]initcall egnreq_init+0x0/0x40 returned 0 after 0 usecs
[    0.657971]  (7)[1:swapper/0]calling  RSC_Init+0x0/0xc0 @ 1
[    0.658416]  (7)[1:swapper/0][RSC]- E. RSC driver probe.
[    0.658428]  (7)[1:swapper/0][RSC]nr_RSC_devs=1, devnode(ipesys_config), map_addr=0xffffff8009695000
[    0.658444]  (7)[1:swapper/0][RSC]No IRQ!!: nr_RSC_devs=1, devnode(ipesys_config), irq=0
[    0.658450]  (7)[1:swapper/0][RSC]- X. RSC driver probe.
[    0.658477]  (7)[1:swapper/0][RSC]- E. RSC driver probe.
[    0.658490]  (7)[1:swapper/0][RSC]nr_RSC_devs=2, devnode(rsc), map_addr=0xffffff800969d000
[    0.658503]  (7)[1:swapper/0][RSC]- E. RSC setup irq.
[    0.658522]  (7)[1:swapper/0][RSC]nr_RSC_devs=2, devnode(rsc), irq=266, ISR: rsc
[    0.658955]  (7)[1:swapper/0][RSC]- X. RSC driver probe.
[    0.659097]  (7)[1:swapper/0]initcall RSC_Init+0x0/0xc0 returned 0 after 1088 usecs
[    0.659111]  (7)[1:swapper/0]calling  egnreq_init+0x0/0x40 @ 1
[    0.659119]  (7)[1:swapper/0]initcall egnreq_init+0x0/0x40 returned 0 after 0 usecs
[    0.659127]  (7)[1:swapper/0]calling  DPE_Init+0x0/0x14c @ 1
[    0.659599]  (7)[1:swapper/0][DPE]- E. DPE driver probe.
[    0.659652]  (7)[1:swapper/0][DPE]nr_DPE_devs=1, devnode(dvs), map_addr=0xffffff80096a5000
[    0.659819]  (7)[1:swapper/0][DPE][Debug]cmdq_mbox_create 0xfffffffd92652580
[    0.659827]  (7)[1:swapper/0][DPE][Debug]dvs_event_id 180
[    0.659861]  (7)[1:swapper/0][DPE]nr_DPE_devs=1, devnode(dvs), irq=221, ISR: dvs
[    0.659866]  (7)[1:swapper/0][DPE]- X. DPE driver probe.
[    0.660027]  (7)[1:swapper/0][DPE]- E. DPE driver probe.
[    0.660078]  (7)[1:swapper/0][DPE]nr_DPE_devs=2, devnode(dvp), map_addr=0xffffff80096ad000
[    0.660084]  (7)[1:swapper/0][DPE][Debug]dvp_event_id 181
[    0.660112]  (7)[1:swapper/0][DPE]nr_DPE_devs=2, devnode(dvp), irq=222, ISR: dvp
[    0.661495]  (7)[1:swapper/0][DPE]- X. DPE driver probe.
[    0.661773]  (7)[1:swapper/0]initcall DPE_Init+0x0/0x14c returned 0 after 2571 usecs
[    0.661789]  (7)[1:swapper/0]calling  egnreq_init+0x0/0x40 @ 1
[    0.661797]  (7)[1:swapper/0]initcall egnreq_init+0x0/0x40 returned 0 after 0 usecs
[    0.661805]  (7)[1:swapper/0]calling  MFB_Init+0x0/0x104 @ 1
[    0.662324]  (7)[1:swapper/0][MFB]- E. MFB driver probe. nr_MFB_devs : 0.
[    0.662359]  (7)[1:swapper/0][MFB]nr_MFB_devs=1, devnode(mss_b), map_addr=0xffffff80096b5000
[    0.662389]  (7)[1:swapper/0][MFB]No corresponding ISR!!: nr_MFB_devs=1, devnode(mss_b), irq=250
[    0.662545]  (7)[1:swapper/0][MFB]mss_clt: 0x00000000df5ae784
[    0.662553]  (7)[1:swapper/0][MFB]- X. MFB driver probe.
[    0.662586]  (7)[1:swapper/0][MFB]- E. MFB driver probe. nr_MFB_devs : 1.
[    0.662619]  (7)[1:swapper/0][MFB]nr_MFB_devs=2, devnode(msf_b), map_addr=0xffffff80096bd000
[    0.662641]  (7)[1:swapper/0][MFB]No corresponding ISR!!: nr_MFB_devs=2, devnode(msf_b), irq=249
[    0.662774]  (7)[1:swapper/0][MFB]msf_clt: 0x0000000020e55987
[    0.663329]  (7)[1:swapper/0][MFB]- X. MFB driver probe.
[    0.663360]  (7)[1:swapper/0][MFB]- E. MFB driver probe. nr_MFB_devs : 2.
[    0.663398]  (7)[1:swapper/0][MFB]nr_MFB_devs=3, devnode(imgsys_mfb_b), map_addr=0xffffff80096c5000
[    0.663415]  (7)[1:swapper/0][MFB]No IRQ!!: nr_MFB_devs=3, devnode(imgsys_mfb_b), irq=0
[    0.663420]  (7)[1:swapper/0][MFB]- X. MFB driver probe.
[    0.663628]  (7)[1:swapper/0]initcall MFB_Init+0x0/0x104 returned 0 after 1770 usecs
[    0.663641]  (7)[1:swapper/0]calling  FDVT_Init+0x0/0xd8 @ 1
[    0.663995]  (7)[1:swapper/0][FDVT][FDVT_probe] - E. FDVT driver probe.
[    0.664006]  (7)[1:swapper/0][FDVT][FDVT_probe] nr_fdvt_devs=1, devnode(fdvt), map_addr=0xffffff80096cd000
[    0.664042]  (7)[1:swapper/0][FDVT][FDVT_probe] nr_fdvt_devs=1, devnode(fdvt), irq=264, ISR: fdvt
[    0.664207]  (7)[1:swapper/0][FDVT][FDVT_probe] cmdq mbox create done
[    0.664495]  (7)[1:swapper/0][FDVT][FDVT_probe] cmdq mbox create done
[    0.664503]  (7)[1:swapper/0][FDVT][FDVT_probe] fdvt event id is 177
[    0.664591]  (7)[1:swapper/0][FDVT][FDVT_probe] - X. FDVT driver probe.
[    0.664697]  (7)[1:swapper/0]initcall FDVT_Init+0x0/0xd8 returned 0 after 1019 usecs
[    0.664710]  (7)[1:swapper/0]calling  imgsensor_init+0x0/0x58 @ 1
[    0.669702]  (7)[1:swapper/0]Unable to handle kernel paging request at virtual address 736e6573676d69
[    0.669710]  (7)[1:swapper/0]Mem abort info:
[    0.669716]  (7)[1:swapper/0]  Exception class = DABT (current EL), IL = 32 bits
[    0.669722]  (7)[1:swapper/0]  SET = 0, FnV = 0
[    0.669728]  (7)[1:swapper/0]  EA = 0, S1PTW = 0
[    0.669733]  (7)[1:swapper/0]Data abort info:
[    0.669738]  (7)[1:swapper/0]  ISV = 0, ISS = 0x00000004
[    0.669744]  (7)[1:swapper/0]  CM = 0, WnR = 0
[    0.669750]  (7)[1:swapper/0][00736e6573676d69] address between user and kernel address ranges
[    0.669758] -(7)[1:swapper/0]Internal error: Oops: 96000004 [#1] PREEMPT SMP
[    0.669772] -(7)[1:swapper/0][PHOENIX] phx_klog_booterror: ERROR_KERNEL_PANIC, happen_time: 1970-01-01 00:00:00
[    0.669778] -(7)[1:swapper/0][PHOENIX] phx_handle_kernel_panic: PHX_KE_HAPPEND
[    0.669783] -(7)[1:swapper/0]panic_flush_device_cache
[    0.669837] -(7)[1:swapper/0]In mini dump mode and start flushing the devices cache!
[    0.669839] -(7)[1:swapper/0]panic_flush_device_cache: flush device cache
[    0.669877]  (6)[147:panic_flush]Up to now, total 0 panic_issue_flush_count
[    0.679866] -(7)[1:swapper/0]panic_flush_device_cache: remaining timeout = 1990
[    0.679872] -(7)[1:swapper/0]is_triggering_panic : true
[    0.679921] -(7)[1:swapper/0]In mini dump mode and start flushing the devices cache!
[    0.679923] -(7)[1:swapper/0]panic_flush_device_cache
[    0.679971] -(7)[1:swapper/0]In mini dump mode and start flushing the devices cache!
[    0.679973] -(7)[1:swapper/0]panic_flush_device_cache: flush device cache
[    0.680025]  (6)[147:panic_flush]Up to now, total 0 panic_issue_flush_count
[    0.690017] -(7)[1:swapper/0]panic_flush_device_cache: remaining timeout = 1990
[    0.690025] -(7)[1:swapper/0]Kernel Offset: 0x1f38000000 from 0xffffff8008000000
[    0.690031] -(7)[1:swapper/0]PHYS_OFFSET: 0xffffffc380000000
[    0.690036] -(7)[1:swapper/0]Modules linked in:
[    0.690176] -(7)[1:swapper/0][msdc]====== Null msdc0, dump skipped ======
[    0.690182] -(7)[1:swapper/0][msdc]====== Null msdc1, dump skipped ======
[    0.690188] -(7)[1:swapper/0]mrdump: add MSDC:0xffffff9f433d16a8 sz:0x0 failed
[    0.690195] -(7)[1:swapper/0][ufs_mtk_dbg]====== Null ufs_mtk_hba, dump skipped ======
[    0.690201] -(7)[1:swapper/0]mrdump: add UFS:0xffffff9f433d16a8 sz:0x0 failed
[    0.690207] -(7)[1:swapper/0]mrdump: add BLOCKIO:0x0 sz:0x0 failed
[    0.690213] -(7)[1:swapper/0]mrdump: add ADSP:0x0 sz:0x0 failed
[    0.690222] -(7)[1:swapper/0]CPU: 7 PID: 1 Comm: swapper/0 Tainted: G S      W       4.14.186+ #1
[    0.690228] -(7)[1:swapper/0]Hardware name: MT6833V/ZA (DT)
[    0.690235] -(7)[1:swapper/0]task: 00000000c2026581 task.stack: 000000003d9bdb73
[    0.690242] -(7)[1:swapper/0]pc : string+0x28/0x90
[    0.690250] -(7)[1:swapper/0]lr : vsnprintf+0x54c/0x608
[    0.690256] -(7)[1:swapper/0]sp : ffffff800808b960 pstate : 20800049
[    0.690262] -(7)[1:swapper/0]x29: ffffff800808b960 x28: ffffff9f41c94cb4 
[    0.690272] -(7)[1:swapper/0]x27: ffffff9f41c94cb4 x26: ffffff800808ba70 
[    0.690282] -(7)[1:swapper/0]x25: ffffff800808baf0 x24: 00000000ffffffe8 
[    0.690291] -(7)[1:swapper/0]x23: 0000000000000100 x22: 0000000000000020 
[    0.690300] -(7)[1:swapper/0]x21: ffffff9f4189b9f0 x20: ffffff800808bbf0 
[    0.690309] -(7)[1:swapper/0]x19: ffffff800808baf9 x18: 0000000000000001 
[    0.690318] -(7)[1:swapper/0]x17: 0000000000000007 x16: 0000000000000001 
[    0.690327] -(7)[1:swapper/0]x15: ffffffffffffffff x14: ffffff800808bbf0 
[    0.690335] -(7)[1:swapper/0]x13: ffffff800808baf4 x12: 0000000000000038 
[    0.690344] -(7)[1:swapper/0]x11: 0000000000000028 x10: 0101010101010101 
[    0.690353] -(7)[1:swapper/0]x9 : ffffff800808ba70 x8 : ffffff800808ba70 
[    0.690362] -(7)[1:swapper/0]x7 : ffffff800808baf9 x6 : fffffffffffffffe 
[    0.690371] -(7)[1:swapper/0]x5 : 0000000000000001 x4 : 6f736e6573676d69 
[    0.690379] -(7)[1:swapper/0]x3 : ffff0a00ffffff04 x2 : ffffff800808bbf0 
[    0.690388] -(7)[1:swapper/0]x1 : ffffff800808bbf0 x0 : ffffffffffffffff 
[    0.690398] -(7)[1:swapper/0]
[    0.690398] PC: 0xffffff9f41116dc8:
[    0.690404] -(7)[1:swapper/0]6dc8  eb02029f 54000242 cb140042 93407c15 eb15005f 54000169 34000121 2a0103e1
[    0.690429] -(7)[1:swapper/0]6de8  cb150043 eb03003f 4b000042 9a818042 8b150280 aa1403e1 97ffbe90 aa1503e2
[    0.690452] -(7)[1:swapper/0]6e08  52800401 aa1403e0 97ffbeec 8b150273 17ffffd6 d503201f a9bf7bfd aa0203e4
[    0.690475] -(7)[1:swapper/0]6e28  aa0003e7 aa0103e2 910003fd 9370fc60 f13ffc9f 540002a9 d1000406 b4000300
[    0.690499] -(7)[1:swapper/0]6e48  39400085 91000484 340002a5 8b060086 aa0703e0 14000003 38401485 34000105
[    0.690522] -(7)[1:swapper/0]6e68  eb00005f 54000049 39000005 91000400 eb0400df 4b070001 54ffff01 97ffffb3
[    0.690545] -(7)[1:swapper/0]6e88  a8c17bfd d65f03c0 f00053c4 d1000406 52800505 9129e484 b5fffda0 aa0703e0
[    0.690568] -(7)[1:swapper/0]6ea8  52800001 17fffff6 aa0003e5 93487c68 340006c8 f100405f 540006c9 39400480
[    0.690592] -(7)[1:swapper/0]
[    0.690592] LR: 0xffffff9f41119a9c:
[    0.690598] -(7)[1:swapper/0]9a9c  5400010d 2a0103f8 17ffffe8 f94037a0 8b38c000 2a0103f8 79400002 17ffff89
[    0.690622] -(7)[1:swapper/0]9abc  f94037a0 8b38c000 2a0103f8 17ffffe2 37f802f8 91002f41 aa1a03e0 927df03a
[    0.690645] -(7)[1:swapper/0]9adc  b9400001 9101e3a0 aa1b03fc 97fff346 39400360 17fffed3 37f80258 91003f41
[    0.690668] -(7)[1:swapper/0]9afc  aa1a03e0 927df03a f9400002 aa1403e1 f9403fa3 aa1303e0 aa1b03fc 97fff4c2
[    0.690692] -(7)[1:swapper/0]9b1c  aa0003f3 39400360 17fffec6 11002301 7100003f 5400010d 2a0103f8 17ffffe6
[    0.690715] -(7)[1:swapper/0]9b3c  11002301 7100003f 540000ed 2a0103f8 17ffffeb f94037a0 8b38c000 2a0103f8
[    0.690738] -(7)[1:swapper/0]9b5c  17ffffe0 f94037a0 8b38c000 2a0103f8 17ffffe6 11002301 7100003f 540001cd
[    0.690761] -(7)[1:swapper/0]9b7c  2a0103f8 17ffff0d 37f800d8 aa1a03e0 91002f41 927df03a b9800002 17ffff51
[    0.690785] -(7)[1:swapper/0]
[    0.690785] SP: 0xffffff800808b8e0:
[    0.690791] -(7)[1:swapper/0]b8e0  ffffffe8 00000000 0808baf0 ffffff80 0808ba70 ffffff80 41c94cb4 ffffff9f
[    0.690815] -(7)[1:swapper/0]b900  41c94cb4 ffffff9f 0808b960 ffffff80 41119b1c ffffff9f 0808b960 ffffff80
[    0.690838] -(7)[1:swapper/0]b920  41116e48 ffffff9f 20800049 00000000 0808baf0 ffffff80 00000000 00000000
[    0.690861] -(7)[1:swapper/0]b940  ffffffff ffffffff 4111964c ffffff9f 0808b960 ffffff80 41116e48 ffffff9f
[    0.690885] -(7)[1:swapper/0]b960  0808b970 ffffff80 41119b1c ffffff9f 0808b9f0 ffffff80 41119ca8 ffffff9f
[    0.690908] -(7)[1:swapper/0]b980  42800978 ffffff9f 00000000 00000000 42f84040 ffffff9f 42f84060 ffffff9f
[    0.690931] -(7)[1:swapper/0]b9a0  3ff82d10 fffffffe 41c94000 ffffff9f 41269090 ffffff9f 412690d8 ffffff9f
[    0.690954] -(7)[1:swapper/0]b9c0  41f9e068 ffffff9f 41fae4f0 ffffff9f 00000005 00000000 0808ba70 ffffff80
[    0.690978] -(7)[1:swapper/0]
[    0.690978] X1: 0xffffff800808bb70:
[    0.690984] -(7)[1:swapper/0]bb70  00000000 00000000 00000000 00000000 00000000 00000000 00000000 00000000
[    0.691008] -(7)[1:swapper/0]bb90  00000000 00000000 00000000 00000000 00000000 00000000 00000000 00000000
[    0.691031] -(7)[1:swapper/0]bbb0  00000000 00000000 00000000 00000000 00000000 00000000 00000000 00000000
[    0.691054] -(7)[1:swapper/0]bbd0  00000000 00000000 00000000 00000000 00000000 00000000 00000000 00000000
[    0.691077] -(7)[1:swapper/0]bbf0  0808bc40 ffffff80 406c1e70 ffffff9f ffffffed 00000000 939a2410 fffffffd
[    0.691100] -(7)[1:swapper/0]bc10  427a57b0 ffffff9f 42996000 ffffff9f 00000000 00000000 427a57d8 ffffff9f
[    0.691123] -(7)[1:swapper/0]bc30  0808bc70 ffffff80 406bfbbc ffffff9f 0808bc70 ffffff80 406bfbcc ffffff9f
[    0.691146] -(7)[1:swapper/0]bc50  939a2410 fffffffd 00000000 00000000 42de0000 ffffff9f 427a57d8 ffffff9f
[    0.691170] -(7)[1:swapper/0]
[    0.691170] X2: 0xffffff800808bb70:
[    0.691176] -(7)[1:swapper/0]bb70  00000000 00000000 00000000 00000000 00000000 00000000 00000000 00000000
[    0.691199] -(7)[1:swapper/0]bb90  00000000 00000000 00000000 00000000 00000000 00000000 00000000 00000000
[    0.691222] -(7)[1:swapper/0]bbb0  00000000 00000000 00000000 00000000 00000000 00000000 00000000 00000000
[    0.691245] -(7)[1:swapper/0]bbd0  00000000 00000000 00000000 00000000 00000000 00000000 00000000 00000000
[    0.691268] -(7)[1:swapper/0]bbf0  0808bc40 ffffff80 406c1e70 ffffff9f ffffffed 00000000 939a2410 fffffffd
[    0.691292] -(7)[1:swapper/0]bc10  427a57b0 ffffff9f 42996000 ffffff9f 00000000 00000000 427a57d8 ffffff9f
[    0.691315] -(7)[1:swapper/0]bc30  0808bc70 ffffff80 406bfbbc ffffff9f 0808bc70 ffffff80 406bfbcc ffffff9f
[    0.691338] -(7)[1:swapper/0]bc50  939a2410 fffffffd 00000000 00000000 42de0000 ffffff9f 427a57d8 ffffff9f
[    0.691363] -(7)[1:swapper/0]
[    0.691363] X7: 0xffffff800808ba79:
[    0.691369] -(7)[1:swapper/0]ba78  40868610 ffffff9f 41c93fc0 ffffff9f 42f84000 ffffff9f 42f84040 ffffff9f
[    0.691392] -(7)[1:swapper/0]ba98  00000000 00000000 939a2400 fffffffd 060fd800 fffffffe 00000000 00000000
[    0.691415] -(7)[1:swapper/0]bab8  27b00d90 00000000 41f9e068 ffffff9f 41fae4f0 ffffff9f 00000040 00000000
[    0.691438] -(7)[1:swapper/0]bad8  41269070 ffffff9f 0808bb20 ffffff80 40e052fc ffffff9f 306d6163 6e69705f
[    0.691462] -(7)[1:swapper/0]baf8  0000005f 00000000 00000000 00000000 00000000 00000000 00000000 00000000
[    0.691484] -(7)[1:swapper/0]bb18  00000000 00000000 00000000 00000000 00000000 00000000 00000000 00000000
[    0.691507] -(7)[1:swapper/0]bb38  00000000 00000000 00000000 00000000 00000000 00000000 00000000 00000000
[    0.691530] -(7)[1:swapper/0]bb58  00000000 00000000 00000000 00000000 00000000 00000000 00000000 00000000
[    0.691553] -(7)[1:swapper/0]bb78  00000000 00000000 00000000 00000000 00000000 00000000 00000000 00000000
[    0.691577] -(7)[1:swapper/0]
[    0.691577] X8: 0xffffff800808b9f0:
[    0.691583] -(7)[1:swapper/0]b9f0  0808ba70 ffffff80 4086c074 ffffff9f 0808ba70 ffffff80 0808ba70 ffffff80
[    0.691606] -(7)[1:swapper/0]ba10  0808ba40 ffffff80 ffffffd8 00000000 0808ba70 ffffff80 0808ba70 ffffff80
[    0.691630] -(7)[1:swapper/0]ba30  0808ba40 ffffff80 ffffffd8 00000000 41c93fc0 ffffff9f 00000000 00000000
[    0.691653] -(7)[1:swapper/0]ba50  73676d69 6f736e65 00000040 00000000 0000003f 00000000 00000000 00000000
[    0.691676] -(7)[1:swapper/0]ba70  0808bbf0 ffffff80 40868610 ffffff9f 41c93fc0 ffffff9f 42f84000 ffffff9f
[    0.691699] -(7)[1:swapper/0]ba90  42f84040 ffffff9f 00000000 00000000 939a2400 fffffffd 060fd800 fffffffe
[    0.691723] -(7)[1:swapper/0]bab0  00000000 00000000 27b00d90 00000000 41f9e068 ffffff9f 41fae4f0 ffffff9f
[    0.691746] -(7)[1:swapper/0]bad0  00000040 00000000 41269070 ffffff9f 0808bb20 ffffff80 40e052fc ffffff9f
[    0.691769] -(7)[1:swapper/0]
[    0.691769] X9: 0xffffff800808b9f0:
[    0.691776] -(7)[1:swapper/0]b9f0  0808ba70 ffffff80 4086c074 ffffff9f 0808ba70 ffffff80 0808ba70 ffffff80
[    0.691799] -(7)[1:swapper/0]ba10  0808ba40 ffffff80 ffffffd8 00000000 0808ba70 ffffff80 0808ba70 ffffff80
[    0.691822] -(7)[1:swapper/0]ba30  0808ba40 ffffff80 ffffffd8 00000000 41c93fc0 ffffff9f 00000000 00000000
[    0.691845] -(7)[1:swapper/0]ba50  73676d69 6f736e65 00000040 00000000 0000003f 00000000 00000000 00000000
[    0.691868] -(7)[1:swapper/0]ba70  0808bbf0 ffffff80 40868610 ffffff9f 41c93fc0 ffffff9f 42f84000 ffffff9f
[    0.691892] -(7)[1:swapper/0]ba90  42f84040 ffffff9f 00000000 00000000 939a2400 fffffffd 060fd800 fffffffe
[    0.691915] -(7)[1:swapper/0]bab0  00000000 00000000 27b00d90 00000000 41f9e068 ffffff9f 41fae4f0 ffffff9f
[    0.691938] -(7)[1:swapper/0]bad0  00000040 00000000 41269070 ffffff9f 0808bb20 ffffff80 40e052fc ffffff9f
[    0.691963] -(7)[1:swapper/0]
[    0.691963] X13: 0xffffff800808ba74:
[    0.691969] -(7)[1:swapper/0]ba74  ffffff80 40868610 ffffff9f 41c93fc0 ffffff9f 42f84000 ffffff9f 42f84040
[    0.691992] -(7)[1:swapper/0]ba94  ffffff9f 00000000 00000000 939a2400 fffffffd 060fd800 fffffffe 00000000
[    0.692016] -(7)[1:swapper/0]bab4  00000000 27b00d90 00000000 41f9e068 ffffff9f 41fae4f0 ffffff9f 00000040
[    0.692039] -(7)[1:swapper/0]bad4  00000000 41269070 ffffff9f 0808bb20 ffffff80 40e052fc ffffff9f 306d6163
[    0.692063] -(7)[1:swapper/0]baf4  6e69705f 0000005f 00000000 00000000 00000000 00000000 00000000 00000000
[    0.692086] -(7)[1:swapper/0]bb14  00000000 00000000 00000000 00000000 00000000 00000000 00000000 00000000
[    0.692109] -(7)[1:swapper/0]bb34  00000000 00000000 00000000 00000000 00000000 00000000 00000000 00000000
[    0.692132] -(7)[1:swapper/0]bb54  00000000 00000000 00000000 00000000 00000000 00000000 00000000 00000000
[    0.692155] -(7)[1:swapper/0]
[    0.692155] X14: 0xffffff800808bb70:
[    0.692161] -(7)[1:swapper/0]bb70  00000000 00000000 00000000 00000000 00000000 00000000 00000000 00000000
[    0.692184] -(7)[1:swapper/0]bb90  00000000 00000000 00000000 00000000 00000000 00000000 00000000 00000000
[    0.692207] -(7)[1:swapper/0]bbb0  00000000 00000000 00000000 00000000 00000000 00000000 00000000 00000000
[    0.692230] -(7)[1:swapper/0]bbd0  00000000 00000000 00000000 00000000 00000000 00000000 00000000 00000000
[    0.692253] -(7)[1:swapper/0]bbf0  0808bc40 ffffff80 406c1e70 ffffff9f ffffffed 00000000 939a2410 fffffffd
[    0.692277] -(7)[1:swapper/0]bc10  427a57b0 ffffff9f 42996000 ffffff9f 00000000 00000000 427a57d8 ffffff9f
[    0.692300] -(7)[1:swapper/0]bc30  0808bc70 ffffff80 406bfbbc ffffff9f 0808bc70 ffffff80 406bfbcc ffffff9f
[    0.692323] -(7)[1:swapper/0]bc50  939a2410 fffffffd 00000000 00000000 42de0000 ffffff9f 427a57d8 ffffff9f
[    0.692347] -(7)[1:swapper/0]
[    0.692347] X19: 0xffffff800808ba79:
[    0.692354] -(7)[1:swapper/0]ba78  40868610 ffffff9f 41c93fc0 ffffff9f 42f84000 ffffff9f 42f84040 ffffff9f
[    0.692377] -(7)[1:swapper/0]ba98  00000000 00000000 939a2400 fffffffd 060fd800 fffffffe 00000000 00000000
[    0.692400] -(7)[1:swapper/0]bab8  27b00d90 00000000 41f9e068 ffffff9f 41fae4f0 ffffff9f 00000040 00000000
[    0.692423] -(7)[1:swapper/0]bad8  41269070 ffffff9f 0808bb20 ffffff80 40e052fc ffffff9f 306d6163 6e69705f
[    0.692447] -(7)[1:swapper/0]baf8  0000005f 00000000 00000000 00000000 00000000 00000000 00000000 00000000
[    0.692470] -(7)[1:swapper/0]bb18  00000000 00000000 00000000 00000000 00000000 00000000 00000000 00000000
[    0.692493] -(7)[1:swapper/0]bb38  00000000 00000000 00000000 00000000 00000000 00000000 00000000 00000000
[    0.692516] -(7)[1:swapper/0]bb58  00000000 00000000 00000000 00000000 00000000 00000000 00000000 00000000
[    0.692539] -(7)[1:swapper/0]bb78  00000000 00000000 00000000 00000000 00000000 00000000 00000000 00000000
[    0.692563] -(7)[1:swapper/0]
[    0.692563] X20: 0xffffff800808bb70:
[    0.692569] -(7)[1:swapper/0]bb70  00000000 00000000 00000000 00000000 00000000 00000000 00000000 00000000
[    0.692591] -(7)[1:swapper/0]bb90  00000000 00000000 00000000 00000000 00000000 00000000 00000000 00000000
[    0.692615] -(7)[1:swapper/0]bbb0  00000000 00000000 00000000 00000000 00000000 00000000 00000000 00000000
[    0.692638] -(7)[1:swapper/0]bbd0  00000000 00000000 00000000 00000000 00000000 00000000 00000000 00000000
[    0.692661] -(7)[1:swapper/0]bbf0  0808bc40 ffffff80 406c1e70 ffffff9f ffffffed 00000000 939a2410 fffffffd
[    0.692684] -(7)[1:swapper/0]bc10  427a57b0 ffffff9f 42996000 ffffff9f 00000000 00000000 427a57d8 ffffff9f
[    0.692707] -(7)[1:swapper/0]bc30  0808bc70 ffffff80 406bfbbc ffffff9f 0808bc70 ffffff80 406bfbcc ffffff9f
[    0.692731] -(7)[1:swapper/0]bc50  939a2410 fffffffd 00000000 00000000 42de0000 ffffff9f 427a57d8 ffffff9f
[    0.692754] -(7)[1:swapper/0]
[    0.692754] X21: 0xffffff9f4189b970:
[    0.692760] -(7)[1:swapper/0]b970  756c706f 63775f73 65675f63 76615f74 5f64696f 6e616863 736c656e 00000000
[    0.692784] -(7)[1:swapper/0]b990  00000000 00000000 41102430 ffffff9f 00000000 00000000 00000000 00000000
[    0.692807] -(7)[1:swapper/0]b9b0  00000000 00000000 00000001 00000000 00000000 00000000 411035c8 ffffff9f
[    0.692830] -(7)[1:swapper/0]b9d0  00000000 00000000 00000000 00000000 00000000 00000000 00000001 00000000
[    0.692853] -(7)[1:swapper/0]b9f0  08080808 08080808 28282808 08082828 08080808 08080808 08080808 08080808
[    0.692876] -(7)[1:swapper/0]ba10  101010a0 10101010 10101010 10101010 04040404 04040404 10100404 10101010
[    0.692900] -(7)[1:swapper/0]ba30  41414110 01414141 01010101 01010101 01010101 01010101 10010101 10101010
[    0.692923] -(7)[1:swapper/0]ba50  42424210 02424242 02020202 02020202 02020202 02020202 10020202 08101010
[    0.692947] -(7)[1:swapper/0]
[    0.692947] X25: 0xffffff800808ba70:
[    0.692954] -(7)[1:swapper/0]ba70  0808bbf0 ffffff80 40868610 ffffff9f 41c93fc0 ffffff9f 42f84000 ffffff9f
[    0.692977] -(7)[1:swapper/0]ba90  42f84040 ffffff9f 00000000 00000000 939a2400 fffffffd 060fd800 fffffffe
[    0.693000] -(7)[1:swapper/0]bab0  00000000 00000000 27b00d90 00000000 41f9e068 ffffff9f 41fae4f0 ffffff9f
[    0.693023] -(7)[1:swapper/0]bad0  00000040 00000000 41269070 ffffff9f 0808bb20 ffffff80 40e052fc ffffff9f
[    0.693047] -(7)[1:swapper/0]baf0  306d6163 6e69705f 0000005f 00000000 00000000 00000000 00000000 00000000
[    0.693069] -(7)[1:swapper/0]bb10  00000000 00000000 00000000 00000000 00000000 00000000 00000000 00000000
[    0.693092] -(7)[1:swapper/0]bb30  00000000 00000000 00000000 00000000 00000000 00000000 00000000 00000000
[    0.693115] -(7)[1:swapper/0]bb50  00000000 00000000 00000000 00000000 00000000 00000000 00000000 00000000
[    0.693139] -(7)[1:swapper/0]
[    0.693139] X26: 0xffffff800808b9f0:
[    0.693145] -(7)[1:swapper/0]b9f0  0808ba70 ffffff80 4086c074 ffffff9f 0808ba70 ffffff80 0808ba70 ffffff80
[    0.693168] -(7)[1:swapper/0]ba10  0808ba40 ffffff80 ffffffd8 00000000 0808ba70 ffffff80 0808ba70 ffffff80
[    0.693192] -(7)[1:swapper/0]ba30  0808ba40 ffffff80 ffffffd8 00000000 41c93fc0 ffffff9f 00000000 00000000
[    0.693215] -(7)[1:swapper/0]ba50  73676d69 6f736e65 00000040 00000000 0000003f 00000000 00000000 00000000
[    0.693238] -(7)[1:swapper/0]ba70  0808bbf0 ffffff80 40868610 ffffff9f 41c93fc0 ffffff9f 42f84000 ffffff9f
[    0.693261] -(7)[1:swapper/0]ba90  42f84040 ffffff9f 00000000 00000000 939a2400 fffffffd 060fd800 fffffffe
[    0.693284] -(7)[1:swapper/0]bab0  00000000 00000000 27b00d90 00000000 41f9e068 ffffff9f 41fae4f0 ffffff9f
[    0.693308] -(7)[1:swapper/0]bad0  00000040 00000000 41269070 ffffff9f 0808bb20 ffffff80 40e052fc ffffff9f
[    0.693331] -(7)[1:swapper/0]
[    0.693331] X27: 0xffffff9f41c94c34:
[    0.693337] -(7)[1:swapper/0]4c34  703e2d6f 735f6e69 65746174 66666f5f 2c642520 6c656420 25207961 00000075
[    0.693360] -(7)[1:swapper/0]4c54  00000000 6b6c636d 00000000 77687026 6f633e2d 6e6f6d6d 6e69702e 6c727463
[    0.693384] -(7)[1:swapper/0]4c74  74756d5f 00007865 00000000 676d695b 736e6573 495d726f 4553474d 524f534e
[    0.693407] -(7)[1:swapper/0]4c94  4e45535f 5f524f53 3a584449 0a642520 00000000 256d6163 69705f64 73255f6e
[    0.693430] -(7)[1:swapper/0]4cb4  00000000 676d695b 736e6573 695d726f 6573676d 726f736e 5f77685f 20676663
[    0.693453] -(7)[1:swapper/0]4cd4  705f7768 253a6e69 69202c73 616e2064 253a656d 69202c73 64253a64 0000000a
[    0.693476] -(7)[1:swapper/0]4cf4  00000000 62616e65 735f656c 6f736e65 00000072 256d6163 73255f64 00000000
[    0.693499] -(7)[1:swapper/0]4d14  00000000 65733601 726f736e 7864695f 2c642520 776f7020 25207265 75632064
[    0.693523] -(7)[1:swapper/0]
[    0.693523] X28: 0xffffff9f41c94c34:
[    0.693529] -(7)[1:swapper/0]4c34  703e2d6f 735f6e69 65746174 66666f5f 2c642520 6c656420 25207961 00000075
[    0.693553] -(7)[1:swapper/0]4c54  00000000 6b6c636d 00000000 77687026 6f633e2d 6e6f6d6d 6e69702e 6c727463
[    0.693576] -(7)[1:swapper/0]4c74  74756d5f 00007865 00000000 676d695b 736e6573 495d726f 4553474d 524f534e
[    0.693599] -(7)[1:swapper/0]4c94  4e45535f 5f524f53 3a584449 0a642520 00000000 256d6163 69705f64 73255f6e
[    0.693622] -(7)[1:swapper/0]4cb4  00000000 676d695b 736e6573 695d726f 6573676d 726f736e 5f77685f 20676663
[    0.693645] -(7)[1:swapper/0]4cd4  705f7768 253a6e69 69202c73 616e2064 253a656d 69202c73 64253a64 0000000a
[    0.693669] -(7)[1:swapper/0]4cf4  00000000 62616e65 735f656c 6f736e65 00000072 256d6163 73255f64 00000000
[    0.693692] -(7)[1:swapper/0]4d14  00000000 65733601 726f736e 7864695f 2c642520 776f7020 25207265 75632064
[    0.693715] -(7)[1:swapper/0]
[    0.693715] X29: 0xffffff800808b8e0:
[    0.693722] -(7)[1:swapper/0]b8e0  ffffffe8 00000000 0808baf0 ffffff80 0808ba70 ffffff80 41c94cb4 ffffff9f
[    0.693745] -(7)[1:swapper/0]b900  41c94cb4 ffffff9f 0808b960 ffffff80 41119b1c ffffff9f 0808b960 ffffff80
[    0.693768] -(7)[1:swapper/0]b920  41116e48 ffffff9f 20800049 00000000 0808baf0 ffffff80 00000000 00000000
[    0.693792] -(7)[1:swapper/0]b940  ffffffff ffffffff 4111964c ffffff9f 0808b960 ffffff80 41116e48 ffffff9f
[    0.693815] -(7)[1:swapper/0]b960  0808b970 ffffff80 41119b1c ffffff9f 0808b9f0 ffffff80 41119ca8 ffffff9f
[    0.693838] -(7)[1:swapper/0]b980  42800978 ffffff9f 00000000 00000000 42f84040 ffffff9f 42f84060 ffffff9f
[    0.693861] -(7)[1:swapper/0]b9a0  3ff82d10 fffffffe 41c94000 ffffff9f 41269090 ffffff9f 412690d8 ffffff9f
[    0.693884] -(7)[1:swapper/0]b9c0  41f9e068 ffffff9f 41fae4f0 ffffff9f 00000005 00000000 0808ba70 ffffff80
[    0.693908] -(7)[1:swapper/0]
[    0.693915] -(7)[1:swapper/0]CPU: 7 PID: 1 Comm: swapper/0 Tainted: G S      W       4.14.186+ #1
[    0.693921] -(7)[1:swapper/0]Hardware name: MT6833V/ZA (DT)
[    0.693927] -(7)[1:swapper/0]Call trace:
[    0.693935] -(7)[1:swapper/0] dump_backtrace+0x0/0x1c8
[    0.693943] -(7)[1:swapper/0] show_stack+0x14/0x20
[    0.693952] -(7)[1:swapper/0] dump_stack+0xa4/0xc8
[    0.693962] -(7)[1:swapper/0] mrdump_common_die+0x12c/0x188
[    0.693970] -(7)[1:swapper/0] ipanic_die+0x30/0x40
[    0.693979] -(7)[1:swapper/0] notifier_call_chain+0x50/0x90
[    0.693988] -(7)[1:swapper/0] atomic_notifier_call_chain+0x38/0x58
[    0.693996] -(7)[1:swapper/0] notify_die+0x28/0x30
[    0.694004] -(7)[1:swapper/0] die+0x15c/0x248
[    0.694011] -(7)[1:swapper/0] __do_kernel_fault+0xec/0x158
[    0.694018] -(7)[1:swapper/0] do_bad_area+0x1c/0x68
[    0.694025] -(7)[1:swapper/0] do_translation_fault+0x2c/0x44
[    0.694032] -(7)[1:swapper/0] do_mem_abort+0x3c/0xa0
[    0.694039] -(7)[1:swapper/0] el1_da+0x20/0x38
[    0.694046] -(7)[1:swapper/0] string+0x28/0x90
[    0.694053] -(7)[1:swapper/0] vsnprintf+0x54c/0x608
[    0.694060] -(7)[1:swapper/0] snprintf+0x48/0x50
[    0.694069] -(7)[1:swapper/0] imgsensor_hw_init+0x22c/0x370
[    0.694077] -(7)[1:swapper/0] imgsensor_probe+0x120/0x2e8
[    0.694085] -(7)[1:swapper/0] platform_drv_probe+0x58/0xc0
[    0.694093] -(7)[1:swapper/0] driver_probe_device+0x43c/0x4b0
[    0.694101] -(7)[1:swapper/0] __driver_attach+0xfc/0x118
[    0.694108] -(7)[1:swapper/0] bus_for_each_dev+0x64/0xa0
[    0.694116] -(7)[1:swapper/0] driver_attach+0x20/0x28
[    0.694123] -(7)[1:swapper/0] bus_add_driver+0x1d0/0x2c0
[    0.694131] -(7)[1:swapper/0] driver_register+0x60/0xf8
[    0.694139] -(7)[1:swapper/0] __platform_driver_register+0x40/0x48
[    0.694147] -(7)[1:swapper/0] imgsensor_init+0x3c/0x58
[    0.694153] -(7)[1:swapper/0] do_one_initcall+0xe0/0x158
[    0.694161] -(7)[1:swapper/0] kernel_init_freeable+0x198/0x268
[    0.694168] -(7)[1:swapper/0] kernel_init+0x10/0x128
[    0.694175] -(7)[1:swapper/0] ret_from_fork+0x10/0x18
