get_event,364
[    1.339012]  (7)[50:kworker/7:1][cmdq][err] no gce-event-names property or no such event:disp_mutex1_eof @cmdq_dev_get_event,364
[    1.339021]  (7)[50:kworker/7:1][cmdq][err] no gce-event-names property or no such event:disp_token_stream_eof1 @cmdq_dev_get_event,364
[    1.339030]  (7)[50:kworker/7:1][cmdq][err] no gce-event-names property or no such event:disp_token_stream_dirty1 @cmdq_dev_get_event,364
[    1.339038]  (7)[50:kworker/7:1][cmdq][err] no gce-event-names property or no such event:disp_token_sodi1 @cmdq_dev_get_event,364
[    1.339048]  (7)[50:kworker/7:1][cmdq][err] no gce-event-names property or no such event:disp_wait_wdma0_te @cmdq_dev_get_event,364
[    1.339056]  (7)[50:kworker/7:1][cmdq][err] no gce-event-names property or no such event:disp_token_esd_eof1 @cmdq_dev_get_event,364
[    1.339064]  (7)[50:kworker/7:1][cmdq][err] no gce-event-names property or no such event:disp_rdma0_eof1 @cmdq_dev_get_event,364
[    1.339072]  (7)[50:kworker/7:1][cmdq][err] no gce-event-names property or no such event:disp_wdma0_eof1 @cmdq_dev_get_event,364
[    1.339080]  (7)[50:kworker/7:1][cmdq][err] no gce-event-names property or no such event:disp_wdma1_eof1 @cmdq_dev_get_event,364
[    1.339088]  (7)[50:kworker/7:1][cmdq][err] no gce-event-names property or no such event:disp_token_stream_block1 @cmdq_dev_get_event,364
[    1.339096]  (7)[50:kworker/7:1][cmdq][err] no gce-event-names property or no such event:disp_token_cabc_eof1 @cmdq_dev_get_event,364
[    1.339104]  (7)[50:kworker/7:1][cmdq][err] no gce-event-names property or no such event:disp_dsi0_sof1 @cmdq_dev_get_event,364
[    1.339621]  (7)[50:kworker/7:1]mtk_drm_crtc_create-CRTC1 create successfully
[    1.339629]  (7)[50:kworker/7:1]mtk_drm_crtc_create+
[    1.339692]  (7)[50:kworker/7:1][drm] mtk_crtc_init_gce_obj(), CLIENT_CFG, 2
[    1.343958]  (7)[50:kworker/7:1][drm] mtk_crtc_init_gce_obj(), CLIENT_TRIG_LOOP, 2
[    1.343967]  (7)[50:kworker/7:1][drm] mtk_crtc_init_gce_obj(), CLIENT_SODI_LOOP, 2
[    1.343975]  (7)[50:kworker/7:1][drm] mtk_crtc_init_gce_obj(), CLIENT_SUB_CFG, 2
[    1.343982]  (7)[50:kworker/7:1][drm] mtk_crtc_init_gce_obj(), CLIENT_DSI_CFG, 2
[    1.343989]  (7)[50:kworker/7:1][drm] mtk_crtc_init_gce_obj(), CLIENT_SEC_CFG, 2
[    1.344149]  (7)[50:kworker/7:1][cmdq][err] channel request fail:-16, idx:9 @cmdq_mbox_create,184
[    1.344162] -(7)[50:kworker/7:1]CPU: 7 PID: 50 Comm: kworker/7:1 Tainted: G S      W       4.14.186+ #4
[    1.344168] -(7)[50:kworker/7:1]Hardware name: MT6833V/ZA (DT)
[    1.344183] -(7)[50:kworker/7:1]Workqueue: events deferred_probe_work_func
[    1.344190] -(7)[50:kworker/7:1]Call trace:
[    1.344201] -(7)[50:kworker/7:1] dump_backtrace+0x0/0x1f8
[    1.344209] -(7)[50:kworker/7:1] show_stack+0x14/0x20
[    1.344219] -(7)[50:kworker/7:1] dump_stack+0xa4/0xc8
[    1.344228] -(7)[50:kworker/7:1] cmdq_mbox_create+0x144/0x190
[    1.344238] -(7)[50:kworker/7:1] mtk_crtc_init_gce_obj+0xfc/0x4bc
[    1.344247] -(7)[50:kworker/7:1] mtk_drm_crtc_create+0x6ec/0xbe8
[    1.344255] -(7)[50:kworker/7:1] mtk_drm_bind+0x1b8/0x460
[    1.344265] -(7)[50:kworker/7:1] try_to_bring_up_master+0x21c/0x2c0
[    1.344273] -(7)[50:kworker/7:1] component_add+0xc8/0x218
[    1.344281] -(7)[50:kworker/7:1] mtk_dsi_probe+0x338/0x6e0
[    1.344291] -(7)[50:kworker/7:1] platform_drv_probe+0x58/0xc0
[    1.344299] -(7)[50:kworker/7:1] driver_probe_device+0x43c/0x4b0
[    1.344307] -(7)[50:kworker/7:1] __device_attach_driver+0xbc/0x158
[    1.344315] -(7)[50:kworker/7:1] bus_for_each_drv+0x70/0xc8
[    1.344323] -(7)[50:kworker/7:1] __device_attach+0xdc/0x160
[    1.344331] -(7)[50:kworker/7:1] device_initial_probe+0x10/0x18
[    1.344338] -(7)[50:kworker/7:1] bus_probe_device+0x94/0xa0
[    1.344346] -(7)[50:kworker/7:1] deferred_probe_work_func+0x108/0x190
[    1.344356] -(7)[50:kworker/7:1] process_one_work+0x188/0x4c0
[    1.344364] -(7)[50:kworker/7:1] worker_thread+0x1fc/0x4d0
[    1.344372] -(7)[50:kworker/7:1] kthread+0x10c/0x160
[    1.344380] -(7)[50:kworker/7:1] ret_from_fork+0x10/0x18
[    1.344391]  (7)[50:kworker/7:1][cmdq][err] no gce-event-names property or no such event:disp_wdma0_eof @cmdq_dev_get_event,364
[    1.344399]  (7)[50:kworker/7:1][cmdq][err] no gce-event-names property or no such event:disp_mutex2_eof @cmdq_dev_get_event,364
[    1.344408]  (7)[50:kworker/7:1][cmdq][err] no gce-event-names property or no such event:disp_token_stream_eof2 @cmdq_dev_get_event,364
[    1.344416]  (7)[50:kworker/7:1][cmdq][err] no gce-event-names property or no such event:disp_token_stream_dirty2 @cmdq_dev_get_event,364
[    1.344424]  (7)[50:kworker/7:1][cmdq][err] no gce-event-names property or no such event:disp_token_sodi2 @cmdq_dev_get_event,364
[    1.344432]  (7)[50:kworker/7:1][cmdq][err] no gce-event-names property or no such event:disp_wait_wdma0_te @cmdq_dev_get_event,364
[    1.344441]  (7)[50:kworker/7:1][cmdq][err] no gce-event-names property or no such event:disp_token_esd_eof2 @cmdq_dev_get_event,364
[    1.344448]  (7)[50:kworker/7:1][cmdq][err] no gce-event-names property or no such event:disp_rdma0_eof2 @cmdq_dev_get_event,364
[    1.344628]  (7)[50:kworker/7:1][cmdq][err] no gce-event-names property or no such event:disp_wdma1_eof2 @cmdq_dev_get_event,364
[    1.344636]  (7)[50:kworker/7:1][cmdq][err] no gce-event-names property or no such event:disp_token_stream_block2 @cmdq_dev_get_event,364
[    1.344644]  (7)[50:kworker/7:1][cmdq][err] no gce-event-names property or no such event:disp_token_cabc_eof2 @cmdq_dev_get_event,364
[    1.344652]  (7)[50:kworker/7:1][cmdq][err] no gce-event-names property or no such event:disp_dsi0_sof2 @cmdq_dev_get_event,364
[    1.345176]  (7)[50:kworker/7:1]mtk_drm_crtc_create-CRTC2 create successfully
[    1.345263]  (7)[50:kworker/7:1][drm] Supports vblank timestamp caching Rev 2 (21.10.2013).
[    1.345269]  (7)[50:kworker/7:1][drm] Driver supports precise vblank timestamp query.
[    1.345301]  (7)[50:kworker/7:1]mtk_fbdev_init+
[    1.345324]  (7)[50:kworker/7:1]mtk_dsi_connector_get_modes, 3392, htotal_low:771, mcount:2
[    1.345355]  (7)[50:kworker/7:1]mtk_fbdev_probe+
[    1.348810]  (7)[50:kworker/7:1][drm:mtk_drm_gem_create] cookie = 00000000d714e502 dma_addr = 0x00000000ff053000 size = 2306048
[    1.348821]  (7)[50:kworker/7:1]mtk_fbdev_probe-
[    1.348894]  (7)[50:kworker/7:1][powerkey_monitor_bright]: bright_fb_notifier_callback:event = 5,status:4
[    1.348898]  (7)[50:kworker/7:1][powerkey_monitor_black]: black_fb_notifier_callback:event = 5 status:4
[    1.348910]  (7)[50:kworker/7:1]mediatek-drm 14000000.dispsys_config: fb0:  frame buffer device
[    1.348976]  (7)[50:kworker/7:1]mtk_fbdev_init-
[    1.348987]  (7)[50:kworker/7:1]CRTC0 hold wakelock mtk_drm_crtc_first_enable 5657
[    1.348998]  (7)[50:kworker/7:1][mtk_crtc_prepare_dual_pipe line:1571]crtc0 single pipe current freq: 0
[    1.349006]  (7)[50:kworker/7:1][fps]: drm_invoke_fps_chg_callbacks,new_fps =70
[    1.349030]  (7)[50:kworker/7:1]width:720, height:1600
[    1.350226]  (7)[50:kworker/7:1][mtk_disp_mutex_submit_sof line:6715]
[    1.350600]  (7)[50:kworker/7:1][disp_aal]disp_aal_get_cust_led mode=4
[    1.366213]  (7)[50:kworker/7:1][drm] Initialized mediatek 1.0.0 20150513 for 14000000.dispsys_config on minor 0
[    1.367852]  (7)[50:kworker/7:1]BOOTPROF:      1367.849926:probe: probe=platform_drv_probe drv=mtk-dsi(mtk_dsi_driver)    35.280000ms
[    1.367880]  (7)[50:kworker/7:1]deferred probe 14013000.dsi returned after 34654 usecs
[    1.367888]  (7)[50:kworker/7:1]deferred probe 16010000.vdec_gcon @ 50
[    1.368084]  (7)[50:kworker/7:1]mtk-vcodec-dec 16010000.vdec_gcon: [VCU] can't get vcu node
[    1.368091]  (7)[50:kworker/7:1][MTK_V4L2][ERROR] mtk_vcodec_dec_probe:273: [VCU] vcu device in not ready
[    1.368128]  (7)[50:kworker/7:1]deferred probe 16010000.vdec_gcon returned after 228 usecs
[    1.368134]  (7)[50:kworker/7:1]deferred probe 16018000.vdec_gcon @ 50
[    1.368260]  (7)[50:kworker/7:1]mtk-vcodec-dec 16018000.vdec_gcon: [VCU] can't get vcu node
[    1.368265]  (7)[50:kworker/7:1][MTK_V4L2][ERROR] mtk_vcodec_dec_probe:273: [VCU] vcu device in not ready
[    1.368288]  (7)[50:kworker/7:1]deferred probe 16018000.vdec_gcon returned after 144 usecs
[    1.368294]  (7)[50:kworker/7:1]deferred probe debug-kinfo @ 50
[    1.368429]  (7)[50:kworker/7:1]deferred probe debug-kinfo returned after 125 usecs
[    1.368467]  (6)[1:swapper/0]initcall deferred_probe_initcall+0x0/0x48 returned 0 after 35242 usecs
[    1.368481]  (6)[1:swapper/0]BOOTPROF:      1368.479695:initcall: deferred_probe_initcall    36.115077ms
[    1.368493]  (6)[1:swapper/0]calling  koro_init+0x0/0x3c @ 1
[    1.368501]  (6)[1:swapper/0]initcall koro_init+0x0/0x3c returned 0 after 0 usecs
[    1.368509]  (6)[1:swapper/0]calling  _mt_cpufreq_pdrv_init+0x0/0x120 @ 1
[    1.368516]  (6)[1:swapper/0][Power/cpufreq] @@~ _mt_cpufreq_pdrv_init DVFS state = 1
[    1.368772]  (6)[1:swapper/0][Power/cpufreq] cluster_id = 0, cluster_cpuid = 0
[    1.368778]  (6)[1:swapper/0][Power/cpufreq] cluster_id = 1, cluster_cpuid = 6
[    1.369219]  (6)[1:swapper/0][Power/cpufreq] 0, Settle time(1250, 500) efuse_val = 0x1
[    1.369348]  (6)[1:swapper/0][Power/cpufreq] @@regulator map success!!
[    1.369355]  (6)[1:swapper/0][Power/cpufreq] 0, Settle time(1250, 500) efuse_val = 0x1
[    1.370588]  (1)[329:dc_trim_thread]mt6359-sound mt6359_snd: start_trim_hardware(), --
[    1.370614]  (1)[329:dc_trim_thread]mt6359-sound mt6359_snd: get_hp_dctrim_offset(), get on_valueL
[    1.371330]  (6)[1:swapper/0][Power/cpufreq] 0, Settle time(1250, 500) efuse_val = 0x1
[    1.371494]  (6)[1:swapper/0][Power/cpufreq] 0, Settle time(1250, 500) efuse_val = 0x1
[    1.371615]  (6)[1:swapper/0][Power/PPM] DVFS table type = 0
[    1.371617]  (6)[1:swapper/0][Power/PPM] DVFS table of cluster 0:
[    1.371619]  (6)[1:swapper/0][Power/PPM] 0: 2000000 KHz
[    1.371621]  (6)[1:swapper/0][Power/PPM] 1: 1916000 KHz
[    1.371623]  (6)[1:swapper/0][Power/PPM] 2: 1812000 KHz
[    1.371625]  (6)[1:swapper/0][Power/PPM] 3: 1750000 KHz
[    1.371627]  (6)[1:swapper/0][Power/PPM] 4: 1645000 KHz
[    1.371629]  (6)[1:swapper/0][Power/PPM] 5: 1500000 KHz
[    1.371631]  (6)[1:swapper/0][Power/PPM] 6: 1390000 KHz
[    1.371633]  (6)[1:swapper/0][Power/PPM] 7: 1280000 KHz
[    1.371635]  (6)[1:swapper/0][Power/PPM] 8: 1115000 KHz
[    1.371637]  (6)[1:swapper/0][Power/PPM] 9: 1032000 KHz
[    1.371639]  (6)[1:swapper/0][Power/PPM] 10: 950000 KHz
[    1.371641]  (6)[1:swapper/0][Power/PPM] 11: 840000 KHz
[    1.371643]  (6)[1:swapper/0][Power/PPM] 12: 730000 KHz
[    1.371645]  (6)[1:swapper/0][Power/PPM] 13: 675000 KHz
[    1.371647]  (6)[1:swapper/0][Power/PPM] 14: 620000 KHz
[    1.371649]  (6)[1:swapper/0][Power/PPM] 15: 500000 KHz
[    1.371652]  (6)[1:swapper/0][Power/PPM] DVFS table type = 0
[    1.371654]  (6)[1:swapper/0][Power/PPM] DVFS table of cluster 1:
[    1.371656]  (6)[1:swapper/0][Power/PPM] 0: 2203000 KHz
[    1.371658]  (6)[1:swapper/0][Power/PPM] 1: 2087000 KHz
[    1.371660]  (6)[1:swapper/0][Power/PPM] 2: 1995000 KHz
[    1.371662]  (6)[1:swapper/0][Power/PPM] 3: 1903000 KHz
[    1.371664]  (6)[1:swapper/0][Power/PPM] 4: 1788000 KHz
[    1.371666]  (6)[1:swapper/0][Power/PPM] 5: 1719000 KHz
[    1.371668]  (6)[1:swapper/0][Power/PPM] 6: 1650000 KHz
[    1.371670]  (6)[1:swapper/0][Power/PPM] 7: 1534000 KHz
[    1.371672]  (6)[1:swapper/0][Power/PPM] 8: 1418000 KHz
[    1.371674]  (6)[1:swapper/0][Power/PPM] 9: 1274000 KHz
[    1.371676]  (6)[1:swapper/0][Power/PPM] 10: 1129000 KHz
[    1.371678]  (6)[1:swapper/0][Power/PPM] 11: 1042000 KHz
[    1.371680]  (6)[1:swapper/0][Power/PPM] 12: 985000 KHz
[    1.371682]  (6)[1:swapper/0][Power/PPM] 13: 898000 KHz
[    1.371684]  (6)[1:swapper/0][Power/PPM] 14: 840000 KHz
[    1.371685]  (6)[1:swapper/0][Power/PPM] 15: 725000 KHz
[    1.371932]  (6)[1:swapper/0]initcall _mt_cpufreq_pdrv_init+0x0/0x120 returned 0 after 3333 usecs
[    1.371937]  (6)[1:swapper/0]calling  eem_init+0x0/0x558 @ 1
[    1.372541] -(6)[1:swapper/0][CPU][EEM]eem init check restart, vboot_check_cnt:1
[    1.372631]  (6)[1:swapper/0]initcall eem_init+0x0/0x558 returned 0 after 673 usecs
[    1.372635]  (6)[1:swapper/0]calling  eemg_init+0x0/0x248 @ 1
[    1.372637]  (6)[1:swapper/0][xxxxEEMG] gpu_vb_volt:77500, efuse_val:6
[    1.372640] -(6)[1:swapper/0][CPU][EEM]eem init check restart, vboot_check_cnt:2
[    1.372741] -(6)[1:swapper/0][CPU][EEM]eem init check restart, vboot_check_cnt:3
[    1.372840] -(6)[49:kworker/6:1][CPU][EEM]eem init check restart, vboot_check_cnt:4
[    1.372877]  (6)[49:kworker/6:1]mtk-vcodec-dec 16010000.vdec_gcon: [VCU] can't get vcu node
[    1.372879]  (6)[49:kworker/6:1][MTK_V4L2][ERROR] mtk_vcodec_dec_probe:273: [VCU] vcu device in not ready
[    1.372940] -(6)[49:kworker/6:1][CPU][EEM]eem init check restart, vboot_check_cnt:5
[    1.372943]  (6)[49:kworker/6:1]mtk-vcodec-dec 16018000.vdec_gcon: [VCU] can't get vcu node
[    1.372945]  (6)[49:kworker/6:1][MTK_V4L2][ERROR] mtk_vcodec_dec_probe:273: [VCU] vcu device in not ready
[    1.372978]  (7)[1:swapper/0][xxxxEEMG] det[0]->vmin = 28
[    1.372982]  (7)[1:swapper/0][xxxxEEMG] det[1]->vmin = 28
[    1.373040] -(6)[0:swapper/6][CPU][EEM]eem init check restart, vboot_check_cnt:6
[    1.373140] -(6)[0:swapper/6][CPU][EEM]eem init check restart, vboot_check_cnt:7
[    1.373240] -(6)[361:EEMG_CTRL_GPU][CPU][EEM]eem init check restart, vboot_check_cnt:8
[    1.373249]  (6)[361:EEMG_CTRL_GPU][xxxxEEMG] cur_flag:0x1, g_flag:0x3
[    1.373340] -(6)[0:swapper/6][CPU][EEM]eem init check restart, vboot_check_cnt:9
[    1.373440] -(6)[0:swapper/6][CPU][EEM]eem init check restart, vboot_check_cnt:10
[    1.373475]  (6)[362:EEMG_CTRL_GPU_H][xxxxEEMG] cur_flag:0x3, g_flag:0x3
[    1.373540] -(6)[0:swapper/6][CPU][EEM]eem init check restart, vboot_check_cnt:11
[    1.373642] -(7)[1:swapper/0]initcall eemg_init+0x0/0x248 returned 0 after 977 usecs
[    1.373643] -(6)[0:swapper/6][CPU][EEM]eem init check restart, vboot_check_cnt:12
[    1.373649]  (7)[1:swapper/0]calling  mssv_init+0x0/0x50 @ 1
[    1.373740] -(6)[0:swapper/6][CPU][EEM]eem init check restart, vboot_check_cnt:13
[    1.373840] -(6)[0:swapper/6][CPU][EEM]eem init check restart, vboot_check_cnt:14
[    1.373883]  (7)[1:swapper/0]initcall mssv_init+0x0/0x50 returned 0 after 223 usecs
[    1.373887]  (7)[1:swapper/0]calling  upower_init+0x0/0x5bc @ 1
[    1.373940] -(6)[0:swapper/6][CPU][EEM]eem init check restart, vboot_check_cnt:15
[    1.374040] -(6)[0:swapper/6][CPU][EEM]eem init check restart, vboot_check_cnt:16
[    1.374095]  (7)[1:swapper/0]initcall upower_init+0x0/0x5bc returned 0 after 198 usecs
[    1.374099]  (7)[1:swapper/0]calling  cpuhp_init+0x0/0xb8 @ 1
[    1.374140] -(6)[0:swapper/6][CPU][EEM]eem init check restart, vboot_check_cnt:17
[    1.374222]  (7)[50:kworker/7:1]mtk-vcodec-dec 16010000.vdec_gcon: [VCU] can't get vcu node
[    1.374226]  (7)[50:kworker/7:1][MTK_V4L2][ERROR] mtk_vcodec_dec_probe:273: [VCU] vcu device in not ready
[    1.374240] -(6)[0:swapper/6][CPU][EEM]eem init check restart, vboot_check_cnt:18
[    1.374295]  (7)[1:swapper/0]initcall cpuhp_init+0x0/0xb8 returned 0 after 186 usecs
[    1.374299]  (7)[1:swapper/0]calling  ppm_lcmoff_policy_init+0x0/0x128 @ 1
[    1.374308]  (7)[1:swapper/0][Power/PPM] @ppm_lcmoff_policy_init: register PPM_POLICY_LCM_OFF done!
[    1.374311]  (7)[1:swapper/0]initcall ppm_lcmoff_policy_init+0x0/0x128 returned 0 after 8 usecs
[    1.374315]  (7)[1:swapper/0]calling  ppm_power_data_init+0x0/0x4c @ 1
[    1.374318]  (7)[1:swapper/0][Power/PPM] cobra_tbl: 00000000881e6532
[    1.374332]  (7)[1:swapper/0][Power/PPM] COBRA init done!
[    1.374341] -(6)[0:swapper/6][CPU][EEM]eem init check restart, vboot_check_cnt:19
[    1.374343]  (7)[1:swapper/0][Power/PPM] (0x0)(-1)(0)(0-7)(15)(0)(6)(6) (15)(0)(2)(2) 
[    1.374353]  (7)[1:swapper/0][Power/PPM] power data init done!
[    1.374357]  (7)[1:swapper/0]initcall ppm_power_data_init+0x0/0x4c returned 0 after 37 usecs
[    1.374361]  (7)[1:swapper/0]calling  mt_dcm_init+0x0/0xd0 @ 1
[    1.374440] -(6)[0:swapper/6][CPU][EEM]eem init check restart, vboot_check_cnt:20
[    1.374508]  (7)[1:swapper/0][Power/dcm]  : weak function of dcm_pre_init
[    1.374511]  (7)[1:swapper/0][Power/dcm]  : [dcm_set_default]type:0x00000187, init_dcm_type=0x187, INIT_DCM_TYPE_BY_K=0x0
[    1.374515]  (7)[1:swapper/0][Power/dcm]  : [     ARMCORE_DCM 0x00000001] current state:1 (0)
[    1.374517]  (7)[1:swapper/0][Power/dcm]  : [      MCUSYS_DCM 0x00000002] current state:1 (0)
[    1.374520]  (7)[1:swapper/0][Power/dcm]  : [       INFRA_DCM 0x00000004] current state:1 (0)
[    1.374523]  (7)[1:swapper/0][Power/dcm]  : [       STALL_DCM 0x00000080] current state:1 (0)
[    1.374526]  (7)[1:swapper/0][Power/dcm]  : [    BIG_CORE_DCM 0x00000100] current state:1 (0)
[    1.374529]  (7)[1:swapper/0][Power/dcm]  : 
[    1.374529] ******** dcm dump register *********
[    1.374533]  (7)[1:swapper/0][Power/dcm]  : MCUSYS_PAR_WRAP_CPU_STALL_DCM_CTRL(0xffffff800fc50230): 0x0000000f
[    1.374536]  (7)[1:swapper/0][Power/dcm]  : MCUSYS_PAR_WRAP_STALL_DCM_CONF(0xffffff800fc53230): 0x0050647b
[    1.374539]  (7)[1:swapper/0][Power/dcm]  : MP_CPUSYS_TOP_BUS_PLLDIV_CFG  (0xffffff800fc5a2e0): 0x80100aff
[    1.374540] -(6)[0:swapper/6][CPU][EEM]eem init check disabled, cnt:20, done:0
[    1.374545]  (7)[1:swapper/0][Power/dcm]  : MP_CPUSYS_TOP_MCSIC_DCM0      (0xffffff800fc5a440): 0x0000ffff
[    1.374548]  (7)[1:swapper/0][Power/dcm]  : MP_CPUSYS_TOP_MP_ADB_DCM_CFG0 (0xffffff800fc5a500): 0x00020000
[    1.374551]  (7)[1:swapper/0][Power/dcm]  : MP_CPUSYS_TOP_MP_ADB_DCM_CFG4 (0xffffff800fc5a510): 0x00278000
[    1.374554]  (7)[1:swapper/0][Power/dcm]  : MP_CPUSYS_TOP_MP_MISC_DCM_CFG0(0xffffff800fc5a518): 0x0000003a
[    1.374557]  (7)[1:swapper/0][Power/dcm]  : MP_CPUSYS_TOP_MCUSYS_DCM_CFG0 (0xffffff800fc5a5c0): 0x00078100
[    1.374560]  (7)[1:swapper/0][Power/dcm]  : CPCCFG_REG_EMI_WFIFO          (0xffffff800fc22900): 0x0000000f
[    1.374563]  (7)[1:swapper/0][Power/dcm]  : MCUSYS_CFG_REG_MP0_DCM_CFG0   (0xffffff800ebd5880): 0x0001000f
[    1.374566]  (7)[1:swapper/0][Power/dcm]  : MCUSYS_CFG_REG_MP0_DCM_CFG7   (0xffffff800ebd589c): 0x00001011
[    1.374569]  (7)[1:swapper/0][Power/dcm]  : INFRA_BUS_DCM_CTRL            (0xffffff800ebbd070): 0x40f80603
[    1.374572]  (7)[1:swapper/0][Power/dcm]  : PERI_BUS_DCM_CTRL             (0xffffff800ebbd074): 0xa47f83e3
[    1.374574]  (7)[1:swapper/0][Power/dcm]  : P2P_RX_CLK_ON                 (0xffffff800ebbd0a0): 0x00000000
[    1.374577]  (7)[1:swapper/0][Power/dcm]  : MODULE_SW_CG_2_STA            (0xffffff800ebbd0ac): 0x97fc2fd2
[    1.374580]  (7)[1:swapper/0][Power/dcm]  : INFRA_AXIMEM_IDLE_BIT_EN_0    (0xffffff800ebbda30): 0x00030000
[    1.374583]  (7)[1:swapper/0][Power/dcm]  : INFRA_EMI_DCM_CFG0            (0xffffff800ebc5028): 0x0000000e
[    1.374586]  (7)[1:swapper/0][Power/dcm]  : INFRA_EMI_DCM_CFG1            (0xffffff800ebc502c): 0x400000f0
[    1.374589]  (7)[1:swapper/0][Power/dcm]  : INFRA_EMI_DCM_CFG3            (0xffffff800ebc5034): 0x00000000
[    1.374592]  (7)[1:swapper/0][Power/dcm]  : TOP_CK_ANCHOR_CFG             (0xffffff800ebc5038): 0x200000f7
[    1.374595]  (7)[1:swapper/0][Power/dcm]  : VDNR_DCM_TOP_INFRA_PAR_BUS_u_INFRA_PAR_BUS_CTRL_0(0xffffff800ebcd034): 0x10000003
[    1.374598]  (7)[1:swapper/0][Power/dcm]  : VDNR_DCM_TOP_INFRA_PAR_BUS_u_INFRA_PAR_BUS_CTRL_1(0xffffff800ebcd038): 0x04880010
[    1.374601]  (7)[1:swapper/0][Power/dcm]  : VDNR_DCM_TOP_INFRA_PAR_BUS_u_INFRA_PAR_BUS_CTRL_2(0xffffff800ebcd03c): 0x00880010
[    1.374604]  (7)[1:swapper/0][Power/dcm]  : VDNR_DCM_TOP_INFRA_PAR_BUS_u_INFRA_PAR_BUS_CTRL_9(0xffffff800ebcd058): 0x00404110
[    1.374607]  (7)[1:swapper/0][Power/dcm]  : VDNR_DCM_TOP_INFRA_PAR_BUS_u_INFRA_PAR_BUS_CTRL_10(0xffffff800ebcd05c): 0x02021010
[    1.374610]  (7)[1:swapper/0][Power/dcm]  : [ARMCORE_DCM      0x00000001] sync hw state:1 (0)
[    1.374617]  (7)[1:swapper/0][Power/dcm]  : [MCUSYS_DCM       0x00000002] sync hw state:1 (0)
[    1.374620]  (7)[1:swapper/0][Power/dcm]  : [INFRA_DCM        0x00000004] sync hw state:1 (0)
[    1.374624]  (7)[1:swapper/0][Power/dcm]  : [STALL_DCM        0x00000080] sync hw state:1 (0)
[    1.374631]  (7)[1:swapper/0]initcall mt_dcm_init+0x0/0xd0 returned 0 after 259 usecs
[    1.374635]  (7)[1:swapper/0]calling  slbc_module_init+0x0/0x1a8 @ 1
[    1.374791]  (7)[1:swapper/0]#@# slbc_module_init(1219) slbc_enable 1
[    1.374815]  (7)[1:swapper/0]initcall slbc_module_init+0x0/0x1a8 returned 0 after 171 usecs
[    1.374819]  (7)[1:swapper/0]calling  mtk_qos_init+0x0/0x20 @ 1
[    1.374903]  (7)[1:swapper/0]qos ipi is ready!
[    1.374995]  (7)[50:kworker/7:1]mtk-vcodec-dec 16018000.vdec_gcon: [VCU] can't get vcu node
[    1.374998]  (7)[50:kworker/7:1][MTK_V4L2][ERROR] mtk_vcodec_dec_probe:273: [VCU] vcu device in not ready
[    1.375108]  (6)[1:swapper/0]qos: rec phy_addr = 0x9fbf2800, virt_addr=0xffffff8009102800, size = 4096
[    1.375150]  (1)[364:qos_ipi_recv]qos_ipi_recv_thread start!
[    1.375220]  (6)[49:kworker/6:1]mtk-vcodec-dec 16010000.vdec_gcon: [VCU] can't get vcu node
[    1.375223]  (6)[49:kworker/6:1][MTK_V4L2][ERROR] mtk_vcodec_dec_probe:273: [VCU] vcu device in not ready
[    1.375277]  (6)[49:kworker/6:1]mtk-vcodec-dec 16018000.vdec_gcon: [VCU] can't get vcu node
[    1.375280]  (6)[49:kworker/6:1][MTK_V4L2][ERROR] mtk_vcodec_dec_probe:273: [VCU] vcu device in not ready
[    1.375638]  (6)[1:swapper/0]initcall mtk_qos_init+0x0/0x20 returned 0 after 794 usecs
[    1.375642]  (6)[1:swapper/0]calling  cm_mgr_module_init+0x0/0x2a4 @ 1
[    1.375659]  (6)[1:swapper/0]SSPM is ready to service CM IPI
[    1.375720]  (6)[1:swapper/0]#@# cm_mgr_check_dram_type(318) ddr_type 0x6, ddr_hz 4266, cm_mgr_idx 0x0
[    1.375762]  (0)[310:kworker/u16:5][MUSB]do_register_otg_work 65: register OTG <0000000062024a4f> ok
[    1.377901]  (6)[1:swapper/0]initcall cm_mgr_module_init+0x0/0x2a4 returned 0 after 2202 usecs
[    1.377905]  (6)[1:swapper/0]calling  mtk_dvfsrc_boost_init+0x0/0x20 @ 1
[    1.378033]  (6)[49:kworker/6:1]mtk-vcodec-dec 16010000.vdec_gcon: [VCU] can't get vcu node
[    1.378036]  (6)[49:kworker/6:1][MTK_V4L2][ERROR] mtk_vcodec_dec_probe:273: [VCU] vcu device in not ready
[    1.378090]  (6)[49:kworker/6:1]mtk-vcodec-dec 16018000.vdec_gcon: [VCU] can't get vcu node
[    1.378092]  (6)[49:kworker/6:1][MTK_V4L2][ERROR] mtk_vcodec_dec_probe:273: [VCU] vcu device in not ready
[    1.378389]  (6)[1:swapper/0]initcall mtk_dvfsrc_boost_init+0x0/0x20 returned 0 after 467 usecs
[    1.378396]  (6)[1:swapper/0]calling  mmdvfs_pmqos_late_init+0x0/0xe0 @ 1
[    1.379693]  (6)[1:swapper/0][mmdvfs]force flip step0 when late_init
[    1.379697]  (6)[1:swapper/0]initcall mmdvfs_pmqos_late_init+0x0/0xe0 returned 0 after 1266 usecs
[    1.379701]  (6)[1:swapper/0]calling  trusted_mem_init+0x0/0x68 @ 1
[    1.379704]  (6)[1:swapper/0][TMEM]trusted_mem_init:387
[    1.379708]  (6)[1:swapper/0][TMEM]trusted_mem_init:391 (end)
[    1.379711]  (6)[1:swapper/0]initcall trusted_mem_init+0x0/0x68 returned 0 after 7 usecs
[    1.379715]  (6)[1:swapper/0]calling  post_sspm_set_emi_mpu+0x0/0xb4 @ 1
[    1.379740]  (6)[1:swapper/0]initcall post_sspm_set_emi_mpu+0x0/0xb4 returned 0 after 20 usecs
[    1.379744]  (6)[1:swapper/0]calling  post_mcupm_set_emi_mpu+0x0/0x94 @ 1
[    1.379749]  (6)[1:swapper/0]initcall post_mcupm_set_emi_mpu+0x0/0x94 returned 0 after 2 usecs
[    1.379753]  (6)[1:swapper/0]calling  sys_timer_device_init+0x0/0x34 @ 1
[    1.380099]  (6)[1:swapper/0]sys_timer 10017000.sys_timer: invalid resource
[    1.380101]  (6)[1:swapper/0]unable to ioremap sysram base, might be disabled
[    1.380104]  (6)[1:swapper/0]mult=161319385, shift=21, maxsec=5000
[    1.380111]  (6)[1:swapper/0]enabled: 1, support_sysram: 0
[    1.380192]  (6)[49:kworker/6:1]mtk-vcodec-dec 16010000.vdec_gcon: [VCU] can't get vcu node
[    1.380194]  (6)[49:kworker/6:1][MTK_V4L2][ERROR] mtk_vcodec_dec_probe:273: [VCU] vcu device in not ready
[    1.380250]  (6)[49:kworker/6:1]mtk-vcodec-dec 16018000.vdec_gcon: [VCU] can't get vcu node
[    1.380252]  (6)[49:kworker/6:1][MTK_V4L2][ERROR] mtk_vcodec_dec_probe:273: [VCU] vcu device in not ready
[    1.380534]  (6)[1:swapper/0]initcall sys_timer_device_init+0x0/0x34 returned 0 after 758 usecs
[    1.380538]  (6)[1:swapper/0]calling  rq_stats_init+0x0/0x1f4 @ 1
[    1.380556]  (6)[1:swapper/0]initcall rq_stats_init+0x0/0x1f4 returned 0 after 14 usecs
[    1.380560]  (6)[1:swapper/0]calling  sched_hint_init+0x0/0x11c @ 1
[    1.380769]  (6)[1:swapper/0]initcall sched_hint_init+0x0/0x11c returned 0 after 200 usecs
[    1.380773]  (6)[1:swapper/0]calling  eas_stats_init+0x0/0xb0 @ 1
[    1.380778]  (6)[1:swapper/0]initcall eas_stats_init+0x0/0xb0 returned 0 after 2 usecs
[    1.380782]  (6)[1:swapper/0]calling  flashlight_mt6360_init+0x0/0xac @ 1
[    1.380900]  (6)[1:swapper/0]flashlights_mt6360: mt6360_parse_dt: Channel number(2).
[    1.380904]  (6)[1:swapper/0]flashlights_mt6360: mt6360_parse_dt: Parse dt (type,ct,part,name,channel,decouple)=(0,0,0,flashlights-mt6360,0,1).
[    1.380907]  (6)[1:swapper/0]flashlights_mt6360: mt6360_parse_dt: Parse dt (type,ct,part,name,channel,decouple)=(0,1,0,flashlights-mt6360,1,1).
[    1.380911]  (6)[1:swapper/0]Oplusflashlight_set_strobe_timeout_custom
[    1.381209]  (6)[1:swapper/0]flashlight: flashlight_dev_register_by_device_id: Register device (0,0,0)
[    1.381214]  (6)[1:swapper/0]flashlight: flashlight_dev_register_by_device_id: Register device (0,1,0)
[    1.381305]  (6)[49:kworker/6:1]mtk-vcodec-dec 16010000.vdec_gcon: [VCU] can't get vcu node
[    1.381308]  (6)[49:kworker/6:1][MTK_V4L2][ERROR] mtk_vcodec_dec_probe:273: [VCU] vcu device in not ready
[    1.381369]  (6)[49:kworker/6:1]mtk-vcodec-dec 16018000.vdec_gcon: [VCU] can't get vcu node
[    1.381371]  (6)[49:kworker/6:1][MTK_V4L2][ERROR] mtk_vcodec_dec_probe:273: [VCU] vcu device in not ready
[    1.381583]  (6)[1:swapper/0]initcall flashlight_mt6360_init+0x0/0xac returned 0 after 775 usecs
[    1.381588]  (6)[1:swapper/0]calling  mtk_nanohub_info_init+0x0/0x38 @ 1
[    1.381813]  (6)[1:swapper/0]initcall mtk_nanohub_info_init+0x0/0x38 returned 0 after 216 usecs
[    1.381817]  (6)[1:swapper/0]calling  sensor_devinfo_init+0x0/0x800 @ 1
[    1.382107]  (1)[329:dc_trim_thread][sensor_devinfo] get_msensor_parameter 1302 : get libname prop fail
[    1.382390]  (1)[329:dc_trim_thread]mt635x-auxadc mt635x-auxadc: name:HPOFS_CAL, channel=9, adc_out=0x7365, adc_result=29541
[    1.382393]  (6)[1:swapper/0][sensor_devinfo] get_msensor_parameter 1302 : get libname prop fail
[    1.382686]  (6)[1:swapper/0][sensor_devinfo] get_msensor_parameter 1302 : get libname prop fail
[    1.382973]  (6)[1:swapper/0][sensor_devinfo] get_new_arch_info 270 : get new-arch-supported = 1
[    1.383850]  (6)[1:swapper/0][sensor_devinfo] is_support_lb_algo 236 : get /odm/light_3 fail
[    1.384138]  (6)[1:swapper/0][sensor_devinfo] get_mtk_cali_origin_info 290 : get cali_arch fail
[    1.384158]  (6)[1:swapper/0][SCP] register scp A notify callback..
[    1.384164]  (6)[1:swapper/0]initcall sensor_devinfo_init+0x0/0x800 returned 0 after 2287 usecs
[    1.384168]  (6)[1:swapper/0]calling  virtual_sensor_init+0x0/0x334 @ 1
[    1.384172]  (6)[1:swapper/0]<VIRTUAL_SENSOR> virtual_sensor handle:77 register control path start
[    1.384175]  (6)[1:swapper/0]<VIRTUAL_SENSOR> handle_to_index  handle:77, index:2
[    1.384177]  (6)[1:swapper/0]<VIRTUAL_SENSOR> virtual_sensor handle:77 register control path done
[    1.384180]  (6)[1:swapper/0]<VIRTUAL_SENSOR> virtual_sensor handle:78 register control path start
[    1.384182]  (6)[1:swapper/0]<VIRTUAL_SENSOR> handle_to_index  handle:78, index:3
[    1.384184]  (6)[1:swapper/0]<VIRTUAL_SENSOR> virtual_sensor handle:78 register control path done
[    1.384187]  (6)[1:swapper/0]<VIRTUAL_SENSOR> virtual_sensor handle:80 register control path start
[    1.384189]  (6)[1:swapper/0]<VIRTUAL_SENSOR> handle_to_index  handle:80, index:4
[    1.384191]  (6)[1:swapper/0]<VIRTUAL_SENSOR> virtual_sensor handle:80 register control path done
[    1.384194]  (6)[1:swapper/0][pedo_minute] pedo_minutehub_local_init 107 : pedo_minutehub_local_init start.
[    1.384196]  (6)[1:swapper/0]<VIRTUAL_SENSOR> virtual_sensor handle:81 register control path start
[    1.384198]  (6)[1:swapper/0]<VIRTUAL_SENSOR> handle_to_index  handle:81, index:5
[    1.384201]  (6)[1:swapper/0]<VIRTUAL_SENSOR> virtual_sensor handle:81 register control path done
[    1.384203]  (6)[1:swapper/0][pedo_minute] pedo_minutehub_local_init 139 : pedo_minutehub_local_init over.
[    1.384205]  (6)[1:swapper/0]<VIRTUAL_SENSOR> virtual_sensor handle:83 register control path start
[    1.384207]  (6)[1:swapper/0]<VIRTUAL_SENSOR> handle_to_index  handle:83, index:6
[    1.384209]  (6)[1:swapper/0]<VIRTUAL_SENSOR> virtual_sensor handle:83 register control path done
[    1.384212]  (6)[1:swapper/0][oplus_activity_recognition] oplus_activity_recognitionhub_local_init done.
[    1.384213]  (6)[1:swapper/0]<VIRTUAL_SENSOR> virtual_sensor handle:85 register control path start
[    1.384216]  (6)[1:swapper/0]<VIRTUAL_SENSOR> handle_to_index  handle:85, index:7
[    1.384218]  (6)[1:swapper/0]<VIRTUAL_SENSOR> virtual_sensor handle:85 register control path done
[    1.384221]  (6)[1:swapper/0][elevator_detect] elevator_detecthub_local_init done.
[    1.384333]  (6)[1:swapper/0]initcall virtual_sensor_init+0x0/0x334 returned 0 after 157 usecs
[    1.384339]  (6)[1:swapper/0]calling  scp_late_init+0x0/0x30 @ 1
[    1.384341]  (6)[1:swapper/0][SCP] scp_late_init
[    1.384350]  (6)[1:swapper/0]initcall scp_late_init+0x0/0x30 returned 0 after 7 usecs
[    1.384354]  (6)[1:swapper/0]calling  memory_ssmr_debug_init+0x0/0x3e4 @ 1
[    1.384357]  (6)[1:swapper/0]memory-ssmr: memory_ssmr_debug_init: reserved mem for unmap is ready
[    1.384359]  (6)[1:swapper/0]memory-ssmr: [PASS]: SSMR sanity.
[    1.384364]  (6)[1:swapper/0]memory-ssmr: memory_ssmr_init_feature: svp is enable with size: 0x0000000018000000
[    1.384366]  (6)[1:swapper/0]memory-ssmr: memory_ssmr_init_feature: wfd is enable with size: 0x0000000004000000
[    1.384370]  (6)[1:swapper/0]initcall memory_ssmr_debug_init+0x0/0x3e4 returned 0 after 12 usecs
[    1.384373]  (6)[1:swapper/0]calling  mtk_leds_init+0x0/0x70 @ 1
[    1.384376]  (6)[1:swapper/0]leds_mtk_disp mtk_leds_init(704) :Leds init
[    1.384407]  (6)[1:swapper/0]leds_mtk_disp mtk_leds_probe(586) :probe begain +++
[    1.384409]  (6)[1:swapper/0]leds_mtk_disp mtk_leds_probe(589) :Load dts node nums: 1
[    1.384414]  (6)[1:swapper/0]leds_mtk_disp mtk_leds_parse_dt(508) :not support_silky_brightness property = 0
[    1.384419]  (6)[1:swapper/0]leds_mtk_disp mtk_leds_parse_dt(525) :get oplus_disp_ccorr_without_gamma property failed
[    1.384421]  (6)[1:swapper/0]leds_mtk_disp mtk_leds_parse_dt(527) :oplus_disp_ccorr_without_gamma:0
[    1.384423]  (6)[1:swapper/0]leds_mtk_disp mtk_leds_parse_dt(534) :get oplus_disp_no_bl_on_power_off property failed
[    1.384425]  (6)[1:swapper/0]leds_mtk_disp mtk_leds_parse_dt(536) :oplus_disp_no_bl_on_power_off:0
[    1.384428]  (6)[1:swapper/0]leds_mtk_disp mtk_leds_parse_dt(553) :parse 0 leds dt: lcd-backlight, 4095, 12
[    1.384445]  (6)[1:swapper/0]leds_mtk_disp led_data_init(444) :lcd-backlight devm_led_classdev_register ok! 
[    1.384448]  (6)[1:swapper/0]leds_mtk_disp mtk_leds_parse_dt(566) :load dts ok!
[    1.384450]  (6)[49:kworker/6:1]leds_mtk_disp mtk_leds_probe(626) :probe end ---
[    1.384544]  (6)[49:kworker/6:1]mtk-vcodec-dec 16010000.vdec_gcon: [VCU] can't get vcu node
[    1.384548]  (6)[49:kworker/6:1][MTK_V4L2][ERROR] mtk_vcodec_dec_probe:273: [VCU] vcu device in not ready
[    1.384609]  (6)[49:kworker/6:1]mtk-vcodec-dec 16018000.vdec_gcon: [VCU] can't get vcu node
[    1.384611]  (6)[49:kworker/6:1][MTK_V4L2][ERROR] mtk_vcodec_dec_probe:273: [VCU] vcu device in not ready
[    1.384918]  (6)[1:swapper/0]initcall mtk_leds_init+0x0/0x70 returned 0 after 527 usecs
[    1.384923]  (6)[1:swapper/0]calling  ram_console_late_init+0x0/0x5c @ 1
[    1.384929]  (6)[1:swapper/0]initcall ram_console_late_init+0x0/0x5c returned 0 after 2 usecs
[    1.384932]  (6)[1:swapper/0]calling  cmdq_sec_late_init+0x0/0x70 @ 1
[    1.385008]  (1)[329:dc_trim_thread]mt635x-auxadc mt635x-auxadc: name:HPOFS_CAL, channel=9, adc_out=0x7364, adc_result=29540
[    1.385179]  (6)[1:swapper/0]initcall cmdq_sec_late_init+0x0/0x70 returned 1151494848 after 237 usecs
[    1.385182]  (6)[1:swapper/0]calling  cmdq_util_init+0x0/0x7c @ 1
[    1.385184]  (6)[1:swapper/0][cmdq] cmdq_util_init begin
[    1.385340]  (6)[1:swapper/0][cmdq][err] debugfs_create_file cmdq-status failed:-19 @cmdq_util_init,522
[    1.385342]  (6)[1:swapper/0]initcall cmdq_util_init+0x0/0x7c returned -19 after 153 usecs
[    1.385345]  (6)[1:swapper/0]calling  mdp_late_init+0x0/0x68 @ 1
[    1.385348]  (6)[1:swapper/0][MDP]mdp_late_init begin
[    1.385354]  (6)[1:swapper/0][MDP]mdp_late_init end
[    1.385356]  (6)[1:swapper/0]initcall mdp_late_init+0x0/0x68 returned 0 after 8 usecs
[    1.385360]  (6)[1:swapper/0]calling  cmdq_core_late_init+0x0/0x44 @ 1
[    1.385362]  (6)[1:swapper/0][MDP]CMDQ driver late init begin
[    1.385364]  (6)[1:swapper/0]initcall cmdq_core_late_init+0x0/0x44 returned 0 after 2 usecs
[    1.385367]  (6)[1:swapper/0]calling  smi_late_init+0x0/0x2f8 @ 1
[    1.385370]  (6)[1:swapper/0]MMP: mmprofile_enable(): enable: 1
[    1.385380]  (6)[1:swapper/0]MMP: mmprofile_force_start(): start: 1
[    1.385456]  (6)[1:swapper/0][MTK_SMI]debugfs_create_file failed: -19
[    1.385489]  (6)[1:swapper/0]initcall smi_late_init+0x0/0x2f8 returned 0 after 115 usecs
[    1.385492]  (6)[1:swapper/0]calling  init_cqdma+0x0/0x44 @ 1
[    1.385778]  (6)[49:kworker/6:1]mtk-vcodec-dec 16010000.vdec_gcon: [VCU] can't get vcu node
[    1.385781]  (6)[49:kworker/6:1][MTK_V4L2][ERROR] mtk_vcodec_dec_probe:273: [VCU] vcu device in not ready
[    1.385843]  (6)[49:kworker/6:1]mtk-vcodec-dec 16018000.vdec_gcon: [VCU] can't get vcu node
[    1.385845]  (6)[49:kworker/6:1][MTK_V4L2][ERROR] mtk_vcodec_dec_probe:273: [VCU] vcu device in not ready
[    1.386111]  (6)[1:swapper/0]initcall init_cqdma+0x0/0x44 returned 0 after 599 usecs
[    1.386115]  (6)[1:swapper/0]calling  log_store_late_init+0x0/0x2e4 @ 1
[    1.386150]  (6)[1:swapper/0]log_store: set boot phase, last boot phase is 2.
[    1.386153]  (6)[1:swapper/0]log_store: not boot up, don't store log to expdb  
[    1.386154]  (6)[1:swapper/0]log store:sram_dram_buff addr 0x7ffbf000, size 0x40000.
[    1.386201]  (6)[1:swapper/0][PHY layout]log_store_mem:0x7ffbf000-0x7fffefff (0x40000)
[    1.386205]  (6)[1:swapper/0]buff 000000005750b213, sig cdab3412 size 40000 pl 400, sz 9ccb lk a0cb, sz 1e9e7 p c, l c
[    1.386210]  (6)[1:swapper/0]initcall log_store_late_init+0x0/0x2e4 returned 0 after 89 usecs
[    1.386213]  (6)[1:swapper/0]calling  rt_pd_manager_init+0x0/0x20 @ 1
[    1.386433]  (6)[1:swapper/0]rt-pd-manager rt-pd-manager: rt_pd_manager_probe (1.0.6_MTK)
[    1.386438]  (6)[1:swapper/0]rt-pd-manager rt-pd-manager: rt_pd_manager_probe tcpc_kpoc = 0
[    1.386468]  (6)[1:swapper/0]rt-pd-manager rt-pd-manager: rt_pd_manager_probe OK!!
[    1.386548]  (6)[49:kworker/6:1]mtk-vcodec-dec 16010000.vdec_gcon: [VCU] can't get vcu node
[    1.386551]  (6)[49:kworker/6:1][MTK_V4L2][ERROR] mtk_vcodec_dec_probe:273: [VCU] vcu device in not ready
[    1.386608]  (6)[49:kworker/6:1]mtk-vcodec-dec 16018000.vdec_gcon: [VCU] can't get vcu node
[    1.386610]  (6)[49:kworker/6:1][MTK_V4L2][ERROR] mtk_vcodec_dec_probe:273: [VCU] vcu device in not ready
[    1.386693]  (6)[1:swapper/0]initcall rt_pd_manager_init+0x0/0x20 returned 0 after 464 usecs
[    1.386697]  (6)[1:swapper/0]calling  usbc_pinctrl_init+0x0/0x34 @ 1
[    1.386900]  (6)[1:swapper/0]initcall usbc_pinctrl_init+0x0/0x34 returned 0 after 194 usecs
[    1.386903]  (6)[1:swapper/0]calling  mtktscharger_init+0x0/0x94 @ 1
[    1.387185]  (6)[49:kworker/6:1]mtk-vcodec-dec 16010000.vdec_gcon: [VCU] can't get vcu node
[    1.387188]  (6)[49:kworker/6:1][MTK_V4L2][ERROR] mtk_vcodec_dec_probe:273: [VCU] vcu device in not ready
[    1.387244]  (6)[49:kworker/6:1]mtk-vcodec-dec 16018000.vdec_gcon: [VCU] can't get vcu node
[    1.387246]  (6)[49:kworker/6:1][MTK_V4L2][ERROR] mtk_vcodec_dec_probe:273: [VCU] vcu device in not ready
[    1.387317]  (6)[1:swapper/0]initcall mtktscharger_init+0x0/0x94 returned 0 after 399 usecs
[    1.387321]  (6)[1:swapper/0]calling  mtkcooler_bcct_late_init+0x0/0x9c @ 1
[    1.387323]  (6)[1:swapper/0][Thermal/TC/bcct]mtkcooler_bcct_late_init
[    1.387422]  (6)[1:swapper/0][Thermal/TC/bcct]mtkcooler_bcct_pdrv_probe
[    1.387480]  (6)[49:kworker/6:1]mtk-vcodec-dec 16010000.vdec_gcon: [VCU] can't get vcu node
[    1.387482]  (6)[49:kworker/6:1][MTK_V4L2][ERROR] mtk_vcodec_dec_probe:273: [VCU] vcu device in not ready
[    1.387535]  (6)[49:kworker/6:1]mtk-vcodec-dec 16018000.vdec_gcon: [VCU] can't get vcu node
[    1.387537]  (6)[49:kworker/6:1][MTK_V4L2][ERROR] mtk_vcodec_dec_probe:273: [VCU] vcu device in not ready
[    1.387603]  (6)[1:swapper/0]initcall mtkcooler_bcct_late_init+0x0/0x9c returned 0 after 271 usecs
[    1.387608]  (6)[1:swapper/0]calling  meta_usb_init+0x0/0x274 @ 1
[    1.387612]  (6)[1:swapper/0]initcall meta_usb_init+0x0/0x274 returned 0 after 0 usecs
[    1.387618]  (1)[329:dc_trim_thread]mt635x-auxadc mt635x-auxadc: name:HPOFS_CAL, channel=9, adc_out=0x7364, adc_result=29540
[    1.387625]  (6)[1:swapper/0]calling  syna_tcm_module_init+0x0/0x70 @ 1
[    1.387627]  (6)[1:swapper/0][TP]td4160: syna_tcm_module_init is called
[    1.387629]  (6)[1:swapper/0][TP] tp_ic_name = td4160 
[    1.387704]  (6)[1:swapper/0]tp judge ic match failed 21037
[    1.387706]  (6)[1:swapper/0]initcall syna_tcm_module_init+0x0/0x70 returned -1 after 76 usecs
[    1.387709]  (6)[1:swapper/0]calling  tp_driver_init+0x0/0x68 @ 1
[    1.387711]  (6)[1:swapper/0][TP]focaltech,fts: tp_driver_init is called
[    1.387713]  (6)[1:swapper/0][TP] tp_ic_name = focaltech,fts 
[    1.387759]  (6)[1:swapper/0]tp judge ic match failed 21037
[    1.387763]  (6)[1:swapper/0]initcall tp_driver_init+0x0/0x68 returned -1 after 49 usecs
[    1.387765]  (6)[1:swapper/0]calling  nvt_driver_init+0x0/0x70 @ 1
[    1.387768]  (6)[1:swapper/0][TP]novatek,nf_nt36672c: nvt_driver_init is called
[    1.387770]  (6)[1:swapper/0][TP] tp_ic_name = novatek,nf_nt36672c 
[    1.387792]  (6)[1:swapper/0]tp judge ic match failed 21037
[    1.387794]  (6)[1:swapper/0]initcall nvt_driver_init+0x0/0x70 returned -1 after 25 usecs
[    1.387798]  (6)[1:swapper/0]calling  fpc1020_init+0x0/0x110 @ 1
[    1.387801]  (6)[1:swapper/0]fpc1020_init, found not fpc sensor: 16
[    1.387803]  (6)[1:swapper/0]initcall fpc1020_init+0x0/0x110 returned -22 after 2 usecs
[    1.387806]  (6)[1:swapper/0]calling  ancfp_init+0x0/0xd0 @ 1
[    1.387809]  (6)[1:swapper/0]ancfp_init, found not jiiov sensor rc:16
[    1.387811]  (6)[1:swapper/0]initcall ancfp_init+0x0/0xd0 returned -22 after 2 usecs
[    1.387814]  (6)[1:swapper/0]calling  gf_init+0x0/0x1ac @ 1
[    1.387886]  (6)[1:swapper/0]input: qwerty as /devices/virtual/input/input4
[    1.387903]  (6)[1:swapper/0]gf_tee:  register goodix_fp_ok
[    1.387905]  (6)[1:swapper/0]gf_tee: version V1.2.04
[    1.387977]  (6)[49:kworker/6:1]mtk-vcodec-dec 16010000.vdec_gcon: [VCU] can't get vcu node
[    1.387980]  (6)[49:kworker/6:1][MTK_V4L2][ERROR] mtk_vcodec_dec_probe:273: [VCU] vcu device in not ready
[    1.388037]  (6)[49:kworker/6:1]mtk-vcodec-dec 16018000.vdec_gcon: [VCU] can't get vcu node
[    1.388039]  (6)[49:kworker/6:1][MTK_V4L2][ERROR] mtk_vcodec_dec_probe:273: [VCU] vcu device in not ready
[    1.388116]  (6)[1:swapper/0]gf_tee: status = 0x0
[    1.388120]  (6)[1:swapper/0]initcall gf_init+0x0/0x1ac returned 0 after 294 usecs
[    1.388123]  (6)[1:swapper/0]calling  rtc_hctosys+0x0/0x118 @ 1
[    1.388171]  (6)[1:swapper/0]mt-rtc mt6359-rtc: setting system clock to 2026-09-12 00:36:18 UTC (1789173378)
[    1.388173]  (6)[1:swapper/0]initcall rtc_hctosys+0x0/0x118 returned 0 after 47 usecs
[    1.388179]  (6)[1:swapper/0]calling  mt_charger_det_notifier_call_init+0x0/0xe4 @ 1
[    1.388188]  (6)[1:swapper/0]mt_charger_det_notifier_call_init done
[    1.388191]  (6)[1:swapper/0]initcall mt_charger_det_notifier_call_init+0x0/0xe4 returned 0 after 8 usecs
[    1.388195]  (6)[1:swapper/0]calling  mtk_charger_init+0x0/0x24 @ 1
[    1.388517]  (6)[1:swapper/0]mtk_charger_probe: starts support 
[    1.388526]  (6)[1:swapper/0][OPLUS_CHG][oplus_chg_parse_svooc_dt]oplus_parse_svooc_dt, chip->vbatt_num = 1,chip->vooc_project = 0.
[    1.388530]  (6)[1:swapper/0][OPLUS_CHG][oplus_get_chg_ops_name_from_dt]chg_ops_name: plat-pmic
[    1.388533]  (6)[1:swapper/0][OPLUS_CHG][is_vooc_support_single_batt_svooc] g_vooc_chip is NULL
[    1.388535]  (6)[1:swapper/0]mtk_charger_parse_dt: starts
[    1.388544]  (6)[1:swapper/0][OPLUS_CHG][mtk_charger_parse_dt]wp:g_rap_pull_up_r0 = 100000
[    1.388548]  (6)[1:swapper/0]use dual_charger_support: disable
[    1.388549]  (6)[1:swapper/0]oplus dual_charger_support: 0
[    1.388553]  (6)[1:swapper/0]use step1_time: 300s
[    1.388557]  (6)[1:swapper/0][OPLUS_CHG][oplus_step_charging_parse_dt]use step1_current_ma: 3200mA
[    1.388560]  (6)[1:swapper/0][OPLUS_CHG][oplus_step_charging_parse_dt]use step2_time: 900s
[    1.388564]  (6)[1:swapper/0][OPLUS_CHG][oplus_step_charging_parse_dt]use step2_current_ma: 3000mA
[    1.388568]  (6)[1:swapper/0][OPLUS_CHG][oplus_step_charging_parse_dt]use step3_current_ma: 2640mA
[    1.388574]  (6)[1:swapper/0][OPLUS_CHG][oplus_step_charging_parse_dt]step1_time: 300, step1_current: 3200, step2_time: 900,step2_current: 3000, step3_current: 2640,pd_not_support: 1, qc_not_support:1
[    1.388577]  (6)[1:swapper/0][OPLUS_CHG][mtk_charger_probe]found primary charger [mt6360_chg]
[    1.388692]  (6)[1:swapper/0][OPLUS_CHG][oplus_power_supply_init]oplus_power_supply_init OK
[    1.388696]  (6)[1:swapper/0][OPLUS_CHG][oplus_chg_chargerid_parse_dt]not support chargerid
[    1.388701]  (6)[1:swapper/0][OPLUS_CHG][oplus_chg_chargerid_parse_dt]Couldn't read chargerid_switch-gpio rc=0, chargerid_switch-gpio:-2
[    1.388705]  (6)[1:swapper/0][OPLUS_CHG][oplus_chg_shipmode_parse_dt]Couldn't read qcom,ship-gpio rc = 0, qcom,ship-gpio:-2
[    1.388710]  (6)[1:swapper/0][OPLUS_CHG][oplus_chg_shortc_hw_parse_dt]Couldn't read qcom,shortc-gpio rc=0, qcom,shortc-gpio:-2
[    1.388761]  (6)[1:swapper/0][OPLUS_CHG][oplus_chg_usbtemp_parse_dt]dischg-gpio:436
[    1.388765]  (6)[1:swapper/0][OPLUS_CHG][oplus_chg_ccdetect_parse_dt]Couldn't read qcom,ccdetect-gpio rc=0, qcom,ccdetect-gpio:-2
[    1.388769]  (6)[1:swapper/0][OPLUS_CHG][oplus_mtk_hv_flashled_dt][oplus_mtk_hv_flashled_dt] hv_flashled_support not support
[    1.388772]  (6)[1:swapper/0][OPLUS_CHG][oplus_chg_parse_custom_dt]: oplus_mtk_hv_flashled_dt fail!
[    1.388889]  (6)[1:swapper/0][OPLUS_CHG][oplus_chg_parse_charger_dt]usb_high_than_bat_decidegc:100
[    1.388907]  (6)[1:swapper/0][OPLUS_CHG][oplus_chg_parse_charger_dt] CONFIG_HIGH_TEMP_VERSION disabled
[    1.388962]  (6)[1:swapper/0][OPLUS_CHG][oplus_chg_parse_charger_dt] normal_phase1_bat_decidegc fail
[    1.388966]  (6)[1:swapper/0][OPLUS_CHG][oplus_chg_parse_charger_dt] temp_normal_phase1_vfloat_mv fail
[    1.388970]  (6)[1:swapper/0][OPLUS_CHG][oplus_chg_parse_charger_dt] temp_normal_phase1_fastchg_current_ma fail
[    1.388974]  (6)[1:swapper/0][OPLUS_CHG][oplus_chg_parse_charger_dt] normal_phase2_bat_decidegc fail
[    1.388977]  (6)[1:swapper/0][OPLUS_CHG][oplus_chg_parse_charger_dt] temp_normal_phase2_vfloat_mv fail
[    1.388981]  (6)[1:swapper/0][OPLUS_CHG][oplus_chg_parse_charger_dt] temp_normal_phase2_fastchg_current_ma_high fail
[    1.388985]  (6)[1:swapper/0][OPLUS_CHG][oplus_chg_parse_charger_dt] temp_normal_phase2_fastchg_current_ma_low fail
[    1.388989]  (6)[1:swapper/0][OPLUS_CHG][oplus_chg_parse_charger_dt] normal_phase3_bat_decidegc fail
[    1.388993]  (6)[1:swapper/0][OPLUS_CHG][oplus_chg_parse_charger_dt] temp_normal_phase3_vfloat_mv fail
[    1.388996]  (6)[1:swapper/0][OPLUS_CHG][oplus_chg_parse_charger_dt] temp_normal_phase3_fastchg_current_ma_high fail
[    1.389000]  (6)[1:swapper/0][OPLUS_CHG][oplus_chg_parse_charger_dt] temp_normal_phase3_fastchg_current_ma_low fail
[    1.389004]  (6)[1:swapper/0][OPLUS_CHG][oplus_chg_parse_charger_dt] normal_phase4_bat_decidegc fail
[    1.389008]  (6)[1:swapper/0][OPLUS_CHG][oplus_chg_parse_charger_dt] temp_normal_phase4_vfloat_mv fail
[    1.389011]  (6)[1:swapper/0][OPLUS_CHG][oplus_chg_parse_charger_dt] temp_normal_phase4_fastchg_current_ma_high fail
[    1.389015]  (6)[1:swapper/0][OPLUS_CHG][oplus_chg_parse_charger_dt] temp_normal_phase4_fastchg_current_ma_low fail
[    1.389019]  (6)[1:swapper/0][OPLUS_CHG][oplus_chg_parse_charger_dt] normal_phase5_bat_decidegc fail
[    1.389023]  (6)[1:swapper/0][OPLUS_CHG][oplus_chg_parse_charger_dt] temp_normal_phase5_vfloat_mv fail
[    1.389026]  (6)[1:swapper/0][OPLUS_CHG][oplus_chg_parse_charger_dt] temp_normal_phase5_fastchg_current_ma fail
[    1.389038]  (6)[1:swapper/0][OPLUS_CHG][oplus_chg_parse_charger_dt]normal_phase1_bat_decidegc = 0, 			temp_normal_phase1_vfloat_mv = 0, 			temp_normal_phase1_fastchg_current_ma = 0, 			normal_phase2_bat_decidegc = 0, 			temp_normal_phase2_vfloat_mv = 0, 			temp_normal_phase2_fastchg_current_ma_high = 0, 			temp_normal_phase2_fastchg_current_ma_low = 0, 			normal_phase3_bat_decidegc = 0, 			temp_normal_phase3_vfloat_mv = 0, 			temp_normal_phase3_fastchg_current_ma_high = 0, 			temp_normal_phase3_fastchg_current_ma_low = 0, 			normal_phase4_bat_decidegc = 0, 			temp_normal_phase4_vfloat_mv = 0, 			temp_normal_phase4_fastchg_current_ma_high = 0, 			temp_normal_phase4_fastchg_current_ma_low = 0, 			normal_phase5_bat_decidegc = 0, 			temp_normal_phase5_vfloat_mv = 0, 			temp_normal_phase5_fastchg_current_ma = 0, 			normal_phase6_bat_decidegc = 420, 			temp_normal_phase6_vfloat_mv = 0, 			temp_normal_phase6_fastchg_current_ma = 0
[    1.389099]  (6)[1:swapper/0][OPLUS_CHG][oplus_chg_parse_charger_dt]vbatt_power_off = 3300, 			vbatt_soc_1 = 3410, 			normal_vterm_hw_inc = 18, 			, 			non_normal_vterm_hw_inc = 18, 			vbatt_pdqc_to_9v_thr = 4000, 			vbatt_pdqc_to_5v_thr = -22 			tbatt_pdqc_to_5v_thr = -22
[    1.389143]  (6)[1:swapper/0][OPLUS_CHG][oplus_chg_parse_charger_dt]ff1_normal_fastchg_ma = 1000, 			ffc2_temp_warm_decidegc = 350, 			ffc2_temp_high_decidegc = 400, 			ffc2_normal_fastchg_ma = 700, 			chip->limits.ffc2_warm_fastchg_ma = 750, 			ffc2_exit_step_ma = 100, 			ffc_normal_vfloat_sw_limit = 4450, 			ffc_warm_vfloat_sw_limit = 4450, 			ffc2_normal_vfloat_sw_limit = 4450, 			ffc2_warm_vfloat_sw_limit = 4450, 			ffc1_temp_normal_vfloat_mv = 4500, 			ffc2_temp_normal_vfloat_mv = 4500, 			ffc_normal_vfloat_over_sw_limit = 4500 			ffc2_temp_low_decidegc = 160 			limits.ff1_exit_step_ma = 400 			limits.ff1_warm_exit_step_ma = 350 			pd_input_current_charger_ma = 2000 			qc_input_current_charger_ma = 2000
[    1.389157]  (6)[1:swapper/0][OPLUS_CHG][oplus_chg_parse_charger_dt]default_iterm_ma = 254, 			default_sub_iterm_ma = 100, 			default_temp_normal_fastchg_current_ma = 2200, 			default_normal_vfloat_sw_limit = 4385, 			default_temp_normal_vfloat_mv = 4435, 			default_normal_vfloat_over_sw_limit = 4445
[    1.389168]  (6)[1:swapper/0][OPLUS_CHG][oplus_chg_parse_charger_dt]qcom,smart_charge_version = 1
[    1.389171]  (6)[1:swapper/0][OPLUS_CHG][oplus_chg_parse_charger_dt]qcom,old_smart_charge_standard = 1
[    1.389175]  (6)[1:swapper/0][OPLUS_CHG][oplus_chg_parse_charger_dt]qcom,bat_type_string =  
[    1.389178]  (6)[1:swapper/0][OPLUS_CHG][oplus_chg_parse_charger_dt]default_temp_little_cool_fastchg_current_ma = 2200, 			default_little_cool_vfloat_sw_limit = 4385, 			default_temp_little_cool_vfloat_mv = 4435, 			default_little_cool_vfloat_over_sw_limit = 4445
[    1.389285]  (6)[1:swapper/0][OPLUS_CHG][oplus_chg_parse_charger_dt]input_current_charger_ma = 2200, 			input_current_usb_ma = 500, 			input_current_led_ma = 1200, 			input_current_led_ma_normal = 2000, 			input_current_led_ma_warm = 1500, 			input_current_led_ma_high = 1200, 			temp_normal_fastchg_current_ma = 2200, 			temp_normal_vfloat_mv = 4435, 			iterm_ma = 254, 			recharge_mv = 100, 			cold_bat_decidegc = -20, 			temp_cold_vfloat_mv = 3980, 			temp_cold_fastchg_current_ma = 350, 			little_cold_bat_decidegc = 0, 			temp_little_cold_vfloat_mv = 4435, 			temp_little_cold_fastchg_current_ma = 2200, 			cool_bat_decidegc = 50, 			temp_cool_vfloat_mv = 4435, 			temp_cool_fastchg_current_ma_high = 2200, 			temp_cool_fastchg_current_ma_low = 2200, 			little_cool_bat_decidegc = 120, 			temp_little_cool_vfloat_mv = 4435, 			temp_little_cool_fastchg_current_ma = 2200, 			normal_bat_decidegc = 160, 			warm_bat_decidegc = 450, 			temp_warm_vfloat_mv = 4130, 			temp_warm_fastchg_current_ma = 1350,
[    1.389302]  (6)[1:swapper/0][OPLUS_CHG][oplus_chg_parse_charger_dt]chip->usbtemp_temp_up_time_thr=30, chip->usbtemp_max_temp_thr=57, chip->usbtemp_batttemp_gap[12]
[    1.389306]  (6)[1:swapper/0][OPLUS_CHG][oplus_chg_parse_charger_dt]qcom,ship-mode-config=0
[    1.389313]  (6)[1:swapper/0][OPLUS_CHG][oplus_chg_parse_charger_dt]dual_charger_support=0, slave_pct=50, slave_chg_enable_ma=2100, slave_chg_disable_ma=1700
[    1.389323]  (6)[1:swapper/0][OPLUS_CHG][oplus_chg_parse_charger_dt]support_low_soc_unlimit=0, unlimit_soc=0
[    1.389327]  (6)[1:swapper/0][OPLUS_CHG][oplus_ntc_switch_parse_dt]Couldn't read qcom,ntcctrl_gpio rc=0, qcom,ntcctrl_gpio:-2
[    1.389329]  (6)[1:swapper/0]oplus_chg_ntc_init ntc channel init success, -1483124736
[    1.389332]  (6)[1:swapper/0][OPLUS_CHG][oplus_ntc_ctrl_is_support]not support, return false
[    1.389463]  (6)[1:swapper/0][battery_type_check]: adc_value[281], battery_type[8],g_fg_battery_id[1]
[    1.389921]  (6)[1:swapper/0](null), ichg=0 ma
[    1.390011]  (6)[1:swapper/0][OPLUS_CHG][oplus_mt6360_charging_current_write_fast]set fast charge current:512 ret_chg_curr = 500000
[    1.390371]  (6)[1:swapper/0][OPLUS_CHG][is_vooc_support_single_batt_svooc] g_vooc_chip is NULL
[    1.390553]  (6)[1:swapper/0][OPLUS_CHG][oplus_chg_variables_init]use oplus_gauge_get_batt_authenticate
[    1.390688]  (6)[1:swapper/0][battery_type_check]: adc_value[281], battery_type[8],g_fg_battery_id[1]
[    1.390691]  (6)[1:swapper/0][OPLUS_CHG][oplus_get_smooth_soc_switch]smooth_switch = 0
[    1.453482]  (7)[329:dc_trim_thread]mt6359-sound mt6359_snd: get_hp_dctrim_offset(), get off_valueL
[    1.462352] -(7)[329:dc_trim_thread]mt635x_auxadc_read_raw: 26 callbacks suppressed
[    1.462354]  (7)[329:dc_trim_thread]mt635x-auxadc mt635x-auxadc: name:HPOFS_CAL, channel=9, adc_out=0x73d5, adc_result=29653
[    1.464948]  (7)[329:dc_trim_thread]mt635x-auxadc mt635x-auxadc: name:HPOFS_CAL, channel=9, adc_out=0x73d3, adc_result=29651
[    1.467539]  (7)[329:dc_trim_thread]mt635x-auxadc mt635x-auxadc: name:HPOFS_CAL, channel=9, adc_out=0x73d5, adc_result=29653
[    1.470130]  (7)[329:dc_trim_thread]mt635x-auxadc mt635x-auxadc: name:HPOFS_CAL, channel=9, adc_out=0x73d6, adc_result=29654
[    1.472722]  (7)[329:dc_trim_thread]mt635x-auxadc mt635x-auxadc: name:HPOFS_CAL, channel=9, adc_out=0x73d2, adc_result=29650
[    1.487549]  (0)[1:swapper/0][OPLUS_CHG][oplus_chg_get_battery_data][Battery]oplus_chg_get_battery_data,				chip->soc[-1],retry_counts[0]
[    1.487745]  (6)[49:kworker/6:1][sensor_devinfo] read_oplus_custom 397 : failed to open file /dev/block/by-name/oplus_custom 000000007ef568db -1
[    1.487749]  (6)[49:kworker/6:1][sensor_devinfo] sensor_read_oplus_custom 472 : read_oplus_custom error = -1
[    1.487751]  (6)[49:kworker/6:1][sensor_devinfo] sensor_devinfo_work 1136 : try 10
[    1.487919]  (2)[1:swapper/0][OPLUS_CHG][oplus_chg_debug_info_reset]enter
[    1.489412]  (2)[1:swapper/0][OPLUS_CHG][oplus_chg_init] end
[    1.489553]  (2)[164:kworker/2:1]last full = 0, full = 0
[    1.489591]  (3)[1:swapper/0][OPLUS_CHG][mtk_charger_probe]Couldn't get subboard_temp_chan...
[    1.489601]  (3)[1:swapper/0][OPLUS_CHG][mtk_charger_probe]Couldn't get batcon_temp_chan...
[    1.489608]  (3)[1:swapper/0][OPLUS_CHG][mtk_charger_probe]Couldn't get charger_id_chan...
[    1.489662]  (2)[164:kworker/2:1](null), ichg=0 ma
[    1.489721]  (2)[164:kworker/2:1][oplus_usbtemp_monitor_common]:run first chip->usbtemp_max_temp_thr[57], chip->usbtemp_temp_up_time_thr[30]!
[    1.489768]  (2)[164:kworker/2:1][OPLUS_CHG][oplus_mt6360_charging_current_write_fast]set fast charge current:2200 ret_chg_curr = 2200000
[    1.489948]  (3)[1:swapper/0]Found PD adapter [(null)]
[    1.489973]  (3)[1:swapper/0]BOOTPROF:      1489.971388:probe: probe=platform_drv_probe drv=charger(charger_driver)   101.444847ms
[    1.490063]  (3)[1:swapper/0]initcall mtk_charger_init+0x0/0x24 returned 0 after 99473 usecs
[    1.490072]  (3)[1:swapper/0]BOOTPROF:      1490.071080:initcall: mtk_charger_init   101.875077ms
[    1.490081]  (3)[1:swapper/0]calling  init_wk+0x0/0xa8 @ 1
[    1.490340]  (2)[1:swapper/0]initcall init_wk+0x0/0xa8 returned 0 after 233 usecs
[    1.490367]  (2)[1:swapper/0]calling  of_fdt_raw_init+0x0/0x84 @ 1
[    1.490693]  (4)[304:kworker/u16:2][wdk] bind thread 373 to cpu 0
[    1.490703]  (3)[307:kworker/3:1]mtk-vcodec-dec 16010000.vdec_gcon: [VCU] can't get vcu node
[    1.490718]  (3)[307:kworker/3:1][MTK_V4L2][ERROR] mtk_vcodec_dec_probe:273: [VCU] vcu device in not ready
[    1.490818]  (0)[373:wdtk-0][wdk-c] cpu=0,lbit=0x1,cbit=0xff,7,1,1490376695,0,0,[1490802234,15000000]
[    1.490912]  (4)[304:kworker/u16:2][wdk] bind thread 374 to cpu 1
[    1.491006]  (1)[374:wdtk-1][wdk-c] cpu=1,lbit=0x3,cbit=0xff,7,1,1490376695,0,0,[1490990234,14999812]
[    1.491209]  (4)[304:kworker/u16:2][wdk] bind thread 375 to cpu 2
[    1.491266]  (3)[307:kworker/3:1]mtk-vcodec-dec 16018000.vdec_gcon: [VCU] can't get vcu node
[    1.491279]  (3)[307:kworker/3:1][MTK_V4L2][ERROR] mtk_vcodec_dec_probe:273: [VCU] vcu device in not ready
[    1.491348]  (4)[304:kworker/u16:2][wdk] bind thread 376 to cpu 3
[    1.491485]  (4)[304:kworker/u16:2][wdk] bind thread 377 to cpu 4
[    1.491559]  (4)[377:wdtk-4][wdk-c] cpu=4,lbit=0x13,cbit=0xff,7,1,1490376695,0,0,[1491552311,14999249]
[    1.491573]  (2)[1:swapper/0]initcall of_fdt_raw_init+0x0/0x84 returned 0 after 1155 usecs
[    1.491583]  (2)[1:swapper/0]calling  mtk_smi_debug_init+0x0/0x6c @ 1
[    1.491598]  (2)[1:swapper/0]initcall mtk_smi_debug_init+0x0/0x6c returned -19 after 6 usecs
[    1.491613]  (2)[1:swapper/0]calling  tcp_congestion_default+0x0/0x1c @ 1
[    1.491626]  (2)[1:swapper/0]initcall tcp_congestion_default+0x0/0x1c returned 0 after 1 usecs
[    1.491638]  (2)[1:swapper/0]calling  init_cpu_info+0x0/0x60 @ 1
[    1.491646]  (1)[304:kworker/u16:2][wdk] bind thread 378 to cpu 5
[    1.491658]  (2)[1:swapper/0]initcall init_cpu_info+0x0/0x60 returned 0 after 1 usecs
[    1.491671]  (2)[1:swapper/0]calling  clear_boot_tracer+0x0/0x3c @ 1
[    1.491683]  (2)[1:swapper/0]initcall clear_boot_tracer+0x0/0x3c returned 0 after 0 usecs
[    1.491695]  (2)[1:swapper/0]calling  fb_logo_late_init+0x0/0x14 @ 1
[    1.491698]  (5)[378:wdtk-5][wdk-c] cpu=5,lbit=0x33,cbit=0xff,7,1,1490376695,0,0,[1491687080,14999115]
[    1.491705]  (3)[376:wdtk-3][wdk-c] cpu=3,lbit=0x3b,cbit=0xff,7,1,1490376695,0,0,[1491694157,14999108]
[    1.491720]  (2)[1:swapper/0]initcall fb_logo_late_init+0x0/0x14 returned 0 after 0 usecs
[    1.491769]  (2)[1:swapper/0]calling  clk_disable_unused+0x0/0x110 @ 1
[    1.491778]  (2)[1:swapper/0]clk: Not disabling unused clocks
[    1.491788]  (2)[1:swapper/0]initcall clk_disable_unused+0x0/0x110 returned 0 after 7 usecs
[    1.491801]  (2)[1:swapper/0]calling  regulator_init_complete+0x0/0x70 @ 1
[    1.491841]  (2)[1:swapper/0]vs1: disabling
[    1.491853]  (2)[1:swapper/0]regulator regulator.1: mt6359_regulator_disable:VS1 should not be disable.(use_count=0)
[    1.491861]  (2)[1:swapper/0]vs1: couldn't disable: -1
[    1.491869]  (3)[304:kworker/u16:2][wdk] bind thread 379 to cpu 6
[    1.491884]  (2)[1:swapper/0]vgpu11: disabling
[    1.491889]  (6)[379:wdtk-6][wdk-c] cpu=6,lbit=0x7b,cbit=0xff,7,1,1490376695,0,0,[1491885542,14998916]
[    1.491895]  (2)[1:swapper/0]regulator regulator.2: mt6359_regulator_disable:VGPU11 should not be disable.(use_count=0)
[    1.491897]  (6)[379:wdtk-6][thread:379][RT:1491893311] 2026-09-12 00:36:18.603731 UTC;android time 2026-09-12 00:36:18.603731
[    1.491908]  (2)[1:swapper/0]vgpu11: couldn't disable: -1
[    1.491927]  (2)[1:swapper/0]vpu: disabling
[    1.491937]  (2)[1:swapper/0]regulator regulator.4: mt6359_regulator_disable:VPU should not be disable.(use_count=0)
[    1.491945]  (2)[1:swapper/0]vpu: couldn't disable: -1
[    1.491958]  (2)[1:swapper/0]vcore: disabling
[    1.491969]  (2)[1:swapper/0]regulator regulator.5: mt6359_regulator_disable:VCORE should not be disable.(use_count=0)
[    1.491977]  (2)[1:swapper/0]vcore: couldn't disable: -1
[    1.491990]  (2)[1:swapper/0]vs2: disabling
[    1.492000]  (2)[1:swapper/0]regulator regulator.6: mt6359_regulator_disable:VS2 should not be disable.(use_count=0)
[    1.492003]  (3)[304:kworker/u16:2][wdk] bind thread 380 to cpu 7
[    1.492014]  (3)[304:kworker/u16:2][wdk] WDT start kicker done CPU_NR=8
[    1.492020]  (3)[304:kworker/u16:2][wdk]init_wk done late_initcall cpus_kick_bit=0xff -----
[    1.492028]  (2)[1:swapper/0]vs2: couldn't disable: -1
[    1.492047]  (2)[1:swapper/0]vproc2: disabling
[    1.492057]  (2)[1:swapper/0]regulator regulator.8: mt6359_regulator_disable:VPROC2 should not be disable.(use_count=0)
[    1.492065]  (2)[1:swapper/0]vproc2: couldn't disable: -1
[    1.492084]  (2)[1:swapper/0]vaud18: disabling
[    1.492094]  (2)[1:swapper/0]regulator regulator.10: mt6359_regulator_disable:VAUD18 should not be disable.(use_count=0)
[    1.492102]  (2)[1:swapper/0]vaud18: couldn't disable: -1
[    1.492127]  (2)[1:swapper/0]vrf12: disabling
[    1.492137]  (2)[1:swapper/0]regulator regulator.13: mt6359_regulator_disable:VRF12 should not be disable.(use_count=0)
[    1.492145]  (2)[1:swapper/0]vrf12: couldn't disable: -1
[    1.492159]  (2)[1:swapper/0]vsram_proc2: disabling
[    1.492167]  (2)[1:swapper/0]regulator regulator.15: mt6359_regulator_disable:VSRAM_PROC2 should not be disable.(use_count=0)
[    1.492173]  (2)[1:swapper/0]vsram_proc2: couldn't disable: -1
[    1.492213]  (2)[1:swapper/0]vaux18: disabling
[    1.492218]  (2)[1:swapper/0]regulator regulator.23: mt6359_regulator_disable:VAUX18 should not be disable.(use_count=0)
[    1.492222]  (2)[1:swapper/0]vaux18: couldn't disable: -1
[    1.492231]  (2)[1:swapper/0]vsram_others: disabling
[    1.492236]  (2)[1:swapper/0]regulator regulator.24: mt6359_regulator_disable:VSRAM_OTHERS should not be disable.(use_count=0)
[    1.492240]  (2)[1:swapper/0]vsram_others: couldn't disable: -1
[    1.492254]  (2)[1:swapper/0]vxo22: disabling
[    1.492259]  (2)[1:swapper/0]regulator regulator.26: mt6359_regulator_disable:VXO22 should not be disable.(use_count=0)
[    1.492263]  (2)[1:swapper/0]vxo22: couldn't disable: -1
[    1.492276]  (2)[1:swapper/0]vbif28: disabling
[    1.492282]  (2)[1:swapper/0]regulator regulator.28: mt6359_regulator_disable:VBIF28 should not be disable.(use_count=0)
[    1.492286]  (2)[1:swapper/0]vbif28: couldn't disable: -1
[    1.492294]  (2)[1:swapper/0]vio28: disabling
[    1.492300]  (2)[1:swapper/0]regulator regulator.29: mt6359_regulator_disable:VIO28 should not be disable.(use_count=0)
[    1.492304]  (2)[1:swapper/0]vio28: couldn't disable: -1
[    1.492324]  (2)[1:swapper/0]va09: disabling
[    1.492329]  (2)[1:swapper/0]regulator regulator.34: mt6359_regulator_disable:VA09 should not be disable.(use_count=0)
[    1.492333]  (2)[1:swapper/0]va09: couldn't disable: -1
[    1.492351]  (2)[1:swapper/0]vufs: disabling
[    1.492356]  (2)[1:swapper/0]regulator regulator.37: mt6359_regulator_disable:VUFS should not be disable.(use_count=0)
[    1.492360]  (2)[1:swapper/0]vufs: couldn't disable: -1
[    1.492370]  (2)[1:swapper/0]vm18: disabling
[    1.492375]  (2)[1:swapper/0]regulator regulator.38: mt6359_regulator_disable:VM18 should not be disable.(use_count=0)
[    1.492379]  (2)[1:swapper/0]vm18: couldn't disable: -1
[    1.492393]  (2)[1:swapper/0]vsram_proc1: disabling
[    1.492398]  (2)[1:swapper/0]regulator regulator.40: mt6359_regulator_disable:VSRAM_PROC1 should not be disable.(use_count=0)
[    1.492402]  (2)[1:swapper/0]vsram_proc1: couldn't disable: -1
[    1.492419]  (2)[1:swapper/0]3_vbuck1: disabling
[    1.492425]  (2)[1:swapper/0]regulator regulator.42: mt6315_regulator_disable:3_VBUCK1 should not be disable.(use_count=0)
[    1.492429]  (2)[1:swapper/0]3_vbuck1: couldn't disable: -1
[    1.492439]  (2)[1:swapper/0]3_vbuck4: disabling
[    1.492444]  (2)[1:swapper/0]regulator regulator.44: mt6315_regulator_disable:3_VBUCK4 should not be disable.(use_count=0)
[    1.492448]  (2)[1:swapper/0]3_vbuck4: couldn't disable: -1
[    1.492505]  (2)[375:wdtk-2][wdk-c] cpu=2,lbit=0x7f,cbit=0xff,7,1,1490376695,0,0,[1492501849,14998300]
[    1.492573]  (2)[1:swapper/0]VDRAM1: disabling
[    1.493461]  (2)[1:swapper/0]initcall regulator_init_complete+0x0/0x70 returned 0 after 1608 usecs
[    1.493470]  (2)[1:swapper/0]calling  swpm_platform_init+0x0/0x320 @ 1
[    1.493494]  (2)[1:swapper/0][SWPM] phy_addr = 0x9fbf3800, virt_addr=0xffffff8009103800, size = 6144
[    1.493514]  (2)[1:swapper/0][SWPM] aphy core_bw[168]/core[350]/core_volt[8]
[    1.493519]  (2)[1:swapper/0][SWPM] aphy others_bw[154]/others[966]/idd[84]/dram_opp[14]
[    1.493523]  (2)[1:swapper/0][SWPM] ME disp_resolution=0 disp_fps=0
[    1.493621]  (2)[1:swapper/0]initcall swpm_platform_init+0x0/0x320 returned 0 after 141 usecs
[    1.493628]  (2)[1:swapper/0]calling  tcpc_class_complete_init+0x0/0x40 @ 1
[    1.493635]  (2)[1:swapper/0]__tcpc_class_complete_work = type_c_port0
[    1.493671]  (0)[106:pd_dbg_info]///PD dbg info 23d
[    1.493677]  (0)[106:pd_dbg_info]<    1.493>line-2200: 
[    1.496064] -(7)[329:dc_trim_thread][SCP] scp_A_set_ready()
[    1.496069] -(7)[329:dc_trim_thread][SCP] ramdump init
[    1.496074] -(7)[329:dc_trim_thread][SCP] get scp_A_task_context_addr: 0xb8c70
[    1.496081]  (3)[304:kworker/u16:2][scp_dvfs]: ipi to scp: freq=250, cali_val=0x4e
[    1.496720]  (2)[1:swapper/0]usb_type_c 5-004e: mt6360_init_alert_mask
[    1.500445]  (4)[306:kworker/u16:4]rt-pd-manager rt-pd-manager: pd_tcp_notifier_call sink vbus 0mV 0mA type(0x00)
[    1.500452]  (2)[1:swapper/0]tcpc_device_irq_enable : tcpc irq enable OK!
[    1.500472]  (2)[1:swapper/0]initcall tcpc_class_complete_init+0x0/0x40 returned 0 after 6668 usecs
[    1.500488]  (2)[1:swapper/0]calling  init_perf_tracker+0x0/0x1d0 @ 1
[    1.500509]  (4)[306:kworker/u16:4]pd_tcp_notifier_call sink vbus 0mV 0mA type(0x00)
[    1.500528]  (4)[306:kworker/u16:4][MUSB]otg_tcp_notifier_call 339: source vbus = 0mv
[    1.500541]  (4)[306:kworker/u16:4][MUSB]mt_usb_vbus_off 235: vbus_off
[    1.500552]  (2)[1:swapper/0]initcall init_perf_tracker+0x0/0x1d0 returned 0 after 46 usecs
[    1.500566]  (2)[1:swapper/0]calling  mt6833_logger_init+0x0/0x1f0 @ 1
[    1.500586]  (4)[306:kworker/u16:4][MUSB]issue_vbus_work 221: issue work, ops<0>, delay<0>
[    1.500692]  (4)[306:kworker/u16:4][MUSB]_set_vbus 143: vbus_init<0>
[    1.500710]  (4)[306:kworker/u16:4][MUSB]_set_vbus 154: op<0>, status<0>
[    1.500729]  (4)[306:kworker/u16:4]rt-pd-manager rt-pd-manager: pd_tcp_notifier_call ext discharge = 1
[    1.503739]  (7)[380:wdtk-7][wdk-k] cpu=7,lbit=0xff,cbit=0xff,7,1,1490376695,0,0,[1503736618,14987065]
[    1.507785] -(7)[329:dc_trim_thread][SCP]scp_get_reserve_mem_phys=8f14e300
[    1.507800]  (3)[306:kworker/u16:4][SCP] scp_logger_notify_ws: id=17
[    1.509066]  (3)[304:kworker/u16:2][scp_dvfs]: ipi to scp: freq=330, cali_val=0x49
[    1.509555]  (3)[304:kworker/u16:2][scp_dvfs]: ipi to scp: freq=400, cali_val=0x51
[    1.509670]  (3)[304:kworker/u16:2][SCP] notify blocking call
[    1.509694]  (3)[304:kworker/u16:2][ccci0/fsm]register IPI
[    1.509710]  (3)[304:kworker/u16:2][ccci1/cor]SCP reboot---
[    1.509891]  (3)[304:kworker/u16:2][sensor_devinfo] scp_ready_event 1693 :  receiver SCP_EVENT_READY event send cfg data
[    1.509891]  
[    1.509896]  (3)[304:kworker/u16:2][SCP] clear scp reset flag and unlock
[    1.514933]  (5)[1:swapper/0][name:spm&][SPM] find 'mediatek,adsp_core_0' node failed
[    1.515124]  (5)[1:swapper/0][name:spm&][SPM] find 'mediatek,adsp_core_1' node failed
[    1.515296]  (5)[1:swapper/0]initcall mt6833_logger_init+0x0/0x1f0 returned 0 after 14372 usecs
[    1.515305]  (5)[1:swapper/0]calling  mt6833_lpm_trace_init+0x0/0x5c @ 1
[    1.515475]  (5)[1:swapper/0]initcall mt6833_lpm_trace_init+0x0/0x5c returned 0 after 158 usecs
[    1.515482]  (5)[1:swapper/0]calling  mt6833_init+0x0/0x1c @ 1
[    1.516057]  (5)[1:swapper/0]initcall mt6833_init+0x0/0x1c returned 0 after 553 usecs
[    1.516068]  (5)[1:swapper/0]calling  init_get_cache_work+0x0/0x88 @ 1
[    1.516075]  (5)[1:swapper/0]initcall init_get_cache_work+0x0/0x88 returned 0 after 0 usecs
[    1.516082]  (5)[1:swapper/0]calling  helio_dvfsrc_init+0x0/0x20 @ 1
[    1.518820]  (5)[1:swapper/0]mtk_dbgtop_cfg_dvfsrc: MTK_DBGTOP_DEBUG_CTL2(0x2ff)
[    1.518833]  (5)[1:swapper/0]mtk_dbgtop_cfg_dvfsrc: MTK_DBGTOP_LATCH_CTL(0x27e71)
[    1.518871]  (5)[1:swapper/0]DVFSRC OUT Disable
[    1.518881]  (5)[1:swapper/0]DVFSRC OUT Disable
[    1.518890]  (5)[1:swapper/0]DVFSRC OUT Disable
[    1.518900]  (5)[1:swapper/0]DVFSRC OUT Disable
[    1.518909]  (5)[1:swapper/0]DVFSRC OUT Disable
[    1.518919]  (5)[1:swapper/0]DVFSRC OUT Disable
[    1.518929]  (5)[1:swapper/0]DVFSRC OUT Disable
[    1.518938]  (5)[1:swapper/0]DVFSRC OUT Disable
[    1.518948]  (5)[1:swapper/0]DVFSRC OUT Disable
[    1.518957]  (5)[1:swapper/0]DVFSRC OUT Disable
[    1.518968]  (5)[1:swapper/0]DVFSRC OUT Disable
[    1.518977]  (5)[1:swapper/0]DVFSRC OUT Disable
[    1.518986]  (5)[1:swapper/0]DVFSRC OUT Disable
[    1.519275]  (5)[1:swapper/0]MMP: mmprofile_enable(): enable: 1
[    1.519303]  (5)[1:swapper/0]MMP: mmprofile_force_start(): start: 1
[    1.519396]  (5)[1:swapper/0]helio_dvfsrc_probe: init done
[    1.519777]  (0)[106:pd_dbg_info]///PD dbg info 742d
[    1.519794]  (0)[106:pd_dbg_info]<    1.497>TCPC-TCPC:tcpc_typec_handle_ctd: cable_type = 0
[    1.519794] <    1.497>TCPC-TCPC:tcpc_typec_handle_ctd: typec_state=Disabled, pre
[    1.519801]  (0)[106:pd_dbg_info]_ct=0, ct=0, typec_ct=0
[    1.519801] <    1.497>TCPC-TCPC:tcpc_typec_handle_ctd cable (0, 0)
[    1.519801] <    1.499>TCPC-TYPEC:typec_init: SNK
[    1.519801] <    1.499
[    1.519815]  (0)[106:pd_dbg_info]>TCPC-TYPEC:** Unattached.SNK
[    1.519815] <    1.499>line-1464: mt6360_set_cc 10
[    1.519815] <    1.499>line-877: mt6360_enable_usbid_polling sbu_pollin
[    1.519832]  (0)[106:pd_dbg_info]g_en=0, en=0 
[    1.519832] <    1.499>line-882: mt6360_enable_usbid_polling water_detect_switch_status is false, set polling false
[    1.519832] <    1.500
[    1.519847]  (0)[106:pd_dbg_info]>TCPC-TCPC:Alert:0x8200, Mask:0x867f
[    1.519847] <    1.501>line-1890: Vend INT1:0x02
[    1.519847] <    1.501>line-1891: Mask INT1:0x0B
[    1.519847] <    1.502>line-1
[    1.519859]  (0)[106:pd_dbg_info]688: mt6360_vsafe0v_irq_handler
[    1.519859] <    1.502>TCPC-TCPC:FaultAlert=0x80
[    1.519859] <    1.502>TCPC-TCPC:ps_change=0
[    1.520786]  (5)[1:swapper/0]initcall helio_dvfsrc_init+0x0/0x20 returned 0 after 4583 usecs
[    1.520797]  (5)[1:swapper/0]calling  emimpu_ap_region_init+0x0/0x6c @ 1
[    1.520804]  (5)[1:swapper/0]emimpu_ap_region_init: enable AP region
[    1.520826]  (5)[1:swapper/0]initcall emimpu_ap_region_init+0x0/0x6c returned 0 after 20 usecs
[    1.520837]  (5)[1:swapper/0]calling  alsa_sound_last_init+0x0/0x80 @ 1
[    1.520843]  (5)[1:swapper/0]ALSA device list:
[    1.520849]  (5)[1:swapper/0]  #0: mt6833-mt6359
[    1.520857]  (5)[1:swapper/0]initcall alsa_sound_last_init+0x0/0x80 returned 0 after 12 usecs
[    1.520868]  (5)[1:swapper/0][PHOENIX] phx_klog_bootstage: KERNEL_DO_INITCALLS_DONE
[    1.520875]  (5)[1:swapper/0][PHOENIX] phx_klog_bootstage: KERNEL_DO_BASIC_SETUP_DONE
[    1.520961]  (5)[1:swapper/0]Warning: unable to open an initial console.
[    1.523995]  (5)[1:swapper/0]Freeing unused kernel memory: 8128K
[    1.524074]  (5)[1:swapper/0][PHOENIX] phx_klog_bootstage: KERNEL_INIT_DONE
[    1.524083]  (5)[1:swapper/0]BOOTPROF:      1524.081234:Kernel_init_done
[    1.524098]  (5)[1:swapper/0]KernelSU: /init argc: 1
[    1.524837]  (5)[388:kworker/5:2]mtk-vcodec-dec 16010000.vdec_gcon: [VCU] can't get vcu node
[    1.524851]  (5)[388:kworker/5:2][MTK_V4L2][ERROR] mtk_vcodec_dec_probe:273: [VCU] vcu device in not ready
[    1.525257]  (5)[388:kworker/5:2]mtk-vcodec-dec 16018000.vdec_gcon: [VCU] can't get vcu node
[    1.525269]  (5)[388:kworker/5:2][MTK_V4L2][ERROR] mtk_vcodec_dec_probe:273: [VCU] vcu device in not ready
[    1.527135]  (0)[1:init][PHOENIX] phx_klog_bootstage: NATIVE_INIT_START
[    1.527230]  (0)[1:init]init: init first stage started!
[    1.527313]  (0)[1:init]init: Unable to open /lib/modules, skipping module loading.
[    1.527333]  (7)[329:dc_trim_thread]mt6359-sound mt6359_snd: get_hp_dctrim_offset(), get on_valueR
[    1.527481]  (0)[1:init]init: Copied ramdisk prop to /second_stage_resources/system/etc/ramdisk/build.prop
[    1.527802]  (6)[1:init]init: [libfs_mgr]ReadFstabFromDt(): failed to read fstab from dt
[    1.528507]  (6)[1:init]init: Using Android DT directory /proc/device-tree/firmware/android/
[    1.547806]  (2)[164:kworker/2:1](null), ichg=0 ma
[    1.548012]  (2)[164:kworker/2:1][OPLUS_CHG][oplus_mt6360_charging_current_write_fast]set fast charge current:350 ret_chg_curr = 300000
[    1.550557]  (0)[112:kworker/u16:1]rt-pd-manager rt-pd-manager: pd_tcp_notifier_call ext discharge = 0
[    1.555537]  (6)[1:init]init: [libfs_mgr]superblock s_max_mnt_count:65535,/dev/block/by-name/metadata
[    1.555571]  (6)[1:init]init: [libfs_mgr]save_log:Unable to open /mnt/vendor/oplusreserve/fs_mgr_log
[    1.555606]  (6)[1:init]init: [libfs_mgr]Filesystem on /dev/block/by-name/metadata was not cleanly shutdown; state flags: 0x1, incompat feature flags: 0x46
[    1.557489]  (6)[1:init]init: [libfs_mgr]superblock s_max_mnt_count:65535,/dev/block/by-name/metadata
[    1.557503]  (6)[1:init]init: [libfs_mgr]save_log:Unable to open /mnt/vendor/oplusreserve/fs_mgr_log
[    1.558260]  (0)[1:init]EXT4-fs (sdc15): Ignoring removed nomblk_io_submit option
[    1.560780]  (6)[1:init]EXT4-fs (sdc15): recovery complete
[    1.560961]  (6)[1:init]EXT4-fs (sdc15): mounted filesystem with ordered data mode. Opts: errors=remount-ro,nomblk_io_submit
[    1.603447]  (7)[329:dc_trim_thread]mt6359-sound mt6359_snd: get_hp_dctrim_offset(), get off_valueR
[    1.604623]  (1)[1:init]EXT4-fs (sdc15): mounted filesystem with ordered data mode. Opts: discard
[    1.607815]  (2)[164:kworker/2:1]mt6360_pmu_chg mt6360_pmu_chg.3.auto: mt6360_enable: ichg < 500mA, bypass vsys wkard
[    1.626342]  (6)[1:init]erofs: (device dm-1): erofs_read_superblock: cannot find valid erofs superblock
[    1.627400]  (6)[1:init]EXT4-fs (dm-1): mounted filesystem without journal. Opts: 
[    1.630780]  (6)[1:init]erofs: (device dm-0): mounted with opts: , root inode @ nid 46.
[    1.631649]  (6)[1:init]erofs: (device dm-3): mounted with opts: , root inode @ nid 42.
[    1.632183]  (6)[1:init]erofs: (device dm-4): mounted with opts: , root inode @ nid 40.
[    1.632629]  (6)[1:init]erofs: (device dm-5): mounted with opts: , root inode @ nid 38.
[    1.633054]  (6)[1:init]erofs: (device dm-8): erofs_read_superblock: cannot find valid erofs superblock
[    1.633724]  (6)[1:init]EXT4-fs (dm-8): mounted filesystem without journal. Opts: 
[    1.634110]  (6)[1:init]erofs: (device dm-9): mounted with opts: , root inode @ nid 38.
[    1.634473]  (6)[1:init]erofs: (device dm-10): mounted with opts: , root inode @ nid 38.
[    1.634872]  (6)[1:init]erofs: (device dm-7): mounted with opts: , root inode @ nid 38.
[    1.635841]  (6)[1:init]erofs: (device dm-6): mounted with opts: , root inode @ nid 38.
[    1.636195]  (6)[1:init]erofs: (device dm-11): erofs_read_superblock: cannot find valid erofs superblock
[    1.636717]  (6)[1:init]EXT4-fs (dm-11): mounted filesystem without journal. Opts: 
[    1.637356]  (6)[1:init]erofs: (device dm-14): mounted with opts: , root inode @ nid 39.
[    1.637753]  (6)[1:init]erofs: (device dm-12): mounted with opts: , root inode @ nid 38.
[    1.640696]  (6)[1:init]EXT4-fs (sdc5): Ignoring removed nomblk_io_submit option
[    1.642823]  (6)[1:init]EXT4-fs (sdc5): warning: maximal mount count reached, running e2fsck is recommended
[    1.643027]  (6)[1:init]EXT4-fs (sdc5): recovery complete
[    1.643190]  (6)[1:init]EXT4-fs (sdc5): mounted filesystem with ordered data mode. Opts: errors=remount-ro,nomblk_io_submit
[    1.646630]  (2)[164:kworker/2:1][OPLUS_CHG][oplus_chg_get_battery_data][Battery]oplus_chg_get_battery_data,				chip->soc[-1],retry_counts[1]
[    1.647379]  (2)[164:kworker/2:1][OPLUS_CHG][oplus_chg_debug_info_reset]enter
[    1.647405]  (2)[164:kworker/2:1][OPLUS_CHG][oplus_chg_print_log]CHGR[ 0 / 0 / 0 / 3 / 0 ], BAT[ 1 / 0 / 0 / 0 / 1 / 0 ], GAUGE[ 0 / 0 / 3658 / 3659 / 497 / -1 / 50 / 50 / 0 / 0 / 0 / 0 / 0 / 0 / 0 / 0 / 0 / 0 / 0 / 0 / 0 / 0 / 0 /], STATUS[ 0x0 / 0 / 0 / 0 / 0 / 0x0 ], OTHER[ 0 / 1 / 7 / 0 / 0/ 0 / -2740 ], VOOCPHY[ 0 / 0 / 0 / 0 / 0 / 0x0 / 0 ]
[    1.681692]  (7)[329:dc_trim_thread]mt6359-sound mt6359_snd: stop_trim_hardware(), ++
[    1.689713]  (1)[1:init]e2fsck: executing /system/bin/e2fsck failed: No such file or directory
[    1.689798]  (1)[1:init]e2fsck: e2fsck terminated by exit(255)
[    1.689798] 
[    1.691841]  (1)[1:init]EXT4-fs (sdc5): warning: maximal mount count reached, running e2fsck is recommended
[    1.692158]  (1)[1:init]EXT4-fs (sdc5): mounted filesystem with ordered data mode. Opts: barrier=1
[    1.710476]  (0)[1:init]e2fsck: executing /system/bin/e2fsck failed: No such file or directory
[    1.710882]  (0)[1:init]e2fsck: e2fsck terminated by exit(255)
[    1.710882] 
[    1.716476]  (4)[329:dc_trim_thread]mt6359-sound mt6359_snd: stop_trim_hardware(), --
[    1.716526]  (4)[329:dc_trim_thread]mt6359-sound mt6359_snd: get_hp_dctrim_offset(), R_offset = -50, L_offset = -110
[    1.716546]  (4)[329:dc_trim_thread]mt6359-sound mt6359_snd: calculate_lr_trim_code(), step0 trim_value(R/L) = (-50/-110)
[    1.727801]  (4)[329:dc_trim_thread]mt6359-sound mt6359_snd: start_trim_hardware(), ++
[    1.753582]  (6)[1:init]init: 89 output lines suppressed due to ratelimiting
[    1.765305]  (4)[329:dc_trim_thread]mt6359-sound mt6359_snd: start_trim_hardware(), --
[    1.765374]  (4)[329:dc_trim_thread]mt6359-sound mt6359_snd: get_hp_dctrim_offset(), get on_valueL
[    1.825792]  (7)[1:init]init: [libfstab] Using Android DT directory /proc/device-tree/firmware/android/
[    1.828582]  (7)[1:init]init: [libfstab] Warning: unknown flag: resize
[    1.830470]  (7)[1:init]init: [libfstab] Skip mounting mountpoint: /system_ext
[    1.830491]  (7)[1:init]init: [libfstab] Skip mounting mountpoint: /system_ext
[    1.830504]  (7)[1:init]init: [libfstab] Skip mounting mountpoint: /product
[    1.830515]  (7)[1:init]init: [libfstab] Skip mounting mountpoint: /product
[    1.830551]  (7)[1:init]init: Opening SELinux policy
[    1.832130]  (7)[1:init]init: /system/etc/selinux/plat_sepolicy_and_mapping.sha256 and /odm/etc/selinux/precompiled_sepolicy.plat_sepolicy_and_mapping.sha256 differ
[    1.832150]  (7)[1:init]init: Compiling SELinux policy
[    1.839845]  (7)[329:dc_trim_thread]mt6359-sound mt6359_snd: get_hp_dctrim_offset(), get off_valueL
[    1.855786]  (6)[389:kworker/6:2][ccci0/sys]swtp_init_delayed_work start
[    1.915388]  (7)[329:dc_trim_thread]mt6359-sound mt6359_snd: get_hp_dctrim_offset(), get on_valueR
[    1.919853]  (1)[292:mddp_rx]port ccci_0_200 read data fail when md_state = 0
[    1.991599]  (7)[329:dc_trim_thread]mt6359-sound mt6359_snd: get_hp_dctrim_offset(), get off_valueR
[    2.067435]  (7)[329:dc_trim_thread]mt6359-sound mt6359_snd: stop_trim_hardware(), ++
[    2.110828]  (0)[329:dc_trim_thread]mt6359-sound mt6359_snd: stop_trim_hardware(), --
[    2.110892]  (0)[329:dc_trim_thread]mt6359-sound mt6359_snd: get_hp_dctrim_offset(), R_offset = 6, L_offset = -58
[    2.110915]  (0)[329:dc_trim_thread]mt6359-sound mt6359_snd: calculate_lr_trim_code(), step1 trim_value(R/L) = (6/-58)
[    2.123859]  (0)[329:dc_trim_thread]mt6359-sound mt6359_snd: start_trim_hardware(), ++
[    2.162554]  (0)[329:dc_trim_thread]mt6359-sound mt6359_snd: start_trim_hardware(), --
[    2.162610]  (0)[329:dc_trim_thread]mt6359-sound mt6359_snd: get_hp_dctrim_offset(), get on_valueL
[    2.239699]  (0)[329:dc_trim_thread]mt6359-sound mt6359_snd: get_hp_dctrim_offset(), get off_valueL
[    2.315544]  (0)[329:dc_trim_thread]mt6359-sound mt6359_snd: get_hp_dctrim_offset(), get on_valueR
[    2.335758]  (7)[50:kworker/7:1]oplus_custome_sync_work is called
[    2.335786]  (0)[329:dc_trim_thread]oplus_custome_sync_work: file /dev/block/by-name/oplus_custom is no exit
[    2.391550]  (0)[329:dc_trim_thread]mt6359-sound mt6359_snd: get_hp_dctrim_offset(), get off_valueR
[    2.464994] -(0)[329:dc_trim_thread]mt635x_auxadc_read_raw: 282 callbacks suppressed
[    2.465005]  (0)[329:dc_trim_thread]mt635x-auxadc mt635x-auxadc: name:HPOFS_CAL, channel=9, adc_out=0x73d5, adc_result=29653
[    2.467614]  (0)[329:dc_trim_thread]mt635x-auxadc mt635x-auxadc: name:HPOFS_CAL, channel=9, adc_out=0x73d8, adc_result=29656
[    2.467638]  (0)[329:dc_trim_thread]mt6359-sound mt6359_snd: stop_trim_hardware(), ++
[    2.495796]  (6)[49:kworker/6:1][sensor_devinfo] read_oplus_custom 397 : failed to open file /dev/block/by-name/oplus_custom 000000007ef568db -1
[    2.495804]  (6)[49:kworker/6:1][sensor_devinfo] sensor_read_oplus_custom 472 : read_oplus_custom error = -1
[    2.495807]  (6)[49:kworker/6:1][sensor_devinfo] sensor_devinfo_work 1136 : try 9
[    2.496282]  (6)[389:kworker/6:2][ccci1/sys]swtp-eint original gpio=7, of gpio=309, setdebounce=512000, eint_type=4, gpio_state=0, txpower_mode=1
[    2.496308] -(6)[389:kworker/6:2][ccci1/sys][swtp_swtich_state] tx_power_mode after change: 0
[    2.496314] -(6)[389:kworker/6:2][ccci1/sys]swtp_send_tx_power to MD1,state=0,ret=-304
[    2.496316] -(6)[389:kworker/6:2][ccci1/sys]swtp_send_tx_power_state send tx power failed, ret=-304, schedule delayed work
[    2.496557]  (6)[389:kworker/6:2][ccci1/sys]swtp_init_delayed_work:can't find swtp1 compatible node
[    2.496672]  (6)[389:kworker/6:2]not project 20095, don't get gpio 175.
[    2.496676]  (6)[389:kworker/6:2][ccci1/sys]swtp_init_delayed_work end: ret = -3
[    2.503452]  (6)[329:dc_trim_thread]mt6359-sound mt6359_snd: stop_trim_hardware(), --
[    2.503464]  (6)[329:dc_trim_thread]mt6359-sound mt6359_snd: get_hp_dctrim_offset(), R_offset = -18, L_offset = -55
[    2.503468]  (6)[329:dc_trim_thread]mt6359-sound mt6359_snd: calculate_lr_trim_code(), step2 trim_value(R/L) = (-18/-55)
[    2.503471]  (6)[329:dc_trim_thread]mt6359-sound mt6359_snd: calculate_lr_trim_code(), step3 hp_trim_code(R/L) = (0x2/0x3)
[    2.503474]  (6)[329:dc_trim_thread]mt6359-sound mt6359_snd: calculate_lr_trim_code(), need to calculate step4 trim_code
[    2.515861]  (0)[329:dc_trim_thread]mt6359-sound mt6359_snd: start_trim_hardware(), ++
[    2.553886]  (0)[329:dc_trim_thread]mt6359-sound mt6359_snd: start_trim_hardware(), --
[    2.553937]  (0)[329:dc_trim_thread]mt6359-sound mt6359_snd: get_hp_dctrim_offset(), get on_valueL
[    2.566444]  (0)[329:dc_trim_thread]mt635x-auxadc mt635x-auxadc: name:HPOFS_CAL, channel=9, adc_out=0x73c0, adc_result=29632
[    2.569080]  (0)[329:dc_trim_thread]mt635x-auxadc mt635x-auxadc: name:HPOFS_CAL, channel=9, adc_out=0x73ba, adc_result=29626
[    2.571709]  (0)[329:dc_trim_thread]mt635x-auxadc mt635x-auxadc: name:HPOFS_CAL, channel=9, adc_out=0x73bd, adc_result=29629
[    2.631649]  (6)[329:dc_trim_thread]mt6359-sound mt6359_snd: get_hp_dctrim_offset(), get off_valueL
[    2.707474]  (6)[329:dc_trim_thread]mt6359-sound mt6359_snd: get_hp_dctrim_offset(), get on_valueR
[    2.783508]  (6)[329:dc_trim_thread]mt6359-sound mt6359_snd: get_hp_dctrim_offset(), get off_valueR
[    2.859362]  (6)[329:dc_trim_thread]mt6359-sound mt6359_snd: stop_trim_hardware(), ++
[    2.893859]  (0)[329:dc_trim_thread]mt6359-sound mt6359_snd: stop_trim_hardware(), --
[    2.893916]  (0)[329:dc_trim_thread]mt6359-sound mt6359_snd: get_hp_dctrim_offset(), R_offset = 6, L_offset = -28
[    2.893940]  (0)[329:dc_trim_thread]mt6359-sound mt6359_snd: calculate_lr_trim_code(), step3 trim_value(R/L) = (6/-28)
[    2.893977]  (0)[329:dc_trim_thread]mt6359-sound mt6359_snd: calculate_lr_trim_code(), result hp_trim_code(R/L) = (0x1/0x4)
[    2.894004]  (0)[329:dc_trim_thread]mt6359-sound mt6359_snd: calculate_lr_finetrim_code(), initial MT6359_AUDDEC_ANA_CON3 = 0x104
[    2.907849]  (0)[329:dc_trim_thread]mt6359-sound mt6359_snd: start_trim_hardware(), ++
[    2.943921]  (0)[292:mddp_rx]port ccci_0_200 read data fail when md_state = 0
[    2.945188]  (6)[1:init]init: /system/bin/secilc: linker: Warning: failed to find generated linker configuration from "/linkerconfig/ld.config.txt"
[    2.945956]  (1)[329:dc_trim_thread]mt6359-sound mt6359_snd: start_trim_hardware(), --
[    2.946008]  (1)[329:dc_trim_thread]mt6359-sound mt6359_snd: get_hp_dctrim_offset(), get on_valueL
[    2.949032]  (6)[1:init]SELinux: 32768 avtab hash slots, 66610 rules.
[    2.976101]  (6)[1:init]SELinux: 32768 avtab hash slots, 66610 rules.
[    2.976157]  (6)[1:init]SELinux:  1 users, 4 roles, 3963 types, 0 bools, 1 sens, 1024 cats
[    2.976165]  (6)[1:init]SELinux:  104 classes, 66610 rules
[    2.983212]  (6)[1:init]SELinux:  policy capability network_peer_controls=1
[    2.983225]  (6)[1:init]SELinux:  policy capability open_perms=1
[    2.983229]  (6)[1:init]SELinux:  policy capability extended_socket_class=1
[    2.983233]  (6)[1:init]SELinux:  policy capability always_check_network=0
[    2.983236]  (6)[1:init]SELinux:  policy capability cgroup_seclabel=0
[    2.983240]  (6)[1:init]SELinux:  policy capability nnp_nosuid_transition=1
[    2.983245]  (6)[1:init]SELinux:  Completing initialization.
[    2.983248]  (6)[1:init]SELinux:  Setting up existing superblocks.
[    3.023793]  (7)[329:dc_trim_thread]mt6359-sound mt6359_snd: get_hp_dctrim_offset(), get off_valueL
[    3.046881]  (0)[147:kauditd]audit: type=1403 audit(1789173380.152:2): policy loaded auid=4294967295 ses=4294967295
[    3.047520]  (0)[147:kauditd]audit: type=1404 audit(1789173380.152:3): enforcing=1 old_enforcing=0 auid=4294967295 ses=4294967295
[    3.066919]  (6)[1:init]KernelSU: /system/bin/init second_stage executed via argv1 check
[    3.066928]  (6)[1:init]KernelSU: initialize_fake_status: status_page not exist
[    3.066930]  (6)[1:init]KernelSU: selinux_hide: fake status need late initialization
[    3.070831]  (6)[1:init]KernelSU: adding POLICYDB_CONFIG_ANDROID_NETLINK_ROUTE
[    3.072505]  (6)[1:init]SELinux: 32768 avtab hash slots, 66610 rules.
[    3.078984]  (6)[1:init]SELinux: 32768 avtab hash slots, 66610 rules.
[    3.079010]  (6)[1:init]SELinux:  1 users, 4 roles, 3963 types, 0 bools, 1 sens, 1024 cats
[    3.079014]  (6)[1:init]SELinux:  104 classes, 66610 rules
[    3.084052]  (6)[1:init]KernelSU: len of ksu_dup_policydb (backup_db) output: 1257350
[    3.084073]  (6)[1:init]KernelSU: backup sepolicy success!
[    3.087925]  (6)[1:init]KernelSU: adding POLICYDB_CONFIG_ANDROID_NETLINK_ROUTE
[    3.089582]  (6)[1:init]SELinux: 32768 avtab hash slots, 66610 rules.
[    3.096094]  (6)[1:init]SELinux: 32768 avtab hash slots, 66610 rules.
[    3.096122]  (6)[1:init]SELinux:  1 users, 4 roles, 3963 types, 0 bools, 1 sens, 1024 cats
[    3.096127]  (6)[1:init]SELinux:  104 classes, 66610 rules
[    3.099452]  (7)[329:dc_trim_thread]mt6359-sound mt6359_snd: get_hp_dctrim_offset(), get on_valueR
[    3.101113]  (6)[1:init]KernelSU: len of ksu_dup_policydb output: 1257350
[    3.113436]  (6)[1:init]KernelSU: class memfd_file does not exist
[    3.113444]  (6)[1:init]KernelSU: class memfd_file does not exist
[    3.113446]  (6)[1:init]KernelSU: class memfd_file does not exist
[    3.113448]  (6)[1:init]KernelSU: class memfd_file does not exist
[    3.113450]  (6)[1:init]KernelSU: class memfd_file does not exist
[    3.133435]  (6)[1:init]KernelSU: Cached su SID: 73
[    3.133445]  (6)[1:init]KernelSU: Cached zygote SID: 74
[    3.133449]  (6)[1:init]KernelSU: Cached init SID: 75
[    3.133455]  (6)[1:init]KernelSU: Cached ksu_file SID: 76
[    3.135564]  (0)[1:init]init: 6 output lines suppressed due to ratelimiting
[    3.146647]  (6)[1:init]init: init second stage started!
[    3.175418]  (6)[1:init]selinux: SELinux: Loaded file context from:
[    3.175427]  (6)[1:init]selinux: 		/system/etc/selinux/plat_file_contexts
[    3.175430]  (6)[1:init]selinux: 		/system_ext/etc/selinux/system_ext_file_contexts
[    3.175433]  (6)[1:init]selinux: 		/vendor/etc/selinux/vendor_file_contexts
[    3.175480]  (7)[329:dc_trim_thread]mt6359-sound mt6359_snd: get_hp_dctrim_offset(), get off_valueR
[    3.212169]  (6)[1:init]KernelSU: initialize_fake_status initialized: sequence=0, policyload=0, enforcing=1
[    3.212427]  (6)[1:init]init: [libfstab] Using Android DT directory /proc/device-tree/firmware/android/
[    3.212812]  (6)[1:init]init: Init cannot set 'ro.boot.hardware' to 'mt6833': Read-only property was already set
[    3.212849]  (6)[1:init]init: Init cannot set 'ro.boot.verifiedbootstate' to 'orange': Read-only property was already set
[    3.212909]  (6)[1:init]init: Init cannot set 'ro.boot.serialno' to 'SSHANBKRMFPVI7EA': Read-only property was already set
[    3.215116]  (6)[1:init]init: Overriding previous property 'persist.sys.usb.config':'none' with new value 'adb'
[    3.251411]  (7)[329:dc_trim_thread]mt6359-sound mt6359_snd: stop_trim_hardware(), ++
[    3.269970]  (0)[147:kauditd]audit: type=1400 audit(1789173380.376:4): avc:  denied  { relabelto } for  pid=1 comm="init" name="oplusreserve2" dev="tmpfs" ino=7610 scontext=u:r:init:s0 tcontext=u:object_r:oplus_block_device:s0 tclass=lnk_file permissive=0
[    3.283641]  (0)[447:init]KernelSU: mark no sucompat checks for pid: '447', exec: '/system/bin/init'
[    3.283916]  (7)[1:init]KernelSU: ksu_common_newfstat_ret: stat init.rc 
[    3.284707]  (7)[1:init]KernelSU: module rc: skip empty module rc
[    3.284722]  (7)[1:init]KernelSU: ksu_common_newfstat_ret: adding rc len: 58138 -> 58478 (static=340 module=0)
[    3.284728]  (7)[1:init]KernelSU: ksu_common_newfstat_ret: added rc len 
[    3.284742]  (7)[1:init]KernelSU: ksu_common_newfstat_ret: stat init.rc 
[    3.284749]  (7)[1:init]KernelSU: ksu_common_newfstat_ret: adding rc len: 58138 -> 58478 (static=340 module=0)
[    3.284754]  (7)[1:init]KernelSU: ksu_common_newfstat_ret: added rc len 
[    3.284795]  (7)[1:init]KernelSU: stop init_rc_hook!
[    3.284801]  (7)[1:init]KernelSU: read init.rc, comm: init, rc_count: 340, module_rc: 0
[    3.285374]  (7)[1:init]KernelSU: read_iter_proxy: orig read finished, start append rc
[    3.285381]  (7)[1:init]KernelSU: read_iter_proxy: append static 340
[    3.285384]  (7)[1:init]KernelSU: read_iter_proxy: static append done
[    3.285709]  (2)[329:dc_trim_thread]mt6359-sound mt6359_snd: stop_trim_hardware(), --
[    3.285732]  (2)[329:dc_trim_thread]mt6359-sound mt6359_snd: get_hp_dctrim_offset(), R_offset = -12, L_offset = -8
[    3.285742]  (2)[329:dc_trim_thread]mt6359-sound mt6359_snd: calculate_lr_finetrim_code(), step0 finetrim(R/L) = (-12/-8)
[    3.299820]  (2)[329:dc_trim_thread]mt6359-sound mt6359_snd: start_trim_hardware(), ++
[    3.336694]  (0)[329:dc_trim_thread]mt6359-sound mt6359_snd: start_trim_hardware(), --
[    3.336756]  (0)[329:dc_trim_thread]mt6359-sound mt6359_snd: get_hp_dctrim_offset(), get on_valueL
[    3.339821]  (6)[1:init]cgroup: cgroup2: unknown option "memory_recursiveprot"
[    3.359758]  (7)[50:kworker/7:1]oplus_custome_sync_work is called
[    3.359853]  (6)[448:init]oplus_custome_sync_work: file /dev/block/by-name/oplus_custom is no exit
[    3.386485]  (6)[448:init]KernelSU: mark no sucompat checks for pid: '448', exec: '/system/bin/ueventd'
[    3.393020]  (0)[449:init]KernelSU: mark no sucompat checks for pid: '449', exec: '/system/bin/apexd'
[    3.396379]  (6)[448:ueventd]ueventd: ueventd started!
[    3.398421]  (6)[448:ueventd]selinux: SELinux: Loaded file context from:
[    3.398429]  (6)[448:ueventd]selinux: 		/system/etc/selinux/plat_file_contexts
[    3.398433]  (6)[448:ueventd]selinux: 		/system_ext/etc/selinux/system_ext_file_contexts
[    3.398436]  (6)[448:ueventd]selinux: 		/vendor/etc/selinux/vendor_file_contexts
[    3.398549]  (6)[448:ueventd]ueventd: Parsing file /system/etc/ueventd.rc...
[    3.398761]  (6)[448:ueventd]ueventd: Added '/vendor/etc/ueventd.rc' to import list
[    3.398770]  (6)[448:ueventd]ueventd: Added '/odm/etc/ueventd.rc' to import list
[    3.399021]  (6)[448:ueventd]ueventd: Parsing file /vendor/etc/ueventd.rc...
[    3.399584]  (6)[448:ueventd]ueventd: Parsing file /odm/etc/ueventd.rc...
[    3.411535]  (7)[329:dc_trim_thread]mt6359-sound mt6359_snd: get_hp_dctrim_offset(), get off_valueL
[    3.428725]  (0)[449:apexd]apexd: Started. subcommand = --bootstrap
[    3.429234]  (0)[449:apexd]cutils-trace: Error opening trace file: No such file or directory (2)
[    3.429406]  (0)[449:apexd]apexd-bootstrap: Scanning /system/apex for pre-installed ApexFiles
[    3.429968]  (0)[449:apexd]apexd-bootstrap: Found pre-installed APEX /system/apex/com.android.configinfrastructure.capex
[    3.431416]  (0)[449:apexd]apexd-bootstrap: Found pre-installed APEX /system/apex/com.android.wifi.capex
[    3.433226]  (0)[449:apexd]apexd-bootstrap: Found pre-installed APEX /system/apex/com.android.uwb.capex
[    3.434539]  (0)[449:apexd]apexd-bootstrap: Found pre-installed APEX /system/apex/com.android.appsearch.capex
[    3.435929]  (0)[449:apexd]apexd-bootstrap: Found pre-installed APEX /system/apex/com.android.adservices.capex
[    3.437529]  (0)[449:apexd]apexd-bootstrap: Found pre-installed APEX /system/apex/com.android.cellbroadcast.capex
[    3.439108]  (0)[449:apexd]apexd-bootstrap: Found pre-installed APEX /system/apex/com.android.media.capex
[    3.469180] -(7)[329:dc_trim_thread]mt635x_auxadc_read_raw: 249 callbacks suppressed
[    3.469186]  (7)[329:dc_trim_thread]mt635x-auxadc mt635x-auxadc: name:HPOFS_CAL, channel=9, adc_out=0x73d4, adc_result=29652
[    3.471786]  (7)[329:dc_trim_thread]mt635x-auxadc mt635x-auxadc: name:HPOFS_CAL, channel=9, adc_out=0x73d6, adc_result=29654
[    3.474380]  (7)[329:dc_trim_thread]mt635x-auxadc mt635x-auxadc: name:HPOFS_CAL, channel=9, adc_out=0x73da, adc_result=29658
[    3.476977]  (7)[329:dc_trim_thread]mt635x-auxadc mt635x-auxadc: name:HPOFS_CAL, channel=9, adc_out=0x73dd, adc_result=29661
[    3.479580]  (7)[329:dc_trim_thread]mt635x-auxadc mt635x-auxadc: name:HPOFS_CAL, channel=9, adc_out=0x73da, adc_result=29658
[    3.487369]  (7)[329:dc_trim_thread]mt6359-sound mt6359_snd: get_hp_dctrim_offset(), get on_valueR
[    3.519785]  (6)[49:kworker/6:1][sensor_devinfo] read_oplus_custom 397 : failed to open file /dev/block/by-name/oplus_custom 000000007ef568db -1
[    3.519796]  (6)[49:kworker/6:1][sensor_devinfo] sensor_read_oplus_custom 472 : read_oplus_custom error = -1
[    3.519800]  (6)[49:kworker/6:1][sensor_devinfo] sensor_devinfo_work 1136 : try 8
[    3.566308]  (3)[329:dc_trim_thread]mt6359-sound mt6359_snd: get_hp_dctrim_offset(), get off_valueR
[    3.643643]  (6)[329:dc_trim_thread]mt6359-sound mt6359_snd: stop_trim_hardware(), ++
[    3.678012]  (0)[329:dc_trim_thread]mt6359-sound mt6359_snd: stop_trim_hardware(), --
[    3.678060]  (0)[329:dc_trim_thread]mt6359-sound mt6359_snd: get_hp_dctrim_offset(), R_offset = 1, L_offset = -2
[    3.678079]  (0)[329:dc_trim_thread]mt6359-sound mt6359_snd: calculate_lr_finetrim_code(), step1 finetrim(R/L) = (1/-2)
[    3.689783]  (2)[497:apexd]EXT4-fs (loop0): mounted filesystem without journal. Opts: (null)
[    3.691996]  (0)[329:dc_trim_thread]mt6359-sound mt6359_snd: start_trim_hardware(), ++
[    3.723492]  (1)[500:apexd]EXT4-fs (loop1): mounted filesystem without journal. Opts: (null)
[    3.728753]  (3)[329:dc_trim_thread]mt6359-sound mt6359_snd: start_trim_hardware(), --
[    3.728794]  (3)[329:dc_trim_thread]mt6359-sound mt6359_snd: get_hp_dctrim_offset(), get on_valueL
[    3.755635]  (2)[498:apexd]EXT4-fs (loop2): mounted filesystem without journal. Opts: (null)
[    3.803698]  (6)[329:dc_trim_thread]mt6359-sound mt6359_snd: get_hp_dctrim_offset(), get off_valueL
[    3.807761]  (7)[50:kworker/7:1]sd 0:0:0:1: [sdb] Synchronizing SCSI cache
[    3.807820]  (7)[333:kworker/7:2]sd 0:0:0:0: [sda] Synchronizing SCSI cache
[    3.826751]  (5)[499:apexd]EXT4-fs (loop3): mounted filesystem without journal. Opts: (null)
[    3.846096]  (1)[449:apexd]apexd: 59 output lines suppressed due to ratelimiting
[    3.855453]  (1)[509:init]KernelSU: mark no sucompat checks for pid: '509', exec: '/apex/com.android.runtime/bin/linkerconfig'
[    3.879354]  (7)[329:dc_trim_thread]mt6359-sound mt6359_snd: get_hp_dctrim_offset(), get on_valueR
[    3.936271]  (0)[447:init]BOOTPROF:      3936.263778:INIT:early-init
[    3.940782]  (0)[447:init][Power/PPM] (0x100)(-1)(0)(0-7)(0)(0)(6)(6) (0)(0)(2)(2) 
[    3.955553]  (7)[329:dc_trim_thread]mt6359-sound mt6359_snd: get_hp_dctrim_offset(), get off_valueR
[    3.961540]  (7)[510:init]KernelSU: mark no sucompat checks for pid: '510', exec: '/system/bin/prng_seeder'
[    3.967557]  (0)[511:init]KernelSU: mark no sucompat checks for pid: '511', exec: '/vendor/bin/boringssl_self_test32'
[    3.967777]  (0)[292:mddp_rx]port ccci_0_200 read data fail when md_state = 0
[    4.031594]  (3)[329:dc_trim_thread]mt6359-sound mt6359_snd: stop_trim_hardware(), ++
[    4.045435]  (0)[512:init]KernelSU: mark no sucompat checks for pid: '512', exec: '/vendor/bin/boringssl_self_test64'
[    4.066852]  (2)[329:dc_trim_thread]mt6359-sound mt6359_snd: stop_trim_hardware(), --
[    4.066875]  (2)[329:dc_trim_thread]mt6359-sound mt6359_snd: get_hp_dctrim_offset(), R_offset = -5, L_offset = 11
[    4.066882]  (2)[329:dc_trim_thread]mt6359-sound mt6359_snd: calculate_lr_finetrim_code(), step2 finetrim(R/L) = (-5/11)
[    4.066897]  (2)[329:dc_trim_thread]mt6359-sound mt6359_snd: calculate_lr_finetrim_code(), result finetrim_code(R/L) = (0x2/0x3)
[    4.066902]  (2)[329:dc_trim_thread]enable_trim_circuit: set 0
[    4.066919]  (2)[329:dc_trim_thread]mt6359-sound mt6359_snd: get_hp_trim_offset(), after trim_code R:(0x2/0x1), L:(0x3/0x4)
[    4.066929]  (2)[329:dc_trim_thread]accdet_late_init()  now init accdet!
[    4.069972]  (2)[329:dc_trim_thread]accdet_init() done.
[    4.070065]  (2)[329:dc_trim_thread]accdet_init_once() set analog moisture.
[    4.070123]  (2)[329:dc_trim_thread]accdet_init_once() done.
[    4.070292]  (7)[513:init]
[    4.070292] accdet (0x268a)=0x1040 (0x268c)=0x67 (0x26ac)=0x1000 (0x26ae)=0x7(0x26b0)=0x500 (0x26b4)=0x80
[    4.070292] accdet (0x26b6)=0x0 (0x26ba)=0xff(0x26bc)=0xff (0x26c0)=0x3000 (0x26c4)=0x0 (0x26ba)=0xff
[    4.070292] accdet (0x2526)=0x0 (0x2528)=0x3004 (0x252a)=0x0 (0x252c)=0x8f
[    4.070292] accdet (0x252e)=0x3020 (0x2530)=0x4 (0x2532)=0x103 (0x2534)=0x0
[    4.070292]  304
[    4.101340]  (7)[513:init]KernelSU: mark no sucompat checks for pid: '513', exec: '/vendor/bin/chipinfo'
[    4.104446]  (7)[514:init]KernelSU: mark no sucompat checks for pid: '514', exec: '/odm/bin/oplus_performance.sh'
[    4.300456]  (7)[1:init]Registered swp emulation handler
[    4.304919]  (7)[531:init]KernelSU: mark no sucompat checks for pid: '531', exec: '/system/bin/logd'
[    4.311075]  (6)[532:init]KernelSU: mark no sucompat checks for pid: '532', exec: '/system/bin/lmkd'
[    4.316237]  (4)[533:init]KernelSU: mark no sucompat checks for pid: '533', exec: '/system/bin/servicemanager'
[    4.317540]  (6)[532:lmkd]psi_write: new:00000000ae87717e
[    4.317560]  (6)[532:lmkd]psi_write: new:00000000bfeccf7e
[    4.319633]  (6)[535:init]KernelSU: mark no sucompat checks for pid: '535', exec: '/system/system_ext/bin/hwservicemanager'
[    4.324035]  (7)[531:logd]logd: libprocessgroup: A JoinCgroup action in the Frozen profile is used for controller freezer in the cgroup v2 hierarchy and will be ignored
[    4.324053]  (7)[531:logd]logd: libprocessgroup: A JoinCgroup action in the Unfrozen profile is used for controller freezer in the cgroup v2 hierarchy and will be ignored
[    4.324272]  (3)[537:init]KernelSU: mark no sucompat checks for pid: '537', exec: '/vendor/bin/vndservicemanager'
[    4.325850]  (2)[447:init]BOOTPROF:      4325.844394:INIT:init
[    4.326763]  (6)[533:servicemanager]servicemanager: Starting sm instance on /dev/binder
[    4.326838]  (6)[533:servicemanager]binder: 533:533 ioctl 40046210 7fccdeaee4 returned -22
[    4.327031]  (7)[531:logd]logd.auditd: start
[    4.327041]  (7)[531:logd]logd.klogd: 4323315922
[    4.329534]  (7)[533:servicemanager]SELinux: SELinux: Loaded service context from:
[    4.329572]  (7)[533:servicemanager]SELinux: 		/system/etc/selinux/plat_service_contexts
[    4.329584]  (7)[533:servicemanager]SELinux: 		/system_ext/etc/selinux/system_ext_service_contexts
[    4.329593]  (7)[533:servicemanager]SELinux: 		/vendor/etc/selinux/vendor_service_contexts
[    4.336674]  (6)[541:init]KernelSU: mark no sucompat checks for pid: '541', exec: '/system/bin/boringssl_self_test32'
[    4.343344]  (4)[535:hwservicemanage]binder: 535:535 ioctl 40046210 7fe37cece4 returned -22
[    4.348917]  (2)[537:vndservicemanag]binder: 537:537 ioctl 40046210 7fc4b2a314 returned -22
[    4.377139]  (6)[542:init]KernelSU: mark no sucompat checks for pid: '542', exec: '/system/bin/boringssl_self_test64'
[    4.383782]  (7)[333:kworker/7:2]oplus_custome_sync_work is called
[    4.384216]  (7)[333:kworker/7:2]opluscustom_read OPLUS_CUSTOM partition is illegal nMagicNum1:0x0!
[    4.384220]  (7)[333:kworker/7:2]opluscustom_read OPLUS_CUSTOM partition with error config magic number nMagicNum2:0x0!
[    4.384222]  (7)[333:kworker/7:2]oplus_custome_sync_work:rc = 0
[    4.390108]  (0)[531:logd]logd: Loaded bug_map file: /system_ext/etc/selinux/bug_map
[    4.390345]  (0)[531:logd]logd: Loaded bug_map file: /vendor/etc/selinux/selinux_denial_metadata
[    4.390640]  (0)[531:logd]logd: Ignored bug_map definition in /system/etc/selinux/bug_map: 'dnsmasq netd fifo_file b/77868789', (scontext, tcontext, tclass) denial combination is already tagged with bug metadata 'b/77868789'
[    4.390659]  (0)[531:logd]logd: Ignored bug_map definition in /system/etc/selinux/bug_map: 'dnsmasq netd unix_stream_socket b/77868789', (scontext, tcontext, tclass) denial combination is already tagged with bug metadata 'b/77868789'
[    4.390675]  (0)[531:logd]logd: Ignored bug_map definition in /system/etc/selinux/bug_map: 'gmscore_app system_data_file dir b/146166941', (scontext, tcontext, tclass) denial combination is already tagged with bug metadata 'b/146166941'
[    4.390692]  (0)[531:logd]logd: Ignored bug_map definition in /system/etc/selinux/bug_map: 'init app_data_file file b/77873135', (scontext, tcontext, tclass) denial combination is already tagged with bug metadata 'b/77873135'
[    4.404526]  (6)[447:init]BOOTPROF:      4404.523779:INIT:late-init
[    4.408644]  (6)[1:init][ftrace]tracing_on is toggled to 0
[    4.411693]  (6)[543:init]KernelSU: mark no sucompat checks for pid: '543', exec: '/system/bin/vold'
[    4.412849]  (3)[447:init]BOOTPROF:      4412.842548:INIT:early-fs
[    4.413595]  (1)[447:init]BOOTPROF:      4413.590779:INIT:fs
[    4.413968]  (6)[447:init]BOOTPROF:      4413.966472:INIT:Mount_START
[    4.420390]  (6)[1:init]EXT4-fs (sdc51): Ignoring removed nomblk_io_submit option
[    4.422163]  (6)[1:init]EXT4-fs (sdc51): recovery complete
[    4.422326]  (6)[1:init]EXT4-fs (sdc51): mounted filesystem with ordered data mode. Opts: errors=remount-ro,nomblk_io_submit
[    4.425133]  (1)[546:init]KernelSU: mark no sucompat checks for pid: '546', exec: '/system/bin/e2fsck'
[    4.434180]  (7)[1:init]e2fsck: e2fsck 1.46.6 (1-Feb-2023)
[    4.435480]  (6)[1:init]e2fsck: Pass 1: Checking inodes, blocks, and sizes
[    4.437434]  (6)[1:init]e2fsck: Pass 2: Checking directory structure
[    4.438107]  (2)[1:init]e2fsck: Pass 3: Checking directory connectivity
[    4.438132]  (2)[1:init]e2fsck: Pass 4: Checking reference counts
[    4.440122]  (2)[1:init]e2fsck: Pass 5: Checking group summary information
[    4.441299]  (7)[543:vold]vold: [libfstab] Warning: unknown flag: resize
[    4.443019]  (6)[543:vold]binder: 543:543 ioctl 40046210 7fc317d564 returned -22
[    4.443089]  (6)[543:vold]binder: 543:543 ioctl 40046210 7fc317d4d4 returned -22
[    4.443358]  (6)[543:vold]binder: context.name[binder] tr.size:124 service:vold
[    4.443481]  (3)[533:servicemanager]cutils-trace: Error opening trace file: No such file or directory (2)
[    4.445378]  (6)[1:init]e2fsck: /dev/block/by-name/cache: 16/110592 files (0.0% non-contiguous), 7588/110592 blocks
[    4.452843]  (3)[1:init]EXT4-fs (sdc51): mounted filesystem with ordered data mode. Opts: noauto_da_alloc,discard
[    4.456310]  (1)[1:init]EXT4-fs (sdc17): Ignoring removed nomblk_io_submit option
[    4.458307]  (5)[1:init]EXT4-fs (sdc17): recovery complete
[    4.458519]  (7)[1:init]EXT4-fs (sdc17): mounted filesystem with ordered data mode. Opts: errors=remount-ro,nomblk_io_submit
[    4.463268]  (1)[555:init]KernelSU: mark no sucompat checks for pid: '555', exec: '/system/bin/e2fsck'
[    4.471236]  (7)[1:init]e2fsck: e2fsck 1.46.6 (1-Feb-2023)
[    4.472851]  (1)[1:init]e2fsck: Pass 1: Checking inodes, blocks, and sizes
[    4.473543]  (1)[1:init]e2fsck: Pass 2: Checking directory structure
[    4.477634]  (3)[1:init]EXT4-fs (sdc17): mounted filesystem with ordered data mode. Opts: noauto_da_alloc,commit=1,nodelalloc
[    4.480889]  (1)[1:init]EXT4-fs (sdc18): Ignoring removed nomblk_io_submit option
[    4.483236]  (3)[1:init]EXT4-fs (sdc18): recovery complete
[    4.483449]  (3)[1:init]EXT4-fs (sdc18): mounted filesystem with ordered data mode. Opts: errors=remount-ro,nomblk_io_submit
[    4.488024]  (1)[560:init]KernelSU: mark no sucompat checks for pid: '560', exec: '/system/bin/e2fsck'
[    4.500677]  (3)[1:init]EXT4-fs (sdc18): mounted filesystem with ordered data mode. Opts: noauto_da_alloc,commit=1,nodelalloc
[    4.503846]  (3)[1:init]EXT4-fs (sdc14): Ignoring removed nomblk_io_submit option
[    4.506397]  (3)[1:init]EXT4-fs (sdc14): recovery complete
[    4.506601]  (3)[1:init]EXT4-fs (sdc14): mounted filesystem with ordered data mode. Opts: errors=remount-ro,nomblk_io_submit
[    4.511064]  (1)[565:init]KernelSU: mark no sucompat checks for pid: '565', exec: '/system/bin/e2fsck'
[    4.531829]  (2)[1:init]EXT4-fs (sdc14): mounted filesystem with ordered data mode. Opts: noauto_da_alloc,commit=1,nodelalloc
[    4.535158]  (1)[1:init]EXT4-fs (sdc13): Ignoring removed nomblk_io_submit option
[    4.537579]  (3)[1:init]EXT4-fs (sdc13): recovery complete
[    4.537798]  (3)[1:init]EXT4-fs (sdc13): mounted filesystem with ordered data mode. Opts: errors=remount-ro,nomblk_io_submit
[    4.542324]  (0)[572:init]KernelSU: mark no sucompat checks for pid: '572', exec: '/system/bin/e2fsck'
[    4.544049]  (6)[49:kworker/6:1][sensor_devinfo] read_oplus_custom 442 : read success = 336
[    4.544057]  (6)[49:kworker/6:1][sensor_devinfo] sensor_read_oplus_custom 492 : acc[787,-168,-110],gyro[0,0,0],ps[2097,50,341,0,0,0],als[1082], bar[0]
[    4.544060]  (6)[49:kworker/6:1][mtk_nanohub]scp power down, we can not access scp
[    4.544063]  (6)[49:kworker/6:1][sensor_devinfo] init_sensorlist_info 759 : sensor(0) not register
[    4.544065]  (6)[49:kworker/6:1][mtk_nanohub]scp power down, we can not access scp
[    4.544067]  (6)[49:kworker/6:1][sensor_devinfo] init_sensorlist_info 759 : sensor(3) not register
[    4.544069]  (6)[49:kworker/6:1][mtk_nanohub]scp power down, we can not access scp
[    4.544071]  (6)[49:kworker/6:1][sensor_devinfo] init_sensorlist_info 759 : sensor(1) not register
[    4.544073]  (6)[49:kworker/6:1][mtk_nanohub]scp power down, we can not access scp
[    4.544075]  (6)[49:kworker/6:1][sensor_devinfo] init_sensorlist_info 759 : sensor(4) not register
[    4.544077]  (6)[49:kworker/6:1][mtk_nanohub]scp power down, we can not access scp
[    4.544079]  (6)[49:kworker/6:1][sensor_devinfo] init_sensorlist_info 759 : sensor(7) not register
[    4.544081]  (6)[49:kworker/6:1][mtk_nanohub]scp power down, we can not access scp
[    4.544083]  (6)[49:kworker/6:1][sensor_devinfo] init_sensorlist_info 759 : sensor(5) not register
[    4.544085]  (6)[49:kworker/6:1][mtk_nanohub]scp power down, we can not access scp
[    4.544088]  (6)[49:kworker/6:1][sensor_devinfo] init_sensorlist_info 759 : sensor(98) not register
[    4.544090]  (6)[49:kworker/6:1][sensor_devinfo] sensor_devinfo_work 1152 : scp access err , try 5
[    4.560528]  (4)[1:init]EXT4-fs (sdc13): mounted filesystem with ordered data mode. Opts: noauto_da_alloc,commit=1,nodelalloc
[    4.563852]  (1)[1:init]EXT4-fs (sdc16): Ignoring removed nomblk_io_submit option
[    4.566196]  (1)[1:init]EXT4-fs (sdc16): recovery complete
[    4.566412]  (1)[1:init]EXT4-fs (sdc16): mounted filesystem with ordered data mode. Opts: errors=remount-ro,nomblk_io_submit
[    4.570772]  (0)[577:init]KernelSU: mark no sucompat checks for pid: '577', exec: '/system/bin/e2fsck'
[    4.583794]  (1)[1:init]EXT4-fs (sdc16): mounted filesystem with ordered data mode. Opts: noauto_da_alloc,commit=1,nodelalloc
[    4.600877]  (7)[580:init]KernelSU: mark no sucompat checks for pid: '580', exec: '/system/bin/tune2fs'
[    4.615666]  (7)[447:init]BOOTPROF:      4615.663703:INIT:Mount_END
[    4.618743]  (7)[581:init]KernelSU: mark no sucompat checks for pid: '581', exec: '/vendor/bin/sh'
[    4.624025]  (0)[582:init]KernelSU: mark no sucompat checks for pid: '582', exec: '/system/bin/vdc'
[    4.642495]  (1)[582:vdc]binder: 582:582 ioctl 40046210 7ff38cd914 returned -22
[    4.658303]  (1)[581:sh]zram0: detected capacity change from 0 to 3221225472
[    4.663200]  (7)[447:init]BOOTPROF:      4663.197626:INIT:post-fs
[    4.671803]  (7)[447:init]gadgets_make name=g1
[    4.672972]  (7)[447:init]os_desc_use_store Use OS DESC
[    4.674503]  (7)[447:init]function_make name=accessory.gs2
[    4.674900]  (7)[447:init]function_make name=audio_source.gs3
[    4.675260]  (7)[447:init]function_make name=ffs.adb
[    4.675273]  (7)[447:init]file system registered
[    4.675564]  (7)[447:init]function_make name=ffs.mtp
[    4.676195]  (7)[447:init]function_make name=ffs.ptp
[    4.676444]  (7)[447:init]function_make name=rndis.gs4
[    4.676458]  (7)[447:init]gether_setup_name_default - qmult:30
[    4.676462]  (7)[447:init]using random self ethernet address
[    4.676464]  (7)[447:init]using random host ethernet address
[    4.676709]  (7)[447:init]function_make name=midi.gs5
[    4.677050]  (7)[447:init]function_make name=acm.gs0
[    4.677129]  (7)[447:init]acm_alloc_instance opts->port_num=0
[    4.677382]  (7)[447:init]function_make name=acm.gs1
[    4.677459]  (7)[447:init]acm_alloc_instance opts->port_num=1
[    4.677715]  (7)[447:init]function_make name=acm.gs2
[    4.677797]  (7)[447:init]acm_alloc_instance opts->port_num=2
[    4.678051]  (7)[447:init]function_make name=acm.gs3
[    4.678129]  (7)[447:init]acm_alloc_instance opts->port_num=3
[    4.678392]  (7)[447:init]function_make name=mass_storage.usb0
[    4.678402]  (7)[447:init]Mass Storage Function, version: 2009/09/11
[    4.678405]  (7)[447:init]LUN: removable file: (no medium)
[    4.678644]  (7)[447:init]function_make name=hid.gs0
[    4.678952]  (7)[447:init]function_make name=via_modem.gs0
[    4.679188]  (7)[447:init]function_make name=via_ets.gs0
[    4.679420]  (7)[447:init]function_make name=via_atc.gs0
[    4.679660]  (7)[447:init]config_desc_make name=b.1
[    4.680315]  (7)[447:init]os_desc_b_vendor_code_store Vendor Code=1
[    4.687886]  (0)[589:init]KernelSU: mark no sucompat checks for pid: '589', exec: '/vendor/bin/aee_aedv'
[    4.693229]  (3)[590:init]KernelSU: mark no sucompat checks for pid: '590', exec: '/vendor/bin/aee_aedv64'
[    4.693795]  (7)[588:swapon]Adding 3145724k swap on /dev/block/zram0.  Priority:-2 extents:1 across:3145724k SS
[    4.697965]  (4)[593:init]KernelSU: mark no sucompat checks for pid: '593', exec: '/system/bin/recovery-refresh'
[    4.700534]  (4)[594:init]KernelSU: mark no sucompat checks for pid: '594', exec: '/system/bin/vndk-detect'
[    4.758433]  (6)[610:init]KernelSU: mark no sucompat checks for pid: '610', exec: '/system/bin/twrp.sh'
[    4.766183]  (7)[611:init]KernelSU: mark no sucompat checks for pid: '611', exec: '/system/bin/vndk-detect'
[    4.807118]  (6)[624:init]KernelSU: mark no sucompat checks for pid: '624', exec: '/system/bin/rw-system.sh'
[    4.870741]  (6)[638:mount]EXT4-fs (dm-1): couldn't mount RDWR because of unsupported optional features (4000)
[    4.870815]  (6)[638:mount]EXT4-fs (dm-1): re-mounted. Opts: 
[    4.916453]  (6)[648:mount]EXT4-fs (dm-1): re-mounted. Opts: 
[    4.991744]  (6)[292:mddp_rx]port ccci_0_200 read data fail when md_state = 0
[    5.548291]  (6)[237:scp_power_reset][mtk_nanohub]mtk_nanohub_send_dram_info_to_hub success
[    5.549479]  (6)[237:scp_power_reset][mtk_nanohub]set_cust fail!
[    5.549482]  (6)[237:scp_power_reset][mtk_nanohub]type(6) not registered
[    5.549622]  (6)[237:scp_power_reset][mtk_nanohub]set_cust fail!
[    5.549625]  (6)[237:scp_power_reset][mtk_nanohub]type(72) not registered
[    5.549708]  (6)[237:scp_power_reset][mtk_nanohub]set_cust fail!
[    5.549710]  (6)[237:scp_power_reset][mtk_nanohub]type(73) not registered
[    5.549791]  (6)[237:scp_power_reset][mtk_nanohub]set_cust fail!
[    5.549793]  (6)[237:scp_power_reset][mtk_nanohub]type(98) not registered
[    5.549874]  (6)[237:scp_power_reset][mtk_nanohub]set_cust fail!
[    5.549876]  (6)[237:scp_power_reset][mtk_nanohub]type(99) not registered
[    5.549950]  (6)[237:scp_power_reset][mtk_nanohub]set_cust fail!
[    5.549952]  (6)[237:scp_power_reset][mtk_nanohub]type(100) not registered
[    5.550034]  (6)[237:scp_power_reset][mtk_nanohub]set_cust fail!
[    5.550036]  (6)[237:scp_power_reset][mtk_nanohub]type(101) not registered
[    5.568234]  (6)[49:kworker/6:1][sensor_devinfo] init_sensorlist_info 766 : sensor(lis2hh12) register
[    5.569077]  (6)[49:kworker/6:1][sensor_devinfo] init_sensorlist_info 766 : sensor(oem-pseudo-gyro) register
[    5.569197]  (6)[49:kworker/6:1][sensor_devinfo] init_sensorlist_info 766 : sensor(mmc5603) register
[    5.569270]  (6)[49:kworker/6:1][sensor_devinfo] init_sensorlist_info 766 : sensor(stk33502) register
[    5.569335]  (6)[49:kworker/6:1][sensor_devinfo] init_sensorlist_info 766 : sensor(stk33502) register
[    5.569403]  (6)[49:kworker/6:1][mtk_nanohub]set_cust fail!
[    5.569405]  (6)[49:kworker/6:1][sensor_devinfo] init_sensorlist_info 759 : sensor(5) not register
[    5.569473]  (6)[49:kworker/6:1][mtk_nanohub]set_cust fail!
[    5.569476]  (6)[49:kworker/6:1][sensor_devinfo] init_sensorlist_info 759 : sensor(98) not register
[    5.571797]  (6)[49:kworker/6:1][sensor_devinfo] oplus_als_cali_data_init 948 : call 
[    5.572093]  (6)[49:kworker/6:1][sensor_devinfo] oplus_get_dts_feature 207 : device_name = stk33502
[    5.572096]  (6)[49:kworker/6:1][sensor_devinfo] oplus_get_dts_feature 216 : feature_addr -24455912, len = 4
[    5.572101]  (6)[49:kworker/6:1][sensor_devinfo] oplus_als_cali_data_init 967 : row_coe = 90
[    5.572388]  (6)[49:kworker/6:1][sensor_devinfo] oplus_get_dts_feature 207 : device_name = stk33502
[    5.572390]  (6)[49:kworker/6:1][sensor_devinfo] oplus_get_dts_feature 213 : get prop fail 
[    5.572395]  (6)[49:kworker/6:1][sensor_devinfo] oplus_als_cali_data_init 975 : gold_als_factor = 1001
[    5.572682]  (6)[49:kworker/6:1][sensor_devinfo] oplus_get_dts_feature 198 : get /odm/rear_cct_1 fail
[    5.572683]  (6)[49:kworker/6:1][sensor_devinfo] oplus_als_cali_data_init 983 : gold_rear_als_factor = 1001
[    5.572971]  (6)[49:kworker/6:1][sensor_devinfo] oplus_get_dts_feature 204 : get device_name prop fail 
[    5.572973]  (6)[49:kworker/6:1][sensor_devinfo] get_accgyro_cali_version 926 : gyro_cali_version = 1
[    5.573252]  (6)[49:kworker/6:1][sensor_devinfo] oplus_get_dts_feature 204 : get device_name prop fail 
[    5.573541]  (6)[49:kworker/6:1][sensor_devinfo] oplus_get_dts_feature 198 : get /odm/rear_cct_1 fail
[    5.573827]  (6)[49:kworker/6:1][sensor_devinfo] get_acc_gyro_cali_nv_adapt_q_flag 320 : get cali_nv_adapt_q fail
[    5.573829]  (6)[49:kworker/6:1][sensor_devinfo] sensor_devinfo_work 1239 : success 
[    5.575410]  (6)[49:kworker/6:1][sensor_devinfo] read_oplus_custom 442 : read success = 336
[    5.575416]  (6)[49:kworker/6:1][sensor_devinfo] sensor_read_oplus_custom 492 : acc[787,-168,-110],gyro[0,0,0],ps[2097,50,341,0,0,0],als[1082], bar[0]
[    5.575957]  (6)[49:kworker/6:1][sensor_devinfo] init_sensorlist_info 766 : sensor(lis2hh12) register
[    5.576053]  (6)[49:kworker/6:1][sensor_devinfo] init_sensorlist_info 766 : sensor(oem-pseudo-gyro) register
[    5.576927]  (6)[49:kworker/6:1][sensor_devinfo] init_sensorlist_info 766 : sensor(mmc5603) register
[    5.577022]  (6)[49:kworker/6:1][sensor_devinfo] init_sensorlist_info 766 : sensor(stk33502) register
[    5.577879]  (6)[49:kworker/6:1][sensor_devinfo] init_sensorlist_info 766 : sensor(stk33502) register
[    5.577950]  (6)[49:kworker/6:1][mtk_nanohub]set_cust fail!
[    5.577953]  (6)[49:kworker/6:1][sensor_devinfo] init_sensorlist_info 759 : sensor(5) not register
[    5.578032]  (6)[49:kworker/6:1][mtk_nanohub]set_cust fail!
[    5.578034]  (6)[49:kworker/6:1][sensor_devinfo] init_sensorlist_info 759 : sensor(98) not register
[    5.580625]  (6)[49:kworker/6:1][sensor_devinfo] oplus_als_cali_data_init 948 : call 
[    5.580628]  (6)[49:kworker/6:1][sensor_devinfo] oplus_als_cali_data_init 950 : has been inited
[    5.580927]  (6)[49:kworker/6:1][sensor_devinfo] oplus_get_dts_feature 204 : get device_name prop fail 
[    5.580930]  (6)[49:kworker/6:1][sensor_devinfo] get_accgyro_cali_version 926 : gyro_cali_version = 1
[    5.581209]  (6)[49:kworker/6:1][sensor_devinfo] oplus_get_dts_feature 204 : get device_name prop fail 
[    5.581500]  (6)[49:kworker/6:1][sensor_devinfo] oplus_get_dts_feature 198 : get /odm/rear_cct_1 fail
[    5.581786]  (6)[49:kworker/6:1][sensor_devinfo] get_acc_gyro_cali_nv_adapt_q_flag 320 : get cali_nv_adapt_q fail
[    5.581789]  (6)[49:kworker/6:1][sensor_devinfo] sensor_devinfo_work 1239 : success 
[    6.015734]  (6)[292:mddp_rx]port ccci_0_200 read data fail when md_state = 0
[    6.369586]  (6)[304:kworker/u16:2]VMCH: voltage operation not allowed
[    6.369697]  (6)[304:kworker/u16:2]mt6360_ldo_enable: sdcard_det_en=1, sdcard_hlact=0
[    6.370506]  (6)[304:kworker/u16:2]mt6360_ldo_enable: sdcard_det_en=1, sdcard_hlact=0
[    6.370686]  (6)[304:kworker/u16:2][msdc]msdc1 power on
[    6.399941]  (6)[304:kworker/u16:2][msdc]msdc1 -> !!! Set<260KHz> Source<191999KHz> -> sclk<259KHz> timing<0> mode<0> div<185> hs400_div_dis<0>
[    6.401216]  (6)[304:kworker/u16:2][msdc]msdc1 -> !!! Set<400KHz> Source<191999KHz> -> sclk<399KHz> timing<0> mode<0> div<120> hs400_div_dis<0>
[    6.419881]  (6)[49:kworker/6:1][msdc]msdc1 -> Card insert<1> Block bad card<0>, mrq<          (null)> claimed<1> pwrcnt<0> trigger card event<0> <- msdc_ops_get_cd() : L<4516> PID<kworker/6:1><0x31>
[    6.433913]  (6)[49:kworker/6:1][msdc][msdc_command_resp_polling]: msdc1 CMD<8> MSDC_INT_CMDTMO Arg<0x000001aa>
[    6.433975]  (6)[49:kworker/6:1][msdc]msdc1 -> XXX CMD<8><0x1aa> Error<-110> Resp<0x0> <- msdc_dump_trans_error() : L<3827> PID<kworker/6:1><0x31>
[    6.434404]  (6)[49:kworker/6:1][msdc][msdc_command_resp_polling]: msdc1 CMD<8> MSDC_INT_CMDTMO Arg<0x000001aa>
[    6.434462]  (6)[49:kworker/6:1][msdc]msdc1 -> XXX CMD<8><0x1aa> Error<-110> Resp<0x0> <- msdc_dump_trans_error() : L<3827> PID<kworker/6:1><0x31>
[    6.434892]  (6)[49:kworker/6:1][msdc][msdc_command_resp_polling]: msdc1 CMD<8> MSDC_INT_CMDTMO Arg<0x000001aa>
[    6.434950]  (6)[49:kworker/6:1][msdc]msdc1 -> XXX CMD<8><0x1aa> Error<-110> Resp<0x0> <- msdc_dump_trans_error() : L<3827> PID<kworker/6:1><0x31>
[    6.435377]  (6)[49:kworker/6:1][msdc][msdc_command_resp_polling]: msdc1 CMD<8> MSDC_INT_CMDTMO Arg<0x000001aa>
[    6.435437]  (6)[49:kworker/6:1][msdc]msdc1 -> XXX CMD<8><0x1aa> Error<-110> Resp<0x0> <- msdc_dump_trans_error() : L<3827> PID<kworker/6:1><0x31>
[    6.436740]  (6)[49:kworker/6:1][msdc][msdc_command_resp_polling]: msdc1 CMD<55> MSDC_INT_CMDTMO Arg<0x00000000>
[    6.436802]  (6)[49:kworker/6:1][msdc]msdc1 -> XXX CMD<55><0x0> Error<-110> Resp<0x0> <- msdc_dump_trans_error() : L<3827> PID<kworker/6:1><0x31>
[    6.437232]  (6)[49:kworker/6:1][msdc][msdc_command_resp_polling]: msdc1 CMD<55> MSDC_INT_CMDTMO Arg<0x00000000>
[    6.437290]  (6)[49:kworker/6:1][msdc]msdc1 -> XXX CMD<55><0x0> Error<-110> Resp<0x0> <- msdc_dump_trans_error() : L<3827> PID<kworker/6:1><0x31>
[    6.437717]  (6)[49:kworker/6:1][msdc][msdc_command_resp_polling]: msdc1 CMD<55> MSDC_INT_CMDTMO Arg<0x00000000>
[    6.437777]  (6)[49:kworker/6:1][msdc]msdc1 -> XXX CMD<55><0x0> Error<-110> Resp<0x0> <- msdc_dump_trans_error() : L<3827> PID<kworker/6:1><0x31>
[    6.438204]  (6)[49:kworker/6:1][msdc][msdc_command_resp_polling]: msdc1 CMD<55> MSDC_INT_CMDTMO Arg<0x00000000>
[    6.438265]  (6)[49:kworker/6:1][msdc]msdc1 -> XXX CMD<55><0x0> Error<-110> Resp<0x0> <- msdc_dump_trans_error() : L<3827> PID<kworker/6:1><0x31>
[    6.438692]  (6)[49:kworker/6:1][msdc][msdc_command_resp_polling]: msdc1 CMD<55> MSDC_INT_CMDTMO Arg<0x00000000>
[    6.438752]  (6)[49:kworker/6:1][msdc]msdc1 -> XXX CMD<55><0x0> Error<-110> Resp<0x0> <- msdc_dump_trans_error() : L<3827> PID<kworker/6:1><0x31>
[    6.439179]  (6)[49:kworker/6:1][msdc][msdc_command_resp_polling]: msdc1 CMD<55> MSDC_INT_CMDTMO Arg<0x00000000>
[    6.439240]  (6)[49:kworker/6:1][msdc]msdc1 -> XXX CMD<55><0x0> Error<-110> Resp<0x0> <- msdc_dump_trans_error() : L<3827> PID<kworker/6:1><0x31>
[    6.439667]  (6)[49:kworker/6:1][msdc][msdc_command_resp_polling]: msdc1 CMD<55> MSDC_INT_CMDTMO Arg<0x00000000>
[    6.439748]  (6)[49:kworker/6:1][msdc]msdc1 -> XXX CMD<55><0x0> Error<-110> Resp<0x0> <- msdc_dump_trans_error() : L<3827> PID<kworker/6:1><0x31>
[    6.440177]  (6)[49:kworker/6:1][msdc][msdc_command_resp_polling]: msdc1 CMD<55> MSDC_INT_CMDTMO Arg<0x00000000>
[    6.440237]  (6)[49:kworker/6:1][msdc]msdc1 -> XXX CMD<55><0x0> Error<-110> Resp<0x0> <- msdc_dump_trans_error() : L<3827> PID<kworker/6:1><0x31>
[    6.440664]  (6)[49:kworker/6:1][msdc][msdc_command_resp_polling]: msdc1 CMD<55> MSDC_INT_CMDTMO Arg<0x00000000>
[    6.440725]  (6)[49:kworker/6:1][msdc]msdc1 -> XXX CMD<55><0x0> Error<-110> Resp<0x0> <- msdc_dump_trans_error() : L<3827> PID<kworker/6:1><0x31>
[    6.441152]  (6)[49:kworker/6:1][msdc][msdc_command_resp_polling]: msdc1 CMD<55> MSDC_INT_CMDTMO Arg<0x00000000>
[    6.441212]  (6)[49:kworker/6:1][msdc]msdc1 -> XXX CMD<55><0x0> Error<-110> Resp<0x0> <- msdc_dump_trans_error() : L<3827> PID<kworker/6:1><0x31>
[    6.441639]  (6)[49:kworker/6:1][msdc][msdc_command_resp_polling]: msdc1 CMD<55> MSDC_INT_CMDTMO Arg<0x00000000>
[    6.441700]  (6)[49:kworker/6:1][msdc]msdc1 -> XXX CMD<55><0x0> Error<-110> Resp<0x0> <- msdc_dump_trans_error() : L<3827> PID<kworker/6:1><0x31>
[    6.442127]  (6)[49:kworker/6:1][msdc][msdc_command_resp_polling]: msdc1 CMD<55> MSDC_INT_CMDTMO Arg<0x00000000>
[    6.442187]  (6)[49:kworker/6:1][msdc]msdc1 -> XXX CMD<55><0x0> Error<-110> Resp<0x0> <- msdc_dump_trans_error() : L<3827> PID<kworker/6:1><0x31>
[    6.442614]  (6)[49:kworker/6:1][msdc][msdc_command_resp_polling]: msdc1 CMD<55> MSDC_INT_CMDTMO Arg<0x00000000>
[    6.442675]  (6)[49:kworker/6:1][msdc]msdc1 -> XXX CMD<55><0x0> Error<-110> Resp<0x0> <- msdc_dump_trans_error() : L<3827> PID<kworker/6:1><0x31>
[    6.443101]  (6)[49:kworker/6:1][msdc][msdc_command_resp_polling]: msdc1 CMD<55> MSDC_INT_CMDTMO Arg<0x00000000>
[    6.443162]  (6)[49:kworker/6:1][msdc]msdc1 -> XXX CMD<55><0x0> Error<-110> Resp<0x0> <- msdc_dump_trans_error() : L<3827> PID<kworker/6:1><0x31>
[    6.443589]  (6)[49:kworker/6:1][msdc][msdc_command_resp_polling]: msdc1 CMD<55> MSDC_INT_CMDTMO Arg<0x00000000>
[    6.443650]  (6)[49:kworker/6:1][msdc]msdc1 -> XXX CMD<55><0x0> Error<-110> Resp<0x0> <- msdc_dump_trans_error() : L<3827> PID<kworker/6:1><0x31>
[    6.444077]  (6)[49:kworker/6:1][msdc][msdc_command_resp_polling]: msdc1 CMD<55> MSDC_INT_CMDTMO Arg<0x00000000>
[    6.444137]  (6)[49:kworker/6:1][msdc]msdc1 -> XXX CMD<55><0x0> Error<-110> Resp<0x0> <- msdc_dump_trans_error() : L<3827> PID<kworker/6:1><0x31>
[    6.444567]  (6)[49:kworker/6:1][msdc][msdc_command_resp_polling]: msdc1 CMD<1> MSDC_INT_CMDTMO Arg<0x00000000>
[    6.444625]  (6)[49:kworker/6:1][msdc]msdc1 -> XXX CMD<1><0x0> Error<-110> Resp<0x0> <- msdc_dump_trans_error() : L<3827> PID<kworker/6:1><0x31>
[    6.445052]  (6)[49:kworker/6:1][msdc][msdc_command_resp_polling]: msdc1 CMD<1> MSDC_INT_CMDTMO Arg<0x00000000>
[    6.445112]  (6)[49:kworker/6:1][msdc]msdc1 -> XXX CMD<1><0x0> Error<-110> Resp<0x0> <- msdc_dump_trans_error() : L<3827> PID<kworker/6:1><0x31>
[    6.445539]  (6)[49:kworker/6:1][msdc][msdc_command_resp_polling]: msdc1 CMD<1> MSDC_INT_CMDTMO Arg<0x00000000>
[    6.445600]  (6)[49:kworker/6:1][msdc]msdc1 -> XXX CMD<1><0x0> Error<-110> Resp<0x0> <- msdc_dump_trans_error() : L<3827> PID<kworker/6:1><0x31>
[    6.446027]  (6)[49:kworker/6:1][msdc][msdc_command_resp_polling]: msdc1 CMD<1> MSDC_INT_CMDTMO Arg<0x00000000>
[    6.446087]  (6)[49:kworker/6:1][msdc]msdc1 -> XXX CMD<1><0x0> Error<-110> Resp<0x0> <- msdc_dump_trans_error() : L<3827> PID<kworker/6:1><0x31>
[    6.446127]  (6)[49:kworker/6:1][msdc]msdc power off
[    6.446501]  (6)[49:kworker/6:1][msdc]msdc power off
[    6.446681]  (6)[49:kworker/6:1][msdc]msdc1 power off
[    6.458893]  (6)[49:kworker/6:1]VMCH: voltage operation not allowed
[    6.458989]  (6)[49:kworker/6:1]mt6360_ldo_enable: sdcard_det_en=1, sdcard_hlact=0
[    6.459627]  (6)[49:kworker/6:1]mt6360_ldo_enable: sdcard_det_en=1, sdcard_hlact=0
[    6.459822]  (6)[49:kworker/6:1][msdc]msdc1 power on
[    6.491963]  (6)[49:kworker/6:1][msdc]msdc1 -> !!! Set<260KHz> Source<191999KHz> -> sclk<259KHz> timing<0> mode<0> div<185> hs400_div_dis<0>
[    6.493280]  (6)[49:kworker/6:1][msdc]msdc1 -> !!! Set<300KHz> Source<191999KHz> -> sclk<299KHz> timing<0> mode<0> div<160> hs400_div_dis<0>
[    6.525924]  (6)[49:kworker/6:1][msdc][msdc_command_resp_polling]: msdc1 CMD<8> MSDC_INT_CMDTMO Arg<0x000001aa>
[    6.526010]  (6)[49:kworker/6:1][msdc]msdc1 -> XXX CMD<8><0x1aa> Error<-110> Resp<0x0> <- msdc_dump_trans_error() : L<3827> PID<kworker/6:1><0x31>
[    6.526579]  (6)[49:kworker/6:1][msdc][msdc_command_resp_polling]: msdc1 CMD<8> MSDC_INT_CMDTMO Arg<0x000001aa>
[    6.526660]  (6)[49:kworker/6:1][msdc]msdc1 -> XXX CMD<8><0x1aa> Error<-110> Resp<0x0> <- msdc_dump_trans_error() : L<3827> PID<kworker/6:1><0x31>
[    6.527229]  (6)[49:kworker/6:1][msdc][msdc_command_resp_polling]: msdc1 CMD<8> MSDC_INT_CMDTMO Arg<0x000001aa>
[    6.527309]  (6)[49:kworker/6:1][msdc]msdc1 -> XXX CMD<8><0x1aa> Error<-110> Resp<0x0> <- msdc_dump_trans_error() : L<3827> PID<kworker/6:1><0x31>
[    6.527879]  (6)[49:kworker/6:1][msdc][msdc_command_resp_polling]: msdc1 CMD<8> MSDC_INT_CMDTMO Arg<0x000001aa>
[    6.527960]  (6)[49:kworker/6:1][msdc]msdc1 -> XXX CMD<8><0x1aa> Error<-110> Resp<0x0> <- msdc_dump_trans_error() : L<3827> PID<kworker/6:1><0x31>
[    6.528529]  (6)[49:kworker/6:1][msdc][msdc_command_resp_polling]: msdc1 CMD<55> MSDC_INT_CMDTMO Arg<0x00000000>
[    6.528610]  (6)[49:kworker/6:1][msdc]msdc1 -> XXX CMD<55><0x0> Error<-110> Resp<0x0> <- msdc_dump_trans_error() : L<3827> PID<kworker/6:1><0x31>
[    6.529179]  (6)[49:kworker/6:1][msdc][msdc_command_resp_polling]: msdc1 CMD<55> MSDC_INT_CMDTMO Arg<0x00000000>
[    6.529260]  (6)[49:kworker/6:1][msdc]msdc1 -> XXX CMD<55><0x0> Error<-110> Resp<0x0> <- msdc_dump_trans_error() : L<3827> PID<kworker/6:1><0x31>
[    6.529829]  (6)[49:kworker/6:1][msdc][msdc_command_resp_polling]: msdc1 CMD<55> MSDC_INT_CMDTMO Arg<0x00000000>
[    6.529910]  (6)[49:kworker/6:1][msdc]msdc1 -> XXX CMD<55><0x0> Error<-110> Resp<0x0> <- msdc_dump_trans_error() : L<3827> PID<kworker/6:1><0x31>
[    6.530479]  (6)[49:kworker/6:1][msdc][msdc_command_resp_polling]: msdc1 CMD<55> MSDC_INT_CMDTMO Arg<0x00000000>
[    6.530560]  (6)[49:kworker/6:1][msdc]msdc1 -> XXX CMD<55><0x0> Error<-110> Resp<0x0> <- msdc_dump_trans_error() : L<3827> PID<kworker/6:1><0x31>
[    6.531129]  (6)[49:kworker/6:1][msdc][msdc_command_resp_polling]: msdc1 CMD<55> MSDC_INT_CMDTMO Arg<0x00000000>
[    6.531210]  (6)[49:kworker/6:1][msdc]msdc1 -> XXX CMD<55><0x0> Error<-110> Resp<0x0> <- msdc_dump_trans_error() : L<3827> PID<kworker/6:1><0x31>
[    6.531780]  (6)[49:kworker/6:1][msdc][msdc_command_resp_polling]: msdc1 CMD<55> MSDC_INT_CMDTMO Arg<0x00000000>
[    6.531860]  (6)[49:kworker/6:1][msdc]msdc1 -> XXX CMD<55><0x0> Error<-110> Resp<0x0> <- msdc_dump_trans_error() : L<3827> PID<kworker/6:1><0x31>
[    6.532429]  (6)[49:kworker/6:1][msdc][msdc_command_resp_polling]: msdc1 CMD<55> MSDC_INT_CMDTMO Arg<0x00000000>
[    6.532510]  (6)[49:kworker/6:1][msdc]msdc1 -> XXX CMD<55><0x0> Error<-110> Resp<0x0> <- msdc_dump_trans_error() : L<3827> PID<kworker/6:1><0x31>
[    6.533079]  (6)[49:kworker/6:1][msdc][msdc_command_resp_polling]: msdc1 CMD<55> MSDC_INT_CMDTMO Arg<0x00000000>
[    6.533160]  (6)[49:kworker/6:1][msdc]msdc1 -> XXX CMD<55><0x0> Error<-110> Resp<0x0> <- msdc_dump_trans_error() : L<3827> PID<kworker/6:1><0x31>
[    6.533729]  (6)[49:kworker/6:1][msdc][msdc_command_resp_polling]: msdc1 CMD<55> MSDC_INT_CMDTMO Arg<0x00000000>
[    6.533810]  (6)[49:kworker/6:1][msdc]msdc1 -> XXX CMD<55><0x0> Error<-110> Resp<0x0> <- msdc_dump_trans_error() : L<3827> PID<kworker/6:1><0x31>
[    6.534379]  (6)[49:kworker/6:1][msdc][msdc_command_resp_polling]: msdc1 CMD<55> MSDC_INT_CMDTMO Arg<0x00000000>
[    6.534460]  (6)[49:kworker/6:1][msdc]msdc1 -> XXX CMD<55><0x0> Error<-110> Resp<0x0> <- msdc_dump_trans_error() : L<3827> PID<kworker/6:1><0x31>
[    6.535029]  (6)[49:kworker/6:1][msdc][msdc_command_resp_polling]: msdc1 CMD<55> MSDC_INT_CMDTMO Arg<0x00000000>
[    6.535110]  (6)[49:kworker/6:1][msdc]msdc1 -> XXX CMD<55><0x0> Error<-110> Resp<0x0> <- msdc_dump_trans_error() : L<3827> PID<kworker/6:1><0x31>
[    6.535679]  (6)[49:kworker/6:1][msdc][msdc_command_resp_polling]: msdc1 CMD<55> MSDC_INT_CMDTMO Arg<0x00000000>
[    6.535760]  (6)[49:kworker/6:1][msdc]msdc1 -> XXX CMD<55><0x0> Error<-110> Resp<0x0> <- msdc_dump_trans_error() : L<3827> PID<kworker/6:1><0x31>
[    6.536332]  (6)[49:kworker/6:1][msdc][msdc_command_resp_polling]: msdc1 CMD<55> MSDC_INT_CMDTMO Arg<0x00000000>
[    6.536410]  (6)[49:kworker/6:1][msdc]msdc1 -> XXX CMD<55><0x0> Error<-110> Resp<0x0> <- msdc_dump_trans_error() : L<3827> PID<kworker/6:1><0x31>
[    6.536979]  (6)[49:kworker/6:1][msdc][msdc_command_resp_polling]: msdc1 CMD<55> MSDC_INT_CMDTMO Arg<0x00000000>
[    6.537050]  (6)[49:kworker/6:1][msdc]msdc1 -> XXX CMD<55><0x0> Error<-110> Resp<0x0> <- msdc_dump_trans_error() : L<3827> PID<kworker/6:1><0x31>
[    6.537619]  (6)[49:kworker/6:1][msdc][msdc_command_resp_polling]: msdc1 CMD<55> MSDC_INT_CMDTMO Arg<0x00000000>
[    6.537700]  (6)[49:kworker/6:1][msdc]msdc1 -> XXX CMD<55><0x0> Error<-110> Resp<0x0> <- msdc_dump_trans_error() : L<3827> PID<kworker/6:1><0x31>
[    6.538269]  (6)[49:kworker/6:1][msdc][msdc_command_resp_polling]: msdc1 CMD<55> MSDC_INT_CMDTMO Arg<0x00000000>
[    6.538350]  (6)[49:kworker/6:1][msdc]msdc1 -> XXX CMD<55><0x0> Error<-110> Resp<0x0> <- msdc_dump_trans_error() : L<3827> PID<kworker/6:1><0x31>
[    6.538919]  (6)[49:kworker/6:1][msdc][msdc_command_resp_polling]: msdc1 CMD<1> MSDC_INT_CMDTMO Arg<0x00000000>
[    6.539000]  (6)[49:kworker/6:1][msdc]msdc1 -> XXX CMD<1><0x0> Error<-110> Resp<0x0> <- msdc_dump_trans_error() : L<3827> PID<kworker/6:1><0x31>
[    6.539569]  (6)[49:kworker/6:1][msdc][msdc_command_resp_polling]: msdc1 CMD<1> MSDC_INT_CMDTMO Arg<0x00000000>
[    6.539649]  (6)[49:kworker/6:1][msdc]msdc1 -> XXX CMD<1><0x0> Error<-110> Resp<0x0> <- msdc_dump_trans_error() : L<3827> PID<kworker/6:1><0x31>
[    6.540219]  (6)[49:kworker/6:1][msdc][msdc_command_resp_polling]: msdc1 CMD<1> MSDC_INT_CMDTMO Arg<0x00000000>
[    6.540300]  (6)[49:kworker/6:1][msdc]msdc1 -> XXX CMD<1><0x0> Error<-110> Resp<0x0> <- msdc_dump_trans_error() : L<3827> PID<kworker/6:1><0x31>
[    6.540869]  (6)[49:kworker/6:1][msdc][msdc_command_resp_polling]: msdc1 CMD<1> MSDC_INT_CMDTMO Arg<0x00000000>
[    6.540950]  (6)[49:kworker/6:1][msdc]msdc1 -> XXX CMD<1><0x0> Error<-110> Resp<0x0> <- msdc_dump_trans_error() : L<3827> PID<kworker/6:1><0x31>
[    6.540990]  (6)[49:kworker/6:1][msdc]msdc power off
[    6.541363]  (6)[49:kworker/6:1][msdc]msdc power off
[    6.541542]  (6)[49:kworker/6:1][msdc]msdc1 power off
[    6.553801]  (6)[49:kworker/6:1]VMCH: voltage operation not allowed
[    6.553898]  (6)[49:kworker/6:1]mt6360_ldo_enable: sdcard_det_en=1, sdcard_hlact=0
[    6.554523]  (6)[49:kworker/6:1]mt6360_ldo_enable: sdcard_det_en=1, sdcard_hlact=0
[    6.554701]  (6)[49:kworker/6:1][msdc]msdc1 power on
[    6.588023]  (6)[49:kworker/6:1][msdc]msdc1 -> !!! Set<260KHz> Source<191999KHz> -> sclk<259KHz> timing<0> mode<0> div<185> hs400_div_dis<0>
[    6.589444]  (6)[49:kworker/6:1][msdc]msdc1 -> !!! Set<260KHz> Source<191999KHz> -> sclk<259KHz> timing<0> mode<0> div<185> hs400_div_dis<0>
[    6.622100]  (6)[49:kworker/6:1][msdc][msdc_command_resp_polling]: msdc1 CMD<8> MSDC_INT_CMDTMO Arg<0x000001aa>
[    6.622189]  (6)[49:kworker/6:1][msdc]msdc1 -> XXX CMD<8><0x1aa> Error<-110> Resp<0x0> <- msdc_dump_trans_error() : L<3827> PID<kworker/6:1><0x31>
[    6.622847]  (6)[49:kworker/6:1][msdc][msdc_command_resp_polling]: msdc1 CMD<8> MSDC_INT_CMDTMO Arg<0x000001aa>
[    6.622940]  (6)[49:kworker/6:1][msdc]msdc1 -> XXX CMD<8><0x1aa> Error<-110> Resp<0x0> <- msdc_dump_trans_error() : L<3827> PID<kworker/6:1><0x31>
[    6.623599]  (6)[49:kworker/6:1][msdc][msdc_command_resp_polling]: msdc1 CMD<8> MSDC_INT_CMDTMO Arg<0x000001aa>
[    6.623692]  (6)[49:kworker/6:1][msdc]msdc1 -> XXX CMD<8><0x1aa> Error<-110> Resp<0x0> <- msdc_dump_trans_error() : L<3827> PID<kworker/6:1><0x31>
[    6.623730]  (3)[0:swapper/3][mtk_net][rtnl_lock]There is no process hold rtnl lock
[    6.623733]  (5)[0:swapper/5][name:spm&][SPM] MCUSYSOFF Didn't enter low power scenario
[    6.624351]  (6)[49:kworker/6:1][msdc][msdc_command_resp_polling]: msdc1 CMD<8> MSDC_INT_CMDTMO Arg<0x000001aa>
[    6.624443]  (6)[49:kworker/6:1][msdc]msdc1 -> XXX CMD<8><0x1aa> Error<-110> Resp<0x0> <- msdc_dump_trans_error() : L<3827> PID<kworker/6:1><0x31>
[    6.625102]  (6)[49:kworker/6:1][msdc][msdc_command_resp_polling]: msdc1 CMD<55> MSDC_INT_CMDTMO Arg<0x00000000>
[    6.625195]  (6)[49:kworker/6:1][msdc]msdc1 -> XXX CMD<55><0x0> Error<-110> Resp<0x0> <- msdc_dump_trans_error() : L<3827> PID<kworker/6:1><0x31>
[    6.625853]  (6)[49:kworker/6:1][msdc][msdc_command_resp_polling]: msdc1 CMD<55> MSDC_INT_CMDTMO Arg<0x00000000>
[    6.625947]  (6)[49:kworker/6:1][msdc]msdc1 -> XXX CMD<55><0x0> Error<-110> Resp<0x0> <- msdc_dump_trans_error() : L<3827> PID<kworker/6:1><0x31>
[    6.626605]  (6)[49:kworker/6:1][msdc][msdc_command_resp_polling]: msdc1 CMD<55> MSDC_INT_CMDTMO Arg<0x00000000>
[    6.626698]  (6)[49:kworker/6:1][msdc]msdc1 -> XXX CMD<55><0x0> Error<-110> Resp<0x0> <- msdc_dump_trans_error() : L<3827> PID<kworker/6:1><0x31>
[    6.627357]  (6)[49:kworker/6:1][msdc][msdc_command_resp_polling]: msdc1 CMD<55> MSDC_INT_CMDTMO Arg<0x00000000>
[    6.627450]  (6)[49:kworker/6:1][msdc]msdc1 -> XXX CMD<55><0x0> Error<-110> Resp<0x0> <- msdc_dump_trans_error() : L<3827> PID<kworker/6:1><0x31>
[    6.628108]  (6)[49:kworker/6:1][msdc][msdc_command_resp_polling]: msdc1 CMD<55> MSDC_INT_CMDTMO Arg<0x00000000>
[    6.628201]  (6)[49:kworker/6:1][msdc]msdc1 -> XXX CMD<55><0x0> Error<-110> Resp<0x0> <- msdc_dump_trans_error() : L<3827> PID<kworker/6:1><0x31>
[    6.628860]  (6)[49:kworker/6:1][msdc][msdc_command_resp_polling]: msdc1 CMD<55> MSDC_INT_CMDTMO Arg<0x00000000>
[    6.628953]  (6)[49:kworker/6:1][msdc]msdc1 -> XXX CMD<55><0x0> Error<-110> Resp<0x0> <- msdc_dump_trans_error() : L<3827> PID<kworker/6:1><0x31>
[    6.629611]  (6)[49:kworker/6:1][msdc][msdc_command_resp_polling]: msdc1 CMD<55> MSDC_INT_CMDTMO Arg<0x00000000>
[    6.629704]  (6)[49:kworker/6:1][msdc]msdc1 -> XXX CMD<55><0x0> Error<-110> Resp<0x0> <- msdc_dump_trans_error() : L<3827> PID<kworker/6:1><0x31>
[    6.630363]  (6)[49:kworker/6:1][msdc][msdc_command_resp_polling]: msdc1 CMD<55> MSDC_INT_CMDTMO Arg<0x00000000>
[    6.630456]  (6)[49:kworker/6:1][msdc]msdc1 -> XXX CMD<55><0x0> Error<-110> Resp<0x0> <- msdc_dump_trans_error() : L<3827> PID<kworker/6:1><0x31>
[    6.631115]  (6)[49:kworker/6:1][msdc][msdc_command_resp_polling]: msdc1 CMD<55> MSDC_INT_CMDTMO Arg<0x00000000>
[    6.631207]  (6)[49:kworker/6:1][msdc]msdc1 -> XXX CMD<55><0x0> Error<-110> Resp<0x0> <- msdc_dump_trans_error() : L<3827> PID<kworker/6:1><0x31>
[    6.631866]  (6)[49:kworker/6:1][msdc][msdc_command_resp_polling]: msdc1 CMD<55> MSDC_INT_CMDTMO Arg<0x00000000>
[    6.631959]  (6)[49:kworker/6:1][msdc]msdc1 -> XXX CMD<55><0x0> Error<-110> Resp<0x0> <- msdc_dump_trans_error() : L<3827> PID<kworker/6:1><0x31>
[    6.632618]  (6)[49:kworker/6:1][msdc][msdc_command_resp_polling]: msdc1 CMD<55> MSDC_INT_CMDTMO Arg<0x00000000>
[    6.632711]  (6)[49:kworker/6:1][msdc]msdc1 -> XXX CMD<55><0x0> Error<-110> Resp<0x0> <- msdc_dump_trans_error() : L<3827> PID<kworker/6:1><0x31>
[    6.633369]  (6)[49:kworker/6:1][msdc][msdc_command_resp_polling]: msdc1 CMD<55> MSDC_INT_CMDTMO Arg<0x00000000>
[    6.633462]  (6)[49:kworker/6:1][msdc]msdc1 -> XXX CMD<55><0x0> Error<-110> Resp<0x0> <- msdc_dump_trans_error() : L<3827> PID<kworker/6:1><0x31>
[    6.634121]  (6)[49:kworker/6:1][msdc][msdc_command_resp_polling]: msdc1 CMD<55> MSDC_INT_CMDTMO Arg<0x00000000>
[    6.634214]  (6)[49:kworker/6:1][msdc]msdc1 -> XXX CMD<55><0x0> Error<-110> Resp<0x0> <- msdc_dump_trans_error() : L<3827> PID<kworker/6:1><0x31>
[    6.634872]  (6)[49:kworker/6:1][msdc][msdc_command_resp_polling]: msdc1 CMD<55> MSDC_INT_CMDTMO Arg<0x00000000>
[    6.634965]  (6)[49:kworker/6:1][msdc]msdc1 -> XXX CMD<55><0x0> Error<-110> Resp<0x0> <- msdc_dump_trans_error() : L<3827> PID<kworker/6:1><0x31>
[    6.635624]  (6)[49:kworker/6:1][msdc][msdc_command_resp_polling]: msdc1 CMD<55> MSDC_INT_CMDTMO Arg<0x00000000>
[    6.635717]  (6)[49:kworker/6:1][msdc]msdc1 -> XXX CMD<55><0x0> Error<-110> Resp<0x0> <- msdc_dump_trans_error() : L<3827> PID<kworker/6:1><0x31>
[    6.636376]  (6)[49:kworker/6:1][msdc][msdc_command_resp_polling]: msdc1 CMD<55> MSDC_INT_CMDTMO Arg<0x00000000>
[    6.636468]  (6)[49:kworker/6:1][msdc]msdc1 -> XXX CMD<55><0x0> Error<-110> Resp<0x0> <- msdc_dump_trans_error() : L<3827> PID<kworker/6:1><0x31>
[    6.637127]  (6)[49:kworker/6:1][msdc][msdc_command_resp_polling]: msdc1 CMD<1> MSDC_INT_CMDTMO Arg<0x00000000>
[    6.637220]  (6)[49:kworker/6:1][msdc]msdc1 -> XXX CMD<1><0x0> Error<-110> Resp<0x0> <- msdc_dump_trans_error() : L<3827> PID<kworker/6:1><0x31>
[    6.637879]  (6)[49:kworker/6:1][msdc][msdc_command_resp_polling]: msdc1 CMD<1> MSDC_INT_CMDTMO Arg<0x00000000>
[    6.637972]  (6)[49:kworker/6:1][msdc]msdc1 -> XXX CMD<1><0x0> Error<-110> Resp<0x0> <- msdc_dump_trans_error() : L<3827> PID<kworker/6:1><0x31>
[    6.638630]  (6)[49:kworker/6:1][msdc][msdc_command_resp_polling]: msdc1 CMD<1> MSDC_INT_CMDTMO Arg<0x00000000>
[    6.638723]  (6)[49:kworker/6:1][msdc]msdc1 -> XXX CMD<1><0x0> Error<-110> Resp<0x0> <- msdc_dump_trans_error() : L<3827> PID<kworker/6:1><0x31>
[    6.639382]  (6)[49:kworker/6:1][msdc][msdc_command_resp_polling]: msdc1 CMD<1> MSDC_INT_CMDTMO Arg<0x00000000>
[    6.639475]  (6)[49:kworker/6:1][msdc]msdc1 -> XXX CMD<1><0x0> Error<-110> Resp<0x0> <- msdc_dump_trans_error() : L<3827> PID<kworker/6:1><0x31>
[    6.639514]  (6)[49:kworker/6:1][msdc]msdc power off
[    6.639879]  (6)[49:kworker/6:1][msdc]msdc power off
[    6.640060]  (6)[49:kworker/6:1][msdc]msdc1 power off
[    6.640063]  (6)[49:kworker/6:1][msdc][msdc_set_power_mode]: msdc1 power off at clk 260000hz set block_bad_card = 1
[    7.039734]  (6)[292:mddp_rx]port ccci_0_200 read data fail when md_state = 0
[    7.647736]  (6)[49:kworker/6:1][ccci1/sys]swtp_send_tx_power to MD1,state=0,ret=-304
[    8.063738]  (6)[292:mddp_rx]port ccci_0_200 read data fail when md_state = 0
[    9.087733]  (6)[292:mddp_rx]port ccci_0_200 read data fail when md_state = 0
[    9.663744]  (6)[49:kworker/6:1][ccci1/sys]swtp_send_tx_power to MD1,state=0,ret=-304
[    9.695744]  (7)[333:kworker/7:2]usb_state<DISCONNECTED>
[    9.951726]  (6)[0:swapper/6][mtk_net][rtnl_lock]There is no process hold rtnl lock
[   10.111733]  (6)[292:mddp_rx]port ccci_0_200 read data fail when md_state = 0
[   10.976502] -(6)[112:kworker/u16:1]mt635x_auxadc_read_raw: 159 callbacks suppressed
[   10.976507]  (6)[112:kworker/u16:1]mt635x-auxadc mt635x-auxadc: name:VBIF, channel=11, adc_out=0x9fe, adc_result=2810
[   10.976748]  (6)[112:kworker/u16:1][CH3_DBG] bat_cur = -4150
[   10.977916]  (6)[112:kworker/u16:1]mt635x-auxadc mt635x-auxadc: name:BAT_TEMP, channel=3, adc_out=0x352, adc_result=933
[   10.978153]  (6)[112:kworker/u16:1]mtk_bif_is_hw_exist: do not have bif driver
[   10.978241]  (6)[112:kworker/u16:1][force_get_tbat] tbat_precise bat_temperature_val:31
[   11.135734]  (6)[292:mddp_rx]port ccci_0_200 read data fail when md_state = 0
[   11.241608]  (6)[324:battery_thread][fg_bat_nafg][fgauge_get_nag_dltv_thr] nag_c_dltv_thr [0]
[   11.241621]  (6)[324:battery_thread][fg_bat_nafg][fgauge_get_nag_dltv_thr_reg] nag_c_dltv_thr_reg[0] 26_16[0x0] 15_00[0x0]
[   11.485683]  (6)[324:battery_thread]mt635x-auxadc mt635x-auxadc: name:BATADC, channel=0, adc_out=0x4aad, adc_result=3675
[   11.485768]  (6)[367:cmdq_sec_late_i][fg_nafg_thr_monitor] nafg threshold value error[0], reset nafg
[   11.487754]  (6)[367:cmdq_sec_late_i][cmdq] g_cmdq_cnt:1 g_cmdq:0 pa:0x0000000010228000
[   11.487801]  (6)[367:cmdq_sec_late_i][cmdq] cmdq_sec_mtee_setup_context a0:0xbc00000b cmdq_mtee:0
[   11.487804]  (6)[367:cmdq_sec_late_i][cmdq] cmdq_sec_mtee_open_session cmdq_mtee:0 not support
[   11.487806]  (6)[367:cmdq_sec_late_i][cmdq] cmdq_sec_mtee_allocate_wsm cmdq_mtee:0 not support
[   11.683738]  (6)[49:kworker/6:1][ccci1/sys]swtp_send_tx_power to MD1,state=0,ret=-304
[   11.723731]  (6)[324:battery_thread]nafg_check_corner:corner:0 nag_vbat:0 nag_zcv:0 get_c_dltv_mv:0 setto_cdltv_thr_mv:0, diff:0, RG[0x0,0x0]
[   11.743735]  (5)[0:swapper/5][name:spm&][SPM] MCUSYSOFF Didn't enter low power scenario
[   11.743821]  (2)[164:kworker/2:1]tcpc_event_init_work typec attach new = 0
[   11.743864]  (6)[106:pd_dbg_info]///PD dbg info 177d
[   11.743868]  (6)[106:pd_dbg_info]<   11.743>line-877: mt6360_enable_usbid_polling sbu_polling_en=0, en=1 
[   11.743868] <   11.743>line-882: mt6360_enable_usbid_polling water_
[   11.743869]  (6)[106:pd_dbg_info]detect_switch_status is false, set polling false
[   11.975755]  (6)[324:battery_thread]GM3log-nafg 11 11 0 0 0 0 0 0
[   12.000012]  (2)[382:kworker/2:2]last full = 0, full = 0
[   12.002209]  (2)[382:kworker/2:2]mt635x-auxadc mt635x-auxadc: name:BATADC, channel=0, adc_out=0x4abe, adc_result=3678
[   12.004202]  (2)[382:kworker/2:2]mt635x-auxadc mt635x-auxadc: name:BATADC, channel=0, adc_out=0x4abc, adc_result=3678
[   12.006165]  (2)[382:kworker/2:2]mt635x-auxadc mt635x-auxadc: name:BATADC, channel=0, adc_out=0x4ac3, adc_result=3679
[   12.163734]  (6)[292:mddp_rx]port ccci_0_200 read data fail when md_state = 0
[   12.225691]  (6)[324:battery_thread]mt635x-auxadc mt635x-auxadc: name:BATADC, channel=0, adc_out=0x4ab2, adc_result=3676
[   12.225696]  (6)[324:battery_thread][read_nafg_vbat] i:6 nag_vbat_reg 0x0 nag_vbat_mv 0:0 3676, nag_zcv:0,_zcv_reg:0x0,thr:0,_thr_reg:0x0
[   12.225736]  (6)[324:battery_thread][read_nafg_vbat1] 0 0 2 0 0 0 0 0 0 0
[   12.225778]  (6)[324:battery_thread][read_nafg_vbat2] 1 0 1 0 0 0 0 0 0 0
[   12.225782]  (6)[324:battery_thread][fg_nafg_int_handler][fg_bat_nafg] [0:0:0]
[   12.226627]  (6)[324:battery_thread]mt635x-auxadc mt635x-auxadc: name:VBIF, channel=11, adc_out=0x9fd, adc_result=2809
[   12.226901]  (6)[324:battery_thread][CH3_DBG] bat_cur = -3970
[   12.228427]  (6)[324:battery_thread][force_get_tbat] tbat_precise bat_temperature_val:31
[   12.228430]  (6)[324:battery_thread][fg_bat_temp_int_sw_check] tmp 31 lt 65535 ht 65535
[   12.229468]  (6)[324:battery_thread][CH3_DBG] bat_cur = -4183
[   12.230888]  (6)[324:battery_thread][force_get_tbat] tbat_precise bat_temperature_val:31
[   12.231816]  (6)[324:battery_thread]zcvf, no update time:0 96 avgc:0 avgc_thread
[   12.232948]  (6)[324:battery_thread][fg_bat_temp_int_internal][FG_TEMP_INT] T[31] V[65535 65535] C[65535 65535] h[11454 10995]
[   12.233218]  (6)[324:battery_thread]zcvf, no update time:0 96 avgc:0 avgc_thread
[   12.233592]  (6)[324:battery_thread][fgauge_read_boot_battery_plug_out_status] rtc_invalid 0 plugout 0 bat_plug_out_time 0 sp3:0x91 pl:0 0
[   12.257128]  (2)[382:kworker/2:2][OPLUS_CHG][oplus_chg_get_battery_data][Battery]oplus_chg_get_battery_data,				chip->soc[-1],retry_counts[2]
[   12.258143]  (2)[382:kworker/2:2][OPLUS_CHG][oplus_chg_print_log]CHGR[ 0 / 0 / 0 / 3 / 0 ], BAT[ 1 / 0 / 0 / 0 / 1 / 0 ], GAUGE[ 312 / 312 / 3668 / 3669 / 397 / -1 / 50 / 50 / 0 / 0 / 0 / 0 / 0 / 0 / 0 / 0 / 0 / 0 / 0 / 0 / 0 / 0 / 0 /], STATUS[ 0x0 / 0 / 0 / 0 / 0 / 0x0 ], OTHER[ 0 / 1 / 7 / 0 / 0/ 0 / -2740 ], VOOCPHY[ 0 / 0 / 0 / 0 / 0 / 0x0 / 0 ]
[   12.335451]  (6)[324:battery_thread][CH3_DBG] bat_cur = -4171
[   12.336896]  (6)[324:battery_thread][force_get_tbat] tbat_precise bat_temperature_val:31
[   12.336900]  (6)[324:battery_thread]lbat 0 0 0 0
[   12.336904]  (6)[324:battery_thread]car[-1211,0,0,0,0, cycle_car:-1196,ncar:0] c:0 4580 vbat:3674 vbus:0 soc:-1 -1 gm3:0 0 0 0
[   12.337191]  (6)[324:battery_thread]tmp:31 65535 65535 hcar2:65535 lcar2:65535 time:12 sw_iavg:0 -4307 1 nafg_m:0 0 0
[   12.587753]  (6)[324:battery_thread]GM3log-nint-nafg 12 12 0 0 0 0 0 0
[   12.841698]  (6)[324:battery_thread][read_nafg_vbat] i:6 nag_vbat_reg 0x0 nag_vbat_mv 0:0 3654, nag_zcv:0,_zcv_reg:0x0,thr:0,_thr_reg:0x0
[   12.841743]  (6)[324:battery_thread][read_nafg_vbat1] 0 0 2 0 0 0 0 0 0 0
[   12.841785]  (6)[324:battery_thread][read_nafg_vbat2] 1 0 1 0 0 0 0 0 0 0
[   13.183734]  (6)[292:mddp_rx]port ccci_0_200 read data fail when md_state = 0
[   13.279726]  (6)[0:swapper/6][mtk_net][rtnl_lock]There is no process hold rtnl lock
[   14.207734]  (6)[292:mddp_rx]port ccci_0_200 read data fail when md_state = 0
[   14.815735]  (7)[333:kworker/7:2]usb_state<DISCONNECTED>
[   15.231734]  (6)[292:mddp_rx]port ccci_0_200 read data fail when md_state = 0
[   16.096496] -(6)[112:kworker/u16:1]mt635x_auxadc_read_raw: 8 callbacks suppressed
[   16.096500]  (6)[112:kworker/u16:1]mt635x-auxadc mt635x-auxadc: name:VBIF, channel=11, adc_out=0x9fc, adc_result=2808
[   16.096837]  (6)[112:kworker/u16:1][CH3_DBG] bat_cur = -5877
[   16.098003]  (6)[112:kworker/u16:1]mt635x-auxadc mt635x-auxadc: name:BAT_TEMP, channel=3, adc_out=0x353, adc_result=934
[   16.098367]  (6)[112:kworker/u16:1][force_get_tbat] tbat_precise bat_temperature_val:31
[   16.255733]  (6)[292:mddp_rx]port ccci_0_200 read data fail when md_state = 0
[   16.587750]  (5)[378:wdtk-5][wdk-c] cpu=5,lbit=0x20,cbit=0xff,7,1,1490376695,0,0,[16587743501,15000000]
[   16.587753]  (2)[375:wdtk-2][wdk-c] cpu=2,lbit=0x24,cbit=0xff,7,1,1490376695,0,0,[16587748731,14999995]
[   16.587759]  (4)[377:wdtk-4][wdk-c] cpu=4,lbit=0x34,cbit=0xff,7,1,1490376695,0,0,[16587752424,14999991]
[   16.587761]  (3)[376:wdtk-3][wdk-c] cpu=3,lbit=0x3c,cbit=0xff,7,1,1490376695,0,0,[16587755808,14999988]
[   16.587766]  (0)[373:wdtk-0][wdk-c] cpu=0,lbit=0x3d,cbit=0xff,7,1,1490376695,0,0,[16587759808,14999984]
[   16.587768]  (1)[374:wdtk-1][wdk-c] cpu=1,lbit=0x3f,cbit=0xff,7,1,1490376695,0,0,[16587763731,14999980]
[   16.587772]  (2)[375:wdtk-2][thread:375][RT:16587768424] 2026-09-12 00:36:33.699605 UTC;android time 2026-09-12 00:36:33.699605
[   16.587776]  (6)[379:wdtk-6][wdk-c] cpu=6,lbit=0x7f,cbit=0xff,7,1,1490376695,0,0,[16587773347,14999970]
[   16.587779]  (7)[380:wdtk-7][wdk-k] cpu=7,lbit=0xff,cbit=0xff,7,1,1490376695,0,0,[16587775731,14999968]
[   16.607755]  (6)[683:getprop][mtk_net][rtnl_lock]There is no process hold rtnl lock
[   16.867733]  (5)[0:swapper/5][name:spm&][SPM] MCUSYSOFF Didn't enter low power scenario
[   17.279937]  (7)[292:mddp_rx]port ccci_0_200 read data fail when md_state = 0
[   17.304760]  (6)[1:init]init: Control message: Processed ctl.stop for 'console' from pid: 846 (setprop ctl.stop console)
[   17.340164]  (7)[446:init]init: Unable to set property 'ro.product.first_api_level' from uid:0 gid:0 pid:853: Read-only property was already set
[   17.402983]  (7)[333:kworker/7:2][TP]touchpanel: tp_fw_update_work: fw_name = tp/21037/FW_NF_ILI9882N_INX.img
[   17.402994]  (7)[333:kworker/7:2][TP]touchpanel: fw_name_fae is tp/21037/FW_NF_ILI9882N_INX_FAE.img
[   17.403146]  (0)[567:logd.auditd]type=1400 audit(1789173394.508:5): avc:  denied  { associate } for  comm="rw-system.sh" name="tp_fw_update" scontext=u:object_r:proc_touchpanel_file:s0 tcontext=u:object_r:proc:s0 tclass=filesystem permissive=0
[   17.404191]  (7)[333:kworker/7:2]ilitek,ili7807s spi4.0: Direct firmware load for tp/21037/FW_NF_ILI9882N_INX_FAE.img failed with error -2
[   17.404195]  (7)[333:kworker/7:2]ilitek,ili7807s spi4.0: Falling back to user helper
[   17.405613]  (7)[870:ueventd]ueventd: firmware: loading 'tp/21037/FW_NF_ILI9882N_INX_FAE.img' for '/devices/platform/11018000.spi4/spi_master/spi4/spi4.0/firmware/tp!21037!FW_NF_ILI9882N_INX_FAE.img'
[   17.407309]  (7)[333:kworker/7:2][TP]touchpanel: retry times 0
[   17.407316]  (7)[333:kworker/7:2][TP]ILITEK: [INFO](ilitek_fw_update, 2821): ilitek_fw_update start
[   17.407387]  (7)[333:kworker/7:2][TP]ILITEK: [INFO](copy_fw_to_buffer, 2807): copy_fw_to_buffer fw->size=358761
[   17.407390]  (7)[333:kworker/7:2][TP]ILITEK: [INFO](ili_reset_ctrl, 2248): TP HW RST
[   17.407392]  (7)[333:kworker/7:2][TP]ILITEK: [INFO](ili_tp_reset, 2382): edge delay = 10
[   17.407922]  (6)[870:ueventd]ueventd: loading /devices/platform/11018000.spi4/spi_master/spi4/spi4.0/firmware/tp!21037!FW_NF_ILI9882N_INX_FAE.img took 2ms
[   17.423563]  (7)[333:kworker/7:2][TP]ILITEK: [INFO](ili_ic_get_info, 951): CHIP: PID = 988217
[   17.423568]  (7)[333:kworker/7:2][TP]ILITEK: [INFO](ilitek_tddi_ic_check_support, 88): ILITEK CHIP 98821700 found.
[   17.423720]  (7)[333:kworker/7:2][TP]ILITEK: [INFO](ilitek_tdd_fw_hex_open, 971): oplus fw update already request firmware
[   17.426825]  (7)[333:kworker/7:2][TP]ILITEK: [INFO](ilitek_fw_calc_file_crc, 573): Content of fw file is correct
[   17.426859]  (7)[333:kworker/7:2][TP]ILITEK: [INFO](ilitek_tddi_fw_update_block_info, 645): ==== Gesture loader info ====
[   17.426862]  (7)[333:kworker/7:2][TP]ILITEK: [INFO](ilitek_tddi_fw_update_block_info, 647): gesture move to ap addr => start = 0xffffffff, ap_end = 0xffffffff, ap_len = 0x0
[   17.426865]  (7)[333:kworker/7:2][TP]ILITEK: [INFO](ilitek_tddi_fw_update_block_info, 649): gesture hex addr => start = 0xffffffff, gesture_end = 0xffffffff, gesture_len = 0x0
[   17.426868]  (7)[333:kworker/7:2][TP]ILITEK: [INFO](ilitek_tddi_fw_update_block_info, 650): =============================
[   17.426871]  (7)[333:kworker/7:2][TP]ILITEK: [INFO](ilitek_tddi_fw_update_block_info, 672): Parsing hex info start addr = 0x13fb0
[   17.426873]  (7)[333:kworker/7:2][TP]ILITEK: [INFO](ilitek_tddi_fw_update_block_info, 678): Parsing hex mp ver addr = 0x1cfe0
[   17.426876]  (7)[333:kworker/7:2][TP]ILITEK: [INFO](ilitek_tddi_fw_update_block_info, 687): New FW Core version = 1040602
[   17.426878]  (7)[333:kworker/7:2][TP]ILITEK: [INFO](ilitek_tddi_fw_update_block_info, 698): report_info_block : nReportByPixel = 0, nIsHostDownload = 0, nIsSPIICE = 0, nIsSPISLAVE = 0
[   17.426881]  (7)[333:kworker/7:2][TP]ILITEK: [INFO](ilitek_tddi_fw_update_block_info, 702): report_info_block : nIsI2C = 0, nReserved00 = 0, nReserved01 = 0, nReserved02 = 0,  nReserved03 = 0
[   17.426884]  (7)[333:kworker/7:2][TP]ILITEK: [INFO](ilitek_tddi_fw_update_block_info, 704): New FW ver = 0x88200400
[   17.426887]  (7)[333:kworker/7:2][TP]ILITEK: [INFO](ilitek_tddi_fw_update_block_info, 706): star_addr = 0x000000, end_addr = 0x01F200, Block Num = 4
[   17.426890]  (7)[333:kworker/7:2][TP]ILITEK: [INFO](ili_reset_ctrl, 2248): TP HW RST
[   17.426893]  (7)[333:kworker/7:2][TP]ILITEK: [INFO](ili_tp_reset, 2382): edge delay = 10
[   17.540618]  (7)[333:kworker/7:2][TP]ILITEK: [INFO](ili_reset_ctrl, 2228): TP IC Code RST 
[   17.540665]  (7)[333:kworker/7:2][TP]ILITEK: [INFO](ili_fw_upgrade, 1081): Upgrade pass
[   17.590669]  (7)[333:kworker/7:2][TP]ILITEK: [ERR](ili_ic_get_fw_ver, 761): melo version AA278II
[   17.590673]  (7)[333:kworker/7:2][TP]ILITEK: [INFO](ili_ic_get_fw_ver, 779): manufacture_info.version: AA278II
[   17.590676]  (7)[333:kworker/7:2][TP]ILITEK: [INFO](ili_fw_upgrade_handler, 1933): FW upgrade pass
[   17.590679]  (7)[333:kworker/7:2][TP]ILITEK: [INFO](ilitek_fw_check, 2770): ilitek_fw_check: call
[   17.590681]  (7)[333:kworker/7:2][TP]ILITEK: [ERR](ili_ic_get_fw_ver, 761): melo version AA278II
[   17.590684]  (7)[333:kworker/7:2][TP]ILITEK: [INFO](ili_ic_get_fw_ver, 779): manufacture_info.version: AA278II
[   17.590686]  (7)[333:kworker/7:2][TP]ILITEK: [INFO](ilitek_fw_check, 2779): firmware_ver = 04
[   17.590736]  (7)[333:kworker/7:2][TP]touchpanel: release all touch point and key, clear tp touch down flag
[   17.593840]  (6)[624:rw-system.sh][TP]touchpanel: fw update finished
[   17.745618]  (0)[567:logd.auditd]type=1400 audit(1789173394.852:6): avc:  denied  { getattr } for  comm="mount" path="/persist" dev="dm-1" ino=46 scontext=u:r:phhsu_daemon:s0 tcontext=u:object_r:persist_file:s0 tclass=dir permissive=1
[   17.745748]  (0)[567:logd.auditd]type=1400 audit(1789173394.852:7): avc:  denied  { mounton } for  comm="mount" path="/persist" dev="dm-1" ino=46 scontext=u:r:phhsu_daemon:s0 tcontext=u:object_r:persist_file:s0 tclass=dir permissive=1
[   17.783739]  (6)[331:rpmb_open]Trustonic TEE: request_send: daemon not connected after 10s, waiting
[   18.303754]  (6)[292:mddp_rx]port ccci_0_200 read data fail when md_state = 0
[   18.471370]  (7)[1:init]init: Service 'exec 8 (/system/bin/rw-system.sh)' (pid 624) exited with status 0 waiting took 13.664000 seconds
[   18.471384]  (7)[1:init]init: Sending signal 9 to service 'exec 8 (/system/bin/rw-system.sh)' (pid 624) process group...
[   18.471507]  (7)[1:init]libprocessgroup: Removed cgroup /sys/fs/cgroup/uid_0/pid_624
[   18.474186]  (6)[1:init]init: Command 'setprop ro.vndk.version ${persist.sys.vndk}' action=post-fs (/system/etc/init/vndk.rc:5) took 0ms and failed: property 'persist.sys.vndk' doesn't exist while expanding '${persist.sys.vndk}'
[   18.474205]  (6)[1:init]init: processing action (post-fs) from (/vendor/etc/init/tee.rc:5)
[   18.474967]  (6)[1:init]init: processing action (late-fs) from (/system/etc/init/hw/init.rc:647)
[   18.475136]  (6)[1:init]init: starting service 'wmt_loader'...
[   18.476961]  (6)[954:init]KernelSU: mark no sucompat checks for pid: '954', exec: '/vendor/bin/wmt_loader'
[   18.477236]  (7)[1:init]init: ... started service 'wmt_loader' has pid 954
[   18.479125]  (7)[955:init]KernelSU: mark no sucompat checks for pid: '955', exec: '/vendor/bin/wmt_launcher'
[   18.482502]  (7)[956:init]KernelSU: mark no sucompat checks for pid: '956', exec: '/system/bin/hw/android.system.suspend-service'
[   18.487677]  (7)[957:init]KernelSU: mark no sucompat checks for pid: '957', exec: '/system/bin/keystore2'
[   18.490982]  (7)[958:init]KernelSU: mark no sucompat checks for pid: '958', exec: '/vendor/bin/hw/android.hardware.keymaster@4.1-service.trustonic'
[   18.492713]  (6)[956:android.system.]binder: 956:956 ioctl 40046210 7fc42e1074 returned -22
[   18.492819]  (6)[956:android.system.]binder: 956:956 ioctl 40046210 7fc42e0f24 returned -22
[   18.493324]  (0)[956:android.system.]binder: context.name[binder] tr.size:144 service:suspend_control
[   18.493850]  (7)[959:init]KernelSU: mark no sucompat checks for pid: '959', exec: '/system/bin/fsverity_init'
[   18.493885]  (2)[956:android.system.]binder: context.name[binder] tr.size:164 service:suspend_control_internal
[   18.494524]  (7)[956:android.system.]binder: context.name[binder] tr.size:204 service:android.system.suspend.ISystemS
[   18.494987]  (3)[533:servicemanager]servicemanager: getDeviceHalManifest: Reading VINTF information.
[   18.502547]  (6)[533:servicemanager]servicemanager: Loaded APEX Infos from /bootstrap-apex/apex-info-list.xml
[   18.502561]  (6)[533:servicemanager]servicemanager: getDeviceHalManifest: Successfully processed VINTF information
[   18.502567]  (6)[533:servicemanager]servicemanager: getFrameworkHalManifest: Reading VINTF information.
[   18.503411]  (7)[447:init]BOOTPROF:     18503.409582:INIT:late-fs
[   18.503717]  (7)[447:init]BOOTPROF:     18503.716044:INIT:Mount_START --late
[   18.504300]  (6)[533:servicemanager]servicemanager: getFrameworkHalManifest: Successfully processed VINTF information
[   18.504320]  (6)[533:servicemanager]servicemanager: Found android.system.suspend.ISystemSuspend/default in framework VINTF manifest.
[   18.505268]  (6)[956:android.system.]binder: context.name[hwbinder] tr.size:308 service:hwbinderService
[   18.507610]  (6)[964:init]KernelSU: mark no sucompat checks for pid: '964', exec: '/system/bin/vdc'
[   18.514658]  (6)[964:vdc]binder: 964:964 ioctl 40046210 7fc033d184 returned -22
[   18.515528]  (6)[964:vdc]vdc: Waited 0ms for vold
[   18.515784]  (7)[533:servicemanager]servicemanager: Could not find android.hardware.boot.IBootControl/default in the VINTF manifest. No alternative instances declared in VINTF.
[   18.516605]  (7)[543:binder:543_2]vold: Error getting bootctrl v1.0 module.
[   18.520543]  (7)[965:init]KernelSU: mark no sucompat checks for pid: '965', exec: '/system/bin/vdc'
[   18.522131]  (6)[958:android.hardwar]binder: 958:958 ioctl 40046210 7ff020e5d4 returned -22
[   18.525897]  (7)[212:tee_log]Trustonic TEE: 401(6)|teeKeyMaster4-package-4.1.0-20210303_231146_19876_56ccc
[   18.525906]  (7)[212:tee_log]Trustonic TEE: 401(6)|tlTeeKeymaster_rpmb: Keymaster TA version  401.   0
[   18.525910]  (7)[212:tee_log]Trustonic TEE: 401(6)|tlTeeKeymaster_rpmb: ARMv8 crypto instructions will be used
[   18.525913]  (7)[212:tee_log]Trustonic TEE: 401(6)|tlTeeKeymaster_rpmb: Neon instructions will be used
[   18.527640]  (7)[212:tee_log]Trustonic TEE: 501(7)|teeKeyMaster4-package-4.1.0-20210303_231146_19876_56ccc
[   18.527648]  (7)[212:tee_log]Trustonic TEE: 501(7)|[DrAndroid] 0.0, Build Oct  4 2024, 10:28:21
[   18.528028]  (7)[212:tee_log]Trustonic TEE: 401(7)|[verifiedBoot_GetBootPatchlevel] verifiedBoot_GetBootPatchlevel boot_patchlevel = 135c145
[   18.529199]  (1)[958:android.hardwar]binder: context.name[hwbinder] tr.size:348 service:hwbinderService
[   18.529470]  (7)[965:vdc]binder: 965:965 ioctl 40046210 7fc5b20044 returned -22
[   18.529986]  (7)[965:vdc]vdc: Waited 0ms for vold
[   18.532854]  (6)[533:servicemanager]servicemanager: Since 'android.system.keystore2.IKeystoreService/default' could not be found (requested by debug pid 543), trying to start it as a lazy AIDL service. (if it's not configured to be a lazy service, it may be stuck starting or still starting).
[   18.533008]  (6)[543:binder:543_2]binder: context.name[binder] tr.size:204 service:android.system.keystore2.IKeyst
[   18.550982]  (6)[957:keystore2]binder: 957:957 ioctl 40046210 7fd26c5ed4 returned -22
[   18.551589]  (7)[967:keystore2]binder: 957:967 ioctl 40046210 7bf73fb394 returned -22
[   18.551696]  (7)[957:binder:957_2]binder: context.name[binder] tr.size:160 service:android.security.compat
[   18.554505]  (6)[957:binder:957_2]binder: context.name[binder] tr.size:212 service:android.system.keystore2.IKeyst
[   18.554656]  (7)[533:servicemanager]servicemanager: Found android.system.keystore2.IKeystoreService/default in framework VINTF manifest.
[   18.554749]  (7)[957:binder:957_2]binder: context.name[binder] tr.size:156 service:android.security.apc
[   18.554880]  (7)[533:servicemanager]BpBinder: onLastStrongRef automatically unlinking death recipients: 
[   18.554954]  (7)[957:binder:957_2]binder: context.name[binder] tr.size:176 service:android.security.authorization
[   18.555134]  (7)[957:binder:957_2]binder: context.name[binder] tr.size:172 service:android.security.maintenance
[   18.555326]  (7)[957:binder:957_2]binder: context.name[binder] tr.size:164 service:android.security.metrics
[   18.555453]  (7)[957:binder:957_2]binder: context.name[binder] tr.size:176 service:android.security.legacykeystore
[   18.566290]  (7)[543:binder:543_2]fsck.f2fs: Info: Automatic fix mode enabled.
[   18.566903]  (7)[543:binder:543_2]fsck.f2fs: Info: not exist /proc/version!
[   18.567103]  (7)[543:binder:543_2]fsck.f2fs: Info: MKFS version
[   18.567107]  (7)[543:binder:543_2]fsck.f2fs:   "4.14.186+"
[   18.567111]  (7)[543:binder:543_2]fsck.f2fs: Info: FSCK version
[   18.567114]  (7)[543:binder:543_2]fsck.f2fs:   from "4.14.186+"
[   18.567117]  (7)[543:binder:543_2]fsck.f2fs:     to "4.14.186+"
[   18.567181]  (7)[543:binder:543_2]fsck.f2fs: Info: superblock features = 481 :  encrypt quota verity
[   18.567185]  (7)[543:binder:543_2]fsck.f2fs: Info: superblock encrypt level = 0, salt = 00000000000000000000000000000000
[   18.567189]  (7)[543:binder:543_2]fsck.f2fs: Info: Segments per section = 1
[   18.666649]  (7)[543:binder:543_2]F2FS-fs (dm-54): Reduce reserved blocks for root = 55436
[   18.706197]  (7)[543:binder:543_2]F2FS-fs (dm-54): Mounted with checkpoint version = 536f16be
[   18.714742]  (6)[447:init]BOOTPROF:     18714.740121:INIT:Mount_END --late
[   18.716719]  (6)[980:init]KernelSU: mark no sucompat checks for pid: '980', exec: '/system/bin/vdc'
[   18.722225]  (6)[980:vdc]binder: 980:980 ioctl 40046210 7fe3b24164 returned -22
[   18.726943]  (7)[981:init]KernelSU: mark no sucompat checks for pid: '981', exec: '/system/bin/vdc'
[   18.732291]  (7)[981:vdc]binder: 981:981 ioctl 40046210 7fffecd134 returned -22
[   18.732658]  (7)[981:vdc]vdc: Waited 0ms for vold
[   18.740436]  (7)[1:init]fscrypt: AES-256-CTS-CBC using implementation "cts(cbc-aes-ce)"
[   18.745121]  (0)[988:init]KernelSU: mark no sucompat checks for pid: '988', exec: '/system/bin/tombstoned'
[   18.748413]  (7)[989:init]KernelSU: mark no sucompat checks for pid: '989', exec: '/system/bin/vdc'
[   18.753752]  (7)[989:vdc]binder: 989:989 ioctl 40046210 7fd40195c4 returned -22
[   18.768318]  (7)[212:tee_log]Trustonic TEE: 501(6)|FID_ANDROID_IS_EARLY_BOOT_ENDED
[   18.770297]  (6)[212:tee_log]Trustonic TEE: 501(6)|FID_ANDROID_EARLY_BOOT_ENDED
[   18.770305]  (6)[212:tee_log]Trustonic TEE: 501(6)|[DrAndroid] Early Boot Ended
[   18.771022]  (7)[543:binder:543_2]vold: keystore2 Keystore earlyBootEnded returned service specific error: -68
[   18.777453]  (0)[992:init]KernelSU: mark no sucompat checks for pid: '992', exec: '/system/bin/logd'
[   18.781624]  (7)[993:init]KernelSU: mark no sucompat checks for pid: '993', exec: '/system/bin/apexd'
[   18.791617]  (6)[993:apexd]apexd: Started. subcommand = (null)
[   18.791824]  (6)[993:apexd]binder: 993:993 ioctl 40046210 7ff1b87f74 returned -22
[   18.792472]  (6)[993:apexd]apexd: Scanning /system/apex for pre-installed ApexFiles
[   18.792580]  (6)[993:apexd]apexd: Found pre-installed APEX /system/apex/com.android.configinfrastructure.capex
[   18.792794]  (6)[993:apexd]apexd: Found pre-installed APEX /system/apex/com.android.wifi.capex
[   18.792959]  (6)[993:apexd]apexd: Found pre-installed APEX /system/apex/com.android.uwb.capex
[   18.793099]  (6)[993:apexd]apexd: Found pre-installed APEX /system/apex/com.android.appsearch.capex
[   18.793250]  (6)[993:apexd]apexd: Found pre-installed APEX /system/apex/com.android.adservices.capex
[   18.793298]  (1)[540:logd.control]logd: logd reinit
[   18.793407]  (6)[993:apexd]apexd: Found pre-installed APEX /system/apex/com.android.cellbroadcast.capex
[   18.793528]  (6)[993:apexd]apexd: Found pre-installed APEX /system/apex/com.android.media.capex
[   18.793669]  (6)[993:apexd]apexd: Found pre-installed APEX /system/apex/com.android.permission.capex
[   18.795138]  (0)[540:logd.control]logd: FrameworkListener: read() failed (Connection reset by peer)
[   18.801012]  (7)[994:init]KernelSU: mark no sucompat checks for pid: '994', exec: '/bin/rm'
[   18.819187]  (7)[995:init]KernelSU: mark no sucompat checks for pid: '995', exec: '/system/bin/chattr'
[   18.900248]  (7)[999:apexd]EXT4-fs (loop4): mounted filesystem without journal. Opts: (null)
[   18.935561]  (6)[997:apexd]EXT4-fs (loop5): mounted filesystem without journal. Opts: (null)
[   18.967441]  (7)[1000:apexd]EXT4-fs (loop6): mounted filesystem without journal. Opts: (null)
[   18.999671]  (6)[996:apexd]EXT4-fs (loop7): mounted filesystem without journal. Opts: (null)
[   19.030249]  (7)[1001:apexd]EXT4-fs (loop8): mounted filesystem without journal. Opts: (null)
[   19.063532]  (6)[998:apexd]EXT4-fs (loop9): mounted filesystem without journal. Opts: (null)
[   19.099446]  (7)[1003:apexd]EXT4-fs (loop10): mounted filesystem without journal. Opts: (null)
[   19.152225]  (6)[1002:apexd]EXT4-fs (loop11): mounted filesystem without journal. Opts: (null)
[   19.175348]  (7)[1004:apexd]EXT4-fs (loop12): mounted filesystem without journal. Opts: (null)
[   19.203427]  (6)[1005:apexd]EXT4-fs (loop13): mounted filesystem without journal. Opts: (null)
[   19.251568]  (7)[1010:apexd]EXT4-fs (loop14): mounted filesystem without journal. Opts: (null)
[   19.292071]  (6)[1006:apexd]EXT4-fs (loop15): mounted filesystem without journal. Opts: (null)
[   19.323540]  (6)[1007:apexd]EXT4-fs (loop16): mounted filesystem without journal. Opts: (null)
[   19.331745]  (6)[292:mddp_rx]port ccci_0_200 read data fail when md_state = 0
[   19.354430]  (7)[1009:apexd]EXT4-fs (loop17): mounted filesystem without journal. Opts: (null)
[   19.386248]  (6)[1011:apexd]EXT4-fs (loop18): mounted filesystem without journal. Opts: (null)
[   19.419938]  (7)[1012:apexd]EXT4-fs (loop19): mounted filesystem without journal. Opts: (null)
[   19.458415]  (7)[1013:apexd]EXT4-fs (loop20): mounted filesystem without journal. Opts: (null)
[   19.495993]  (6)[1016:apexd]EXT4-fs (loop21): mounted filesystem without journal. Opts: (null)
[   19.527999]  (6)[1014:apexd]EXT4-fs (loop22): mounted filesystem without journal. Opts: (null)
[   19.569868]  (6)[1015:apexd]device-mapper: verity: sha256 using implementation "sha256-ce"
[   19.584848]  (6)[1015:apexd]EXT4-fs (dm-53): mounted filesystem without journal. Opts: (null)
[   19.609875]  (7)[1019:apexd]device-mapper: verity: sha256 using implementation "sha256-ce"
[   19.628357]  (6)[1019:apexd]EXT4-fs (dm-52): mounted filesystem without journal. Opts: (null)
[   19.637879]  (6)[1017:apexd]device-mapper: verity: sha256 using implementation "sha256-ce"
[   19.639370]  (7)[1017:apexd]EXT4-fs (dm-46): mounted filesystem without journal. Opts: (null)
[   19.669859]  (7)[1018:apexd]device-mapper: verity: sha256 using implementation "sha256-ce"
[   19.684714]  (6)[1018:apexd]EXT4-fs (dm-48): mounted filesystem without journal. Opts: (null)
[   19.701868]  (6)[1020:apexd]device-mapper: verity: sha256 using implementation "sha256-ce"
[   19.716572]  (6)[1020:apexd]EXT4-fs (dm-43): mounted filesystem without journal. Opts: (null)
[   19.741886]  (6)[1021:apexd]device-mapper: verity: sha256 using implementation "sha256-ce"
[   19.756215]  (7)[1021:apexd]EXT4-fs (dm-42): mounted filesystem without journal. Opts: (null)
[   19.785857]  (6)[1022:apexd]device-mapper: verity: sha256 using implementation "sha256-ce"
[   19.800097]  (7)[1022:apexd]EXT4-fs (dm-41): mounted filesystem without journal. Opts: (null)
[   19.821866]  (7)[1023:apexd]device-mapper: verity: sha256 using implementation "sha256-ce"
[   19.836258]  (6)[1023:apexd]EXT4-fs (dm-40): mounted filesystem without journal. Opts: (null)
[   19.861863]  (7)[1024:apexd]device-mapper: verity: sha256 using implementation "sha256-ce"
[   19.872095]  (7)[1024:apexd]EXT4-fs (dm-37): mounted filesystem without journal. Opts: (null)
[   19.893906]  (7)[1025:apexd]device-mapper: verity: sha256 using implementation "sha256-ce"
[   19.908279]  (6)[1025:apexd]EXT4-fs (dm-36): mounted filesystem without journal. Opts: (null)
[   19.925831]  (6)[1026:apexd]device-mapper: verity: sha256 using implementation "sha256-ce"
[   19.935726]  (6)[0:swapper/6][mtk_net][rtnl_lock]There is no process hold rtnl lock
[   19.935740]  (7)[333:kworker/7:2]usb_state<DISCONNECTED>
[   19.940093]  (7)[1026:apexd]EXT4-fs (dm-35): mounted filesystem without journal. Opts: (null)
[   19.965888]  (6)[1027:apexd]device-mapper: verity: sha256 using implementation "sha256-ce"
[   19.976194]  (6)[1027:apexd]EXT4-fs (dm-31): mounted filesystem without journal. Opts: (null)
[   19.997875]  (7)[1028:apexd]device-mapper: verity: sha256 using implementation "sha256-ce"
[   20.012077]  (6)[1028:apexd]EXT4-fs (dm-28): mounted filesystem without journal. Opts: (null)
[   20.037843]  (6)[1029:apexd]device-mapper: verity: sha256 using implementation "sha256-ce"
[   20.048065]  (6)[1029:apexd]EXT4-fs (dm-29): mounted filesystem without journal. Opts: (null)
[   20.073893]  (6)[1030:apexd]device-mapper: verity: sha256 using implementation "sha256-ce"
[   20.092361]  (6)[1030:apexd]EXT4-fs (dm-26): mounted filesystem without journal. Opts: (null)
[   20.113880]  (6)[1031:apexd]device-mapper: verity: sha256 using implementation "sha256-ce"
[   20.129162]  (6)[1031:apexd]EXT4-fs (dm-27): mounted filesystem without journal. Opts: (null)
[   20.145827]  (6)[1032:apexd]device-mapper: verity: sha256 using implementation "sha256-ce"
[   20.160695]  (6)[1032:apexd]EXT4-fs (dm-24): mounted filesystem without journal. Opts: (null)
[   20.177872]  (6)[1033:apexd]device-mapper: verity: sha256 using implementation "sha256-ce"
[   20.192316]  (7)[1033:apexd]EXT4-fs (dm-17): mounted filesystem without journal. Opts: (null)
[   20.213992]  (6)[1034:apexd]device-mapper: verity: sha256 using implementation "sha256-ce"
[   20.225402]  (7)[1034:apexd]EXT4-fs (dm-20): mounted filesystem without journal. Opts: (null)
[   20.245876]  (7)[1035:apexd]device-mapper: verity: sha256 using implementation "sha256-ce"
[   20.260198]  (6)[1035:apexd]EXT4-fs (dm-22): mounted filesystem without journal. Opts: (null)
[   20.261056]  (7)[993:apexd]binder: context.name[binder] tr.size:136 service:apexservice
[   20.261267]  (7)[993:apexd]binder: context.name[binder] tr.size:156 service:apexservice
[   20.297667]  (6)[1175:init]KernelSU: mark no sucompat checks for pid: '1175', exec: '/apex/com.android.runtime/bin/linkerconfig'
[   20.322434]  (7)[1176:init]KernelSU: mark no sucompat checks for pid: '1176', exec: '/apex/com.android.sdkext/bin/derive_sdk'
[   20.334747]  (7)[1177:init]KernelSU: mark no sucompat checks for pid: '1177', exec: '/system/bin/vdc'
[   20.341363]  (7)[1177:vdc]binder: 1177:1177 ioctl 40046210 7fd0e33574 returned -22
[   20.341764]  (7)[1177:vdc]vdc: Waited 0ms for vold
[   20.355794]  (7)[292:mddp_rx]port ccci_0_200 read data fail when md_state = 0
[   21.216531]  (6)[310:kworker/u16:5]mt635x-auxadc mt635x-auxadc: name:VBIF, channel=11, adc_out=0x9fb, adc_result=2807
[   21.216830]  (6)[310:kworker/u16:5][CH3_DBG] bat_cur = -6631
[   21.217985]  (6)[310:kworker/u16:5]mt635x-auxadc mt635x-auxadc: name:BAT_TEMP, channel=3, adc_out=0x352, adc_result=933
[   21.218323]  (6)[310:kworker/u16:5][force_get_tbat] tbat_precise bat_temperature_val:31
[   21.375746]  (6)[292:mddp_rx]port ccci_0_200 read data fail when md_state = 0
[   21.614258]  (6)[1179:init]KernelSU: mark no sucompat checks for pid: '1179', exec: '/apex/com.android.sdkext/bin/derive_classpath'
[   21.636563]  (7)[1180:init]KernelSU: mark no sucompat checks for pid: '1180', exec: '/apex/com.android.art/bin/art_boot'
[   21.650900]  (6)[1181:init]KernelSU: mark no sucompat checks for pid: '1181', exec: '/system/bin/odsign'
[   21.667895]  (7)[1181:odsign]binder: 1181:1181 ioctl 40046210 7ffa7e2044 returned -22
[   21.718331]  (7)[1182:odrefresh]fs-verity: sha256 using implementation "sha256-ce"
[   21.812343]  (6)[1183:init]KernelSU: mark no sucompat checks for pid: '1183', exec: '/system/bin/apexd'
[   21.824465]  (6)[1183:apexd]apexd: Started. subcommand = --snapshotde
[   21.824558]  (6)[1183:apexd]binder: 1183:1183 ioctl 40046210 7fd2aa09d4 returned -22
[   21.825546]  (6)[1183:apexd]apexd-snapshotde: Marking APEXd as ready
[   21.831619]  (7)[1184:init]KernelSU: hook_manager: escape to root for init executing ksud: 1184
[   21.846265]  (7)[1184:ksud]KernelSU: ksu fd installed: 5, name: [ksu_driver], for pid 1184
[   21.846271]  (7)[1184:ksud]KernelSU: [1184] install ksu fd: 5
[   21.846280]  (7)[1184:ksud]KernelSU: post-fs-data triggered
[   21.846282]  (7)[1184:ksud]KernelSU: on_post_fs_data!
[   21.846286]  (7)[1184:ksud]KernelSU: vol_detector: exit
[   21.846339]  (7)[1184:ksud]KernelSU: post-fs-data triggered, scanning manager...
[   21.854131]  (7)[1184:ksud]KernelSU: volumedown_pressed_count: 0
[   21.865608]  (0)[538:logd.reader]logd: logdr: UID=0 GID=0 PID=1187 b tail=0 logMask=bf pid=0 start=0ns deadline=0ns
[   21.926111]  (7)[1184:ksud]KernelSU: adding POLICYDB_CONFIG_ANDROID_NETLINK_ROUTE
[   21.927871]  (7)[1184:ksud]SELinux: 32768 avtab hash slots, 102904 rules.
[   21.938357]  (7)[1184:ksud]SELinux: 32768 avtab hash slots, 102904 rules.
[   21.938383]  (7)[1184:ksud]SELinux:  1 users, 4 roles, 3965 types, 0 bools, 1 sens, 1024 cats
[   21.938387]  (7)[1184:ksud]SELinux:  104 classes, 102904 rules
[   21.944643]  (7)[1184:ksud]KernelSU: target type nsfs does not exist
[   21.944650]  (7)[1184:ksud]KernelSU: sepol: cmd #16 failed, cmd=1 subcmd=1.
[   21.944653]  (7)[1184:ksud]KernelSU: target type nsfs does not exist
[   21.944655]  (7)[1184:ksud]KernelSU: sepol: cmd #17 failed, cmd=1 subcmd=1.
[   21.957572]  (7)[1184:ksud]KernelSU: adding POLICYDB_CONFIG_ANDROID_NETLINK_ROUTE
[   21.959229]  (7)[1184:ksud]SELinux: 32768 avtab hash slots, 104912 rules.
[   21.970105]  (7)[1184:ksud]SELinux: 32768 avtab hash slots, 104912 rules.
[   21.970133]  (7)[1184:ksud]SELinux:  1 users, 4 roles, 3967 types, 0 bools, 1 sens, 1024 cats
[   21.970137]  (7)[1184:ksud]SELinux:  104 classes, 104912 rules
[   21.983733]  (5)[0:swapper/5][name:spm&][SPM] MCUSYSOFF Didn't enter low power scenario
[   21.985917]  (7)[1184:ksud]KernelSU: adding POLICYDB_CONFIG_ANDROID_NETLINK_ROUTE
[   21.987570]  (7)[1184:ksud]SELinux: 32768 avtab hash slots, 104912 rules.
[   21.998321]  (7)[1184:ksud]SELinux: 32768 avtab hash slots, 104912 rules.
[   21.998346]  (7)[1184:ksud]SELinux:  1 users, 4 roles, 3967 types, 0 bools, 1 sens, 1024 cats
[   21.998350]  (7)[1184:ksud]SELinux:  104 classes, 104912 rules
[   22.015143]  (7)[1184:ksud]KernelSU: adding POLICYDB_CONFIG_ANDROID_NETLINK_ROUTE
[   22.016859]  (7)[1184:ksud]SELinux: 32768 avtab hash slots, 105590 rules.
[   22.027602]  (7)[1184:ksud]SELinux: 32768 avtab hash slots, 105590 rules.
[   22.027628]  (7)[1184:ksud]SELinux:  1 users, 4 roles, 3969 types, 0 bools, 1 sens, 1024 cats
[   22.027632]  (7)[1184:ksud]SELinux:  104 classes, 105590 rules
[   22.043496]  (7)[1184:ksud]KernelSU: adding POLICYDB_CONFIG_ANDROID_NETLINK_ROUTE
[   22.045239]  (7)[1184:ksud]SELinux: 32768 avtab hash slots, 105591 rules.
[   22.055995]  (7)[1184:ksud]SELinux: 32768 avtab hash slots, 105591 rules.
[   22.056021]  (7)[1184:ksud]SELinux:  1 users, 4 roles, 3969 types, 0 bools, 1 sens, 1024 cats
[   22.056025]  (7)[1184:ksud]SELinux:  104 classes, 105591 rules
[   22.067803]  (7)[1184:ksud]KernelSU: volumedown_pressed_count: 0
[   22.069544]  (7)[1184:ksud]KernelSU: su_compat: set to 1
[   22.069557]  (7)[1184:ksud]KernelSU: selinux_hide: set to 1
[   22.069559]  (7)[1184:ksud]KernelSU: selinux_hide: init selinux hide
[   22.076606]  (7)[1184:ksud]KernelSU: selinux_hide: context_write: 0xffffff885969ff80 [sel_write_context+0x0/0x140]
[   22.076631] -(4)[29:migration/4]KernelSU: patch dst=0xffffff885a433d80 src=0xffffff8014863d08 len=8
[   22.076640] -(4)[29:migration/4]KernelSU: pgd of 0xffffff885a433d80 p=0xffffff885c72a108 v=0x1bfffc803
[   22.076643] -(4)[29:migration/4]KernelSU: p4d of 0xffffff885a433d80 p=0xffffff885c72a108 v=0x1bfffc803
[   22.076648] -(4)[29:migration/4]KernelSU: pud of 0xffffff885a433d80 p=0xffffff885c72a108 v=0x1bfffc803
[   22.076653] -(4)[29:migration/4]KernelSU: pmd of 0xffffff885a433d80 p=0xffffffd77fffc690 v=0x60000041200f91
[   22.076656] -(4)[29:migration/4]KernelSU: Address 0xffffff885a433d80 maps to a PMD-level huge page
[   22.076664] -(4)[29:migration/4]KernelSU: phy addr for patch 0xffffff885a433d80: 0x41233d80
[   22.076668] -(4)[29:migration/4]KernelSU: fixmap addr for patch 0xffffff885a433d80: 0xffffffbefe7fed80
[   22.076673] -(4)[29:migration/4]KernelSU: patch result=0
[   22.076683]  (7)[1184:ksud]KernelSU: selinux_hide: access_write: 0xffffff885969fdc0 [sel_write_access+0x0/0x1c0]
[   22.076713] -(3)[24:migration/3]KernelSU: patch dst=0xffffff885a433d88 src=0xffffff8014863d08 len=8
[   22.076721] -(3)[24:migration/3]KernelSU: pgd of 0xffffff885a433d88 p=0xffffff885c72a108 v=0x1bfffc803
[   22.076723] -(3)[24:migration/3]KernelSU: p4d of 0xffffff885a433d88 p=0xffffff885c72a108 v=0x1bfffc803
[   22.076728] -(3)[24:migration/3]KernelSU: pud of 0xffffff885a433d88 p=0xffffff885c72a108 v=0x1bfffc803
[   22.076733] -(3)[24:migration/3]KernelSU: pmd of 0xffffff885a433d88 p=0xffffffd77fffc690 v=0x60000041200f91
[   22.076736] -(3)[24:migration/3]KernelSU: Address 0xffffff885a433d88 maps to a PMD-level huge page
[   22.076744] -(3)[24:migration/3]KernelSU: phy addr for patch 0xffffff885a433d88: 0x41233d88
[   22.076748] -(3)[24:migration/3]KernelSU: fixmap addr for patch 0xffffff885a433d88: 0xffffffbefe7fed88
[   22.076752] -(3)[24:migration/3]KernelSU: patch result=0
[   22.076784] -(4)[29:migration/4]KernelSU: patch dst=0xffffff885b0c2728 src=0xffffff8014863d10 len=8
[   22.076790] -(4)[29:migration/4]KernelSU: pgd of 0xffffff885b0c2728 p=0xffffff885c72a108 v=0x1bfffc803
[   22.076792] -(4)[29:migration/4]KernelSU: p4d of 0xffffff885b0c2728 p=0xffffff885c72a108 v=0x1bfffc803
[   22.076797] -(4)[29:migration/4]KernelSU: pud of 0xffffff885b0c2728 p=0xffffff885c72a108 v=0x1bfffc803
[   22.076801] -(4)[29:migration/4]KernelSU: pmd of 0xffffff885b0c2728 p=0xffffffd77fffc6c0 v=0x1bfff9803
[   22.076805] -(4)[29:migration/4]KernelSU: phy addr for patch 0xffffff885b0c2728: 0x41ec2728
[   22.076812] -(4)[29:migration/4]KernelSU: fixmap addr for patch 0xffffff885b0c2728: 0xffffffbefe7fe728
[   22.076816] -(4)[29:migration/4]KernelSU: patch result=0
[   22.076860]  (7)[1184:ksud]KernelSU: sulog: set to 0
[   22.076869]  (7)[1184:ksud]KernelSU: kernel_umount: set to 1
[   22.076877]  (7)[1184:ksud]KernelSU: adb_root: set to 0
[   22.104409]  (6)[1196:zn-daemon][I][1196:1196][zn-daemon64]:Zygisk Next Daemon 1.5.0-843-5217106-release
[   22.104464]  (6)[1196:zn-daemon][I][1196:1196][zn-daemon64]:Kernel: 4.14.186+ aarch64
[   22.104595]  (6)[1196:zn-daemon]KernelSU: ksu fd installed: 6, name: [ksu_driver], for pid 1196
[   22.104600]  (6)[1196:zn-daemon]KernelSU: [1196] install ksu fd: 6
[   22.114335]  (6)[1198:sh]KernelSU: ksu_handle_stat su->sh!
[   22.114345]  (6)[1198:sh]KernelSU: ksu_handle_faccessat su->sh!
[   22.114364]  (6)[1198:sh]KernelSU: do_execveat_common su found
[   22.114367]  (6)[1198:sh]KernelSU: Already root, don't escape!
[   22.114682]  (6)[1198:ksud]KernelSU: ksu fd installed: 4, name: [ksu_driver_su], for pid 1198
[   22.119068]  (6)[1198:ksud]KernelSU: ksu fd released
[   22.131443]  (6)[1196:zn-daemon][I][1196:1196][zn-daemon64]:** write prop
[   22.166001]  (6)[1196:zn-daemon][I][1196:1196][zn-daemon64]:** preparing payload ...
[   22.166102]  (6)[1196:zn-daemon][I][1196:1196][zn-daemon64]:** payload prepared
[   22.166138]  (6)[1196:zn-daemon][I][1196:1196][zn-daemon64]:** attaching init ...
[   22.185193]  (7)[1:init]KernelSU: Searching for manager(s)...
[   22.185220]  (7)[1:init]KernelSU: search_manager: dir: /data/app got magic! 0xf2f52010
[   22.187539]  (7)[1:init]KernelSU: cert length overlimit
[   22.187695]  (7)[1:init]KernelSU: Found new base.apk at path: /data/app/~~qt4cZRQQ__dv1d7uJYMQ6A==/com.vivo.easyshare-OVvySQeAHZC4UlKTEw01XQ==/base.apk, is_manager: 0
[   22.188605]  (7)[1:init]KernelSU: sha256: 6faf3c4140407473400934d117815a21af1cfefc5c0bee61c858bc3d72ba6fe5
[   22.188610]  (7)[1:init]KernelSU: Found new base.apk at path: /data/app/~~ol3bbgQXZeQej1RukkvCow==/com.google.android.webview-xuwn3ZvmZq9EOCywVCnFlA==/base.apk, is_manager: 0
[   22.189030]  (7)[1:init]KernelSU: sha256: ea6e97ad6c34f7039a9c6daba732c97d0e098e83ede2b4d52c76eb0184ac7a38
[   22.189034]  (7)[1:init]KernelSU: Found new base.apk at path: /data/app/~~S70cd1f_yHjVZI9Wp4GK7Q==/com.tencent.mobileqq-h0kfzUmQXm5uImoQQoNydg==/base.apk, is_manager: 0
[   22.189372]  (7)[1:init]KernelSU: sha256: 675e09c940ea63c6fde1552eb8c868743335df7fa60f1ef864ebc13612cc957e
[   22.189376]  (7)[1:init]KernelSU: Found new base.apk at path: /data/app/~~2lSaOgTTRGxxuRGAutn_bA==/com.qidian.QDReader-WJfoIsUDqL_jmNjjJUl44g==/base.apk, is_manager: 0
[   22.191199]  (7)[1:init]KernelSU: sha256: a6ef817bfd6c083442a149856e51036f6912c2db6b6009db8127cdd641e295a9
[   22.191203]  (7)[1:init]KernelSU: Found new base.apk at path: /data/app/~~bHNqEwpOGOC_039VvD9A0A==/com.baidu.input-RaD5LrIyyMEpagDKYv5y0Q==/base.apk, is_manager: 0
[   22.191562]  (7)[1:init]KernelSU: sha256: 93ba270f5521139ecafe4bb638ac5b1198bc548f62d9fd8f8580a079faf5910e
[   22.191569]  (7)[1:init]KernelSU: Found new base.apk at path: /data/app/~~eWSZmNSdePpjSEl29AHaIA==/tv.danmaku.bili-9-9H6lxPfOr8k1ckHlYRcQ==/base.apk, is_manager: 0
[   22.192079]  (7)[1:init]KernelSU: sha256: 0a350c6fbf39a939b34d4a4f470a93d961d554890ba8c37ff8ccceba0a3b1d7d
[   22.192083]  (7)[1:init]KernelSU: Found new base.apk at path: /data/app/~~j45YWLkoSlrVea28I_HXUA==/com.smile.gifmaker-BM1x9ylO3JRVgk37K1w1ww==/base.apk, is_manager: 0
[   22.192424]  (7)[1:init]KernelSU: cert length overlimit
[   22.192428]  (7)[1:init]KernelSU: Found new base.apk at path: /data/app/~~UY_IjdDDF4Q9HelIsSSNFw==/vegabobo.dsusideloader-mb14QddZ9rNHAKp7aPUx5w==/base.apk, is_manager: 0
[   22.193773]  (7)[1:init]KernelSU: sha256: a0e94b94858d039e3df455b3a4342527d83b997286bf8220edefd5bf7ae7c008
[   22.193777]  (7)[1:init]KernelSU: Found new base.apk at path: /data/app/~~o3mC0IeRxqYpZHj8KyUf8g==/com.xingye.app-YZ5JvXmBljflncLC-lWxTQ==/base.apk, is_manager: 0
[   22.194165]  (7)[1:init]KernelSU: sha256: 029abab5e32925cf4bb43844e8bdcf596cdd540cf139e4916523991063dc23fd
[   22.194170]  (7)[1:init]KernelSU: Found new base.apk at path: /data/app/~~YtXzlmgBwGEBcyLjjYHUVA==/com.mmbox.xbrowser-wj5sXzkyTtYmOe7x8oxOEg==/base.apk, is_manager: 0
[   22.194833]  (7)[1:init]KernelSU: cert length overlimit
[   22.194838]  (7)[1:init]KernelSU: Found new base.apk at path: /data/app/~~JSFTmN8qMygtdLM7p1h3bw==/com.helyu.smsforwarder-s9J8XN7_bgd9fukYyMhenQ==/base.apk, is_manager: 0
[   22.195746]  (7)[1:init]KernelSU: sha256: dd3923e78df33f08b0fb4a533ab1e860425ca7f6777fbe14f85a6cf5687143d6
[   22.195900]  (7)[1:init]KernelSU: Found new base.apk at path: /data/app/~~_9_z1f938VMcZpHCLO4WJg==/com.xunmeng.pinduoduo-veFENRedHoTtYjlrfs7xGQ==/base.apk, is_manager: 0
[   22.196376]  (7)[1:init]KernelSU: sha256: b7dc883e7678d6c618569e48a1c8c267a134a75f8bcb763510c8bffb3b90b077
[   22.196381]  (7)[1:init]KernelSU: Found new base.apk at path: /data/app/~~nfN8EVYNra0IWhXDsKj90g==/com.v2ray.ang-IZ8pN_n-WHMi52R6I3TCNg==/base.apk, is_manager: 0
[   22.197323]  (6)[1:init]KernelSU: sha256: fc30c5efbe58593dbf1432c8dd1c6206006e44effa8c7b76a4303118cbb97bde
[   22.197329]  (6)[1:init]KernelSU: Found new base.apk at path: /data/app/~~NF1SH2Z9-mjIVz6x7ClfQA==/com.ai.assistance.operit-ctnSm_O74wOoHaaxQlQyrw==/base.apk, is_manager: 0
[   22.198289]  (6)[1:init]KernelSU: sha256: 300ab8bfa69376f483fea8a5d999333aeb594ec0ce832eda4a6db830792a6bf6
[   22.198294]  (6)[1:init]KernelSU: Found new base.apk at path: /data/app/~~TKhoNT8G7oLqpSAwjmyO_w==/com.realtech.xiaocan-X4WJd9X1fh0DtB3yVQfkAg==/base.apk, is_manager: 0
[   22.198637]  (6)[1:init]KernelSU: sha256: 8501dd29dc8b452391ff427936591e19c4bdc1bdd9f15ee8e5ace4e8b74cc96b
[   22.198641]  (6)[1:init]KernelSU: Found new base.apk at path: /data/app/~~Vo2k1aosiwYhD35WCXHriw==/bin.mt.plus-RQ_JibwPLHih9THLebeasg==/base.apk, is_manager: 0
[   22.199036]  (6)[1:init]KernelSU: sha256: c5e9bc4c5cc7a34482c627cb9a76b88e30b509d0da3ba54a66274200e19c2743
[   22.199040]  (6)[1:init]KernelSU: Found new base.apk at path: /data/app/~~NEvHldpZtdYikm9NhfmgKg==/com.taobao.taobao-u5Z6FjqsCjQZpsDdNTgj4w==/base.apk, is_manager: 0
[   22.199491]  (6)[1:init]KernelSU: sha256: b6da01480eefd5fbf2cd3771b8d1021ec791304bdd6c4bf41d3faabad48ee5e1
[   22.199495]  (6)[1:init]KernelSU: Found new base.apk at path: /data/app/~~FZOu6cunzekmQF3c0H1MAQ==/com.termux-43wWgaZeelwt7JY_FjbjpQ==/base.apk, is_manager: 0
[   22.200268]  (6)[1:init]KernelSU: sha256: 389b49f7832f53e9017923220aa85e14dfaa4886ecd7428818bf339543cf498a
[   22.200273]  (6)[1:init]KernelSU: Found new base.apk at path: /data/app/~~T_OZQP5T6l6Amvgj3RYRpA==/com.eg.android.AlipayGphone-5dnCeQ1McFFec4eH04Hi9g==/base.apk, is_manager: 0
[   22.200722]  (6)[1:init]KernelSU: sha256: 268b5590e868fb08bae7e0ac413564cd1ff88f5ccff74af9dbd0dc918e30db30
[   22.200727]  (6)[1:init]KernelSU: Found new base.apk at path: /data/app/~~yAgX5fuy5Qw2cc9KJ74DEA==/moe.shizuku.privileged.api-cpR41EmGsQDDCf-sIqdhWQ==/base.apk, is_manager: 0
[   22.201399]  (6)[1:init]KernelSU: sha256: 8037a13b154927d4a8e5649e294dab6c09a5296693578e2d5d02ece32a9678dc
[   22.201403]  (6)[1:init]KernelSU: Found new base.apk at path: /data/app/~~dTCUF6z1xugWhyikNFFpVg==/com.coolapk.market-1MHgzq9E5XuGmEkZKlmbuw==/base.apk, is_manager: 0
[   22.201742]  (6)[1:init]KernelSU: sha256: 27184049741e79a82071aab60ba411ef7eb30362bbdefa913595d296043438e5
[   22.201746]  (6)[1:init]KernelSU: Found new base.apk at path: /data/app/~~ZKWWwSYJhKNN07Qyt_p7cQ==/com.byyoung.setting-OVQjPxLaIf-ViRrobsIEpA==/base.apk, is_manager: 0
[   22.202084]  (6)[1:init]KernelSU: sha256: 3df7f89d3b8d1315f05710c914fccbcf3a4e24980afddccb8dcebde90836a390
[   22.202087]  (6)[1:init]KernelSU: Found new base.apk at path: /data/app/~~yRlVJbTXJfnNFwzYI1eETA==/mark.via-UZjn-l4btqdW6U7McNVQ2A==/base.apk, is_manager: 0
[   22.202698]  (6)[1:init]KernelSU: cert length overlimit
[   22.202702]  (6)[1:init]KernelSU: Found new base.apk at path: /data/app/~~qtMq8r9Hyt06qlHTM8bOfw==/com.mediatek.ims-Q9XzpTs01m0OaefyTDirrg==/base.apk, is_manager: 0
[   22.203444]  (6)[1:init]KernelSU: sha256: f11162530685794fe708d0f974633edcfcc2816b1286d91ffba4b599c9b3236a
[   22.203448]  (6)[1:init]KernelSU: Found new base.apk at path: /data/app/~~K7aeSA5vnczJ_4CGJJ0UIA==/com.netease.mail-VA8MLEGKbwQfWg3DKOBznw==/base.apk, is_manager: 0
[   22.203853]  (6)[1:init]KernelSU: sha256: b36c0b80cb2417e7fe4c3df01a2d163a7d8443604dd276a2bc1ab0d325102e3e
[   22.203858]  (6)[1:init]KernelSU: Found new base.apk at path: /data/app/~~T29uDgcM_njokWuk641Mcg==/com.autonavi.minimap-2tujcvDTrKPf3psSuYedJg==/base.apk, is_manager: 0
[   22.204296]  (7)[1:init]KernelSU: sha256: 54254d2be09daef48dedc2b4a4f497d153e14ed9d70814fc9c360ee9240827f7
[   22.204301]  (7)[1:init]KernelSU: Found new base.apk at path: /data/app/~~48gZSYkVCXRkeQxgfA505g==/com.netease.cloudmusic-zrpKARzHI2zHo5BaxjV7fQ==/base.apk, is_manager: 0
[   22.204794]  (7)[1:init]KernelSU: sha256: 2ed0f436b521566f9a86be5b5776fff90ff6dce57355a76a3181233aa434c722
[   22.204799]  (7)[1:init]KernelSU: Found new base.apk at path: /data/app/~~YP2tbmC64j8ACI9d8JyLgQ==/com.mrl.pixiv--e5xcrZEjEw9VQ3ttYntSw==/base.apk, is_manager: 0
[   22.205568]  (7)[1:init]KernelSU: sha256: 49c1522548ebacd46ce322b6fd47f6092bb745d0f88082145caf35e14dcc38e1
[   22.205573]  (7)[1:init]KernelSU: Found new base.apk at path: /data/app/~~Z--D4UXnopneRq835s37VQ==/org.telegram.messenger.web-GjshKQn4OhLipHm6WAN4Xw==/base.apk, is_manager: 0
[   22.205981]  (7)[1:init]KernelSU: sha256: 58e4bb482ad28011ced23d0261895f9ae68081b5bb2f4fc1b9252f92393ab853
[   22.205984]  (7)[1:init]KernelSU: Found new base.apk at path: /data/app/~~yWQxq0-vtFNmKe4OBCAfJA==/com.baidu.baidutranslate-LfBHR0j9tUaq_pSwwB97Yw==/base.apk, is_manager: 0
[   22.206433]  (7)[1:init]KernelSU: sha256: 35caf9c5e4859a36a75a0645b5e8faf16adbdc48e28ae393671e6b859edf3d43
[   22.206437]  (7)[1:init]KernelSU: Found new base.apk at path: /data/app/~~7cSFe-hddyrAxjCdxq50bg==/org.frknkrc44.hma_oss-Lr_CHl2gZtemklEROF-mzg==/base.apk, is_manager: 0
[   22.207228]  (7)[1:init]KernelSU: sha256: caa41dc4d38e2843e1c18ed22de0232dda449c6e4ea71e9622de5b1d50640c97
[   22.207233]  (7)[1:init]KernelSU: Found new base.apk at path: /data/app/~~hvlx0weslVnFcHS7xYngrQ==/com.nange.widgettodo-ZZHtcjlyQXxSowVD9asiSw==/base.apk, is_manager: 0
[   22.207987]  (7)[1:init]KernelSU: sha256: 9bd06727e62796c0130eb6dab39b73157451582cbd138e86c468acc395d14165
[   22.207991]  (7)[1:init]KernelSU: Found new base.apk at path: /data/app/~~61znZU8sSufqFYHg1Y4NCA==/com.google.android.gms-ut0-zls9vBdpZGL8tSUCXQ==/base.apk, is_manager: 0
[   22.208471]  (6)[1:init]KernelSU: sha256: 9bd06727e62796c0130eb6dab39b73157451582cbd138e86c468acc395d14165
[   22.208477]  (6)[1:init]KernelSU: Found new base.apk at path: /data/app/~~Hbce9Zv8N_6TLBmeWeSNww==/com.android.vending-CMWAEsLekl-XMEAGvDKiMw==/base.apk, is_manager: 0
[   22.208931]  (7)[1:init]KernelSU: sha256: a5fdbfa8a769a9f2041c7f6706a52b8d981c0f12a6f10e989a9f583a43ed217d
[   22.208936]  (7)[1:init]KernelSU: Found new base.apk at path: /data/app/~~acryoc3AVj0UBc-rZgFBaw==/com.jingdong.app.mall-s8StF_MJP8dSRII2n3SoHA==/base.apk, is_manager: 0
[   22.209737]  (7)[1:init]KernelSU: cert length overlimit
[   22.209741]  (7)[1:init]KernelSU: Found new base.apk at path: /data/app/~~gJt5bZZY1z2Hj9WkTyYAJQ==/com.azure.authenticator-pZegVjSFENsCTklul_M2Jg==/base.apk, is_manager: 0
[   22.210313]  (7)[1:init]KernelSU: sha256: e4c15e30502f8da0e878e0fe73877403b8d99f8f761809507a6512ecfed84909
[   22.210317]  (7)[1:init]KernelSU: Found new base.apk at path: /data/app/~~q8-QS47ZX02SIwpULCfNqw==/com.taobao.idlefish-lqNNPXltcmLLlMOPJleejg==/base.apk, is_manager: 0
[   22.211142]  (7)[1:init]KernelSU: cert length overlimit
[   22.211146]  (7)[1:init]KernelSU: Found new base.apk at path: /data/app/~~31TqlXnQ7GKBfx7yg0FwFA==/com.microsoft.emmx-2RYfgPW5F4BIOfT6fSISFw==/base.apk, is_manager: 0
[   22.211829]  (7)[1:init]KernelSU: sha256: bc5142effd1f1b9f1cce3b37cc904fd3f348ea21b6aeb4179c050a1460ac704d
[   22.211834]  (7)[1:init]KernelSU: Found new base.apk at path: /data/app/~~skOEpWJbqBf_P2EDnXWXyw==/com.didjdk.adbhelper-4qXAzJVqBx39gjirLKkhsw==/base.apk, is_manager: 0
[   22.212202]  (7)[1:init]KernelSU: sha256: 7fd4117268d3b615e2c910fd64c46f5fcf6796d172f1b423872e25ba61971b4b
[   22.212207]  (7)[1:init]KernelSU: Found new base.apk at path: /data/app/~~W7tFZlU2agzlR0sXsMbyzA==/com.operit.edgeoaidfix-kx_4LJ6El_NNv0xmyCtdWQ==/base.apk, is_manager: 0
[   22.212829]  (7)[1:init]KernelSU: cert length overlimit
[   22.212833]  (7)[1:init]KernelSU: Found new base.apk at path: /data/app/~~_wFwURWS5zjpoJQ5dUFcag==/com.microsoft.rdc.androidx-xCuv7d_KU3JoMzcc3WDvZA==/base.apk, is_manager: 0
[   22.213793]  (7)[1:init]KernelSU: Found new base.apk at path: /data/app/~~xuWnHut0BKz_Srk4SK79Rg==/com.ss.android.ugc.aweme-xo4IXawci2pmyLgeuukneQ==/base.apk, is_manager: 0
[   22.214362]  (7)[1:init]KernelSU: sha256: 7e4eaa9b14140bc00ff764c45627d86f87259c95bf007467b0237823c220a26f
[   22.214366]  (7)[1:init]KernelSU: Found new base.apk at path: /data/app/~~B-J-omCS9_Y-tjKbdSt_Gw==/have.fun-vP4NnGGnH9sv_VtuffMk3w==/base.apk, is_manager: 0
[   22.215462]  (7)[1:init]KernelSU: sha256: 692f0450c877c1a4c1be2725f89d4c9c84cfefb484d1e85b3dfcfda2c876e30a
[   22.215466]  (7)[1:init]KernelSU: Found new base.apk at path: /data/app/~~UQU_NNCElaCi5MCLEmIBgw==/com.julanling.jobbunting-0udGhfmCm3m-2XF5kcPVRQ==/base.apk, is_manager: 0
[   22.216217]  (7)[1:init]KernelSU: cert length overlimit
[   22.216222]  (7)[1:init]KernelSU: Found new base.apk at path: /data/app/~~Q1Tf-pnp2kaBq3ncDkzltw==/com.miui.weather2-rp0xNs-xx3j7Rqgi_I5jWA==/base.apk, is_manager: 0
[   22.216900]  (7)[1:init]KernelSU: sha256: 1a2c440dab0be43b8f00a07f6abc9227a30df563dd8b42f161723de8183b0e8b
[   22.216904]  (7)[1:init]KernelSU: Found new base.apk at path: /data/app/~~UkkEDEW4OTsfItF2Ah9vMA==/com.mukapp.miweathertool-aNxWPn23kgc3QCGPf9RzYw==/base.apk, is_manager: 0
[   22.217651]  (7)[1:init]KernelSU: sha256: 0fe4ff85c215918396dadc7cd8ce6963339af33d37751a56e54c7206b63a3c7c
[   22.217654]  (7)[1:init]KernelSU: Found new base.apk at path: /data/app/~~rrh1bgnrpJ5dlBe2mXRoVA==/com.tencent.mm-gLQApokfeCguCGRg-SzzzQ==/base.apk, is_manager: 0
[   22.218218]  (6)[1:init]KernelSU: cert length overlimit
[   22.218223]  (6)[1:init]KernelSU: Found new base.apk at path: /data/app/~~YpxvVnSI028C4_V0jEdI5Q==/io.github.qauxv-b_YG6NirNS9JOtECd57Kyg==/base.apk, is_manager: 0
[   22.218912]  (6)[1:init]KernelSU: sha256: 83f9f14c3432915c85c833915fe5f2db6de31c4ceb3bc92e33d341a527dbacdc
[   22.218917]  (6)[1:init]KernelSU: Found new base.apk at path: /data/app/~~N_7N7wy0A-aRTJj16X7YgA==/com.cainiao.wireless-Njvay8MJ7x48lAFO5rXGTg==/base.apk, is_manager: 0
[   22.219610]  (6)[1:init]KernelSU: sha256: 0b66624117621bb9bc3e7d12a1fe5436794cf8999b0253d9ff9bec71e0932178
[   22.219615]  (6)[1:init]KernelSU: Found new base.apk at path: /data/app/~~tpTvsXArBZ0w38Bg3kO_1w==/com.beike.rentplat-vU-ODAgZ3gFALg5bwFaEaQ==/base.apk, is_manager: 0
[   22.220320]  (7)[1:init]KernelSU: sha256: 6a575c5f6df9139ee158dbef22f7329056b260754d3912a95902a3694b6e13f4
[   22.220325]  (7)[1:init]KernelSU: Found new base.apk at path: /data/app/~~EQxpaVnZHa0M8FtsZB27yA==/com.jee.calc-9DYvt7gdkuBJbDRAE54UGw==/base.apk, is_manager: 0
[   22.221133]  (7)[1:init]KernelSU: sha256: d75c1fa2b9ae867ce688a8adc6deac7cd6ba96f43a751fd10a200fa5974ac636
[   22.221267]  (7)[1:init]KernelSU: Found new base.apk at path: /data/app/~~HAw1fGinKPxokFUElUeusQ==/io.dcloud.H576E6CC7-A8MMqNQF9ZT1n5e2s_UIIw==/base.apk, is_manager: 0
[   22.221904]  (7)[1:init]KernelSU: sha256: 45b5ea26b2a8bf6efd79d5d9532ed8d1cbcbe80a2629dd39d889d1209b7cca2d
[   22.222028]  (7)[1:init]KernelSU: Found new base.apk at path: /data/app/~~SkenKzoVuMwIKw7683kG-A==/com.github.zly2006.zhplus.lite-zVLozUh7AMl6Bg76PEeOQw==/base.apk, is_manager: 0
[   22.222443]  (7)[1:init]KernelSU: sha256: a23b96780b5ac77b38c058ec16e13b4bcf39de044cd590a79f0dad2c1e73fd40
[   22.222446]  (7)[1:init]KernelSU: Found new base.apk at path: /data/app/~~xGvu1iQTo7vdcHKXXm_9Ew==/io.github.xalsace.qqbypass-Xw2tcFIGRLGZo7xw0N0esQ==/base.apk, is_manager: 0
[   22.222817]  (7)[1:init]KernelSU: sha256: 9e7c319e0c34f58c07c589abadd73d70dca0451aead9e8c382abbad764fb89e8
[   22.222821]  (7)[1:init]KernelSU: Found new base.apk at path: /data/app/~~WrOAifQE4qKnZaXIlB35ug==/io.github.twyora.douyinenhancer-1IzFpCv_b3HSn4-WCjzdQw==/base.apk, is_manager: 0
[   22.223809]  (7)[1:init]KernelSU: sha256: 02ae074095c0bc33dbd431355b565a171cb817a5d0152cd7920af0f75f022c2c
[   22.223813]  (7)[1:init]KernelSU: Found new base.apk at path: /data/app/~~AENgxJQ_nZJvAefoLwSdCg==/com.hpbr.bosszhipin-fvl4KKBt4AOdkefO3zv3iQ==/base.apk, is_manager: 0
[   22.224331]  (6)[1:init]KernelSU: sha256: 90005773d508a3049b39c5a1333316d1dab9e79cfe4ee718340976f417197528
[   22.224337]  (6)[1:init]KernelSU: Found new base.apk at path: /data/app/~~ByjftouSrnhx9z7cYXQb8A==/me.mapleaf.calendar-piMeRC6O0ppQr_54fc6oww==/base.apk, is_manager: 0
[   22.225563]  (7)[1:init]KernelSU: sha256: 6ae17c3c515e364b188a06268a005f13be7af68797dba341a5efa8532d25c69c
[   22.225568]  (7)[1:init]KernelSU: Found new base.apk at path: /data/app/~~NJcdOR6BujCvbVO_nT1CHw==/com.hpbr.directhires-dXhIXMSGJZ5ddGkbhahPLA==/base.apk, is_manager: 0
[   22.226404]  (7)[1:init]KernelSU: sha256: 5dff6b05761447a5bdf919ea88fc6fdf20d301e30b2315415c4d368ec0fbda45
[   22.226409]  (7)[1:init]KernelSU: Found new base.apk at path: /data/app/~~0LlYvOj4qZAHeBrbJrCqZQ==/com.valvesoftware.android.steam.community-27n1mgXyM3oUSeJ4CnZTxA==/base.apk, is_manager: 0
[   22.226760]  (7)[1:init]KernelSU: sha256: d3469712b6214462764a1d8d3e5cbe1d6819a0b629791b9f4101867821f1df64
[   22.229190]  (7)[1:init]KernelSU: Found new base.apk at path: /data/app/~~pvjLcAIM3Yi00py9dHTU9w==/com.resukisu.resukisu-Ch2gzKyZ7OMuce13Lv8rOQ==/base.apk, is_manager: 1
[   22.229194]  (7)[1:init]KernelSU: manager pkg: com.resukisu.resukisu
[   22.229200]  (7)[1:init]KernelSU: Crowning manager: com.resukisu.resukisu uid=10262, signature_index=0
[   22.229203]  (7)[1:init]KernelSU: Manager search finished
[   22.229206]  (7)[1:init]KernelSU: boot not completed, skip prune
[   22.229516]  (7)[1:init]KernelSU: allowlist version: 4
[   22.229520]  (7)[1:init]KernelSU: load_allow_uid, name: com.termux, uid: 10245, allow: 1
[   22.229523]  (7)[1:init]KernelSU: set root profile, key: com.termux, uid: 10245, gid: 0, context: u:r:ksu:s0
[   22.229526]  (7)[1:init]KernelSU: load_allow_uid, name: $, uid: 9999, allow: 0
[   22.229529]  (7)[1:init]KernelSU: set app profile, key: $, uid: 9999, umount modules: 1
[   22.229532]  (7)[1:init]KernelSU: load_allow_uid, name: com.byyoung.setting, uid: 10248, allow: 1
[   22.229534]  (7)[1:init]KernelSU: set root profile, key: com.byyoung.setting, uid: 10248, gid: 0, context: u:r:ksu:s0
[   22.229537]  (7)[1:init]KernelSU: load_allow_uid, name: com.ai.assistance.operit, uid: 10235, allow: 1
[   22.229540]  (7)[1:init]KernelSU: set root profile, key: com.ai.assistance.operit, uid: 10235, gid: 0, context: u:r:ksu:s0
[   22.229543]  (7)[1:init]KernelSU: load_allow_uid, name: bin.mt.plus, uid: 10243, allow: 1
[   22.229545]  (7)[1:init]KernelSU: set root profile, key: bin.mt.plus, uid: 10243, gid: 0, context: u:r:ksu:s0
[   22.229549]  (7)[1:init]KernelSU: load_allow_uid, name: vegabobo.dsusideloader, uid: 10238, allow: 1
[   22.229551]  (7)[1:init]KernelSU: set root profile, key: vegabobo.dsusideloader, uid: 10238, gid: 0, context: u:r:ksu:s0
[   22.229554]  (7)[1:init]KernelSU: load_allow_uid, name: com.google.android.webview, uid: 10228, allow: 0
[   22.229556]  (7)[1:init]KernelSU: set app profile, key: com.google.android.webview, uid: 10228, umount modules: 1
[   22.229559]  (7)[1:init]KernelSU: ksu_show_allow_list
[   22.229561]  (7)[1:init]KernelSU: uid :10245, allow: 1
[   22.229564]  (7)[1:init]KernelSU: uid :9999, allow: 0
[   22.229566]  (7)[1:init]KernelSU: uid :10248, allow: 1
[   22.229568]  (7)[1:init]KernelSU: uid :10235, allow: 1
[   22.229570]  (7)[1:init]KernelSU: uid :10243, allow: 1
[   22.229572]  (7)[1:init]KernelSU: uid :10238, allow: 1
[   22.229574]  (7)[1:init]KernelSU: uid :10228, allow: 0
[   22.229769]  (6)[1196:zn-daemon][I][1196:1196][zn-daemon64]:** init attached
[   22.229822]  (6)[1196:zn-daemon][I][1196:1196][zn-daemon64]:** loading payload ...
[   22.231214]  (6)[1196:zn-daemon][I][1196:1196][zn-daemon64]:libpayload base: 7fa03bd000
[   22.231263]  (6)[1196:zn-daemon][I][1196:1196][zn-daemon64]:** payload loaded
[   22.267285]  (0)[1201:zn-daemon][I][1201:1201][zn-daemon64]:** daemon launched
[   22.267290]  (6)[1196:zn-daemon]zn-daemon: 26 output lines suppressed due to ratelimiting
[   22.267552]  (6)[1201:zn-daemon][I][1201:1201][zn-daemon64]:** stop klog
[   22.399761]  (7)[292:mddp_rx]port ccci_0_200 read data fail when md_state = 0
[   22.701569]  (6)[1259:hybrid-mount]KernelSU: ksu fd installed: 5, name: [ksu_driver], for pid 1259
[   22.701576]  (6)[1259:hybrid-mount]KernelSU: [1259] install ksu fd: 5
[   22.757605]  (7)[1259:hybrid-mount]EXT4-fs (loop43): mounted filesystem with ordered data mode. Opts: 
[   22.757704]  (7)[1259:hybrid-mount]KernelSU: do_nuke_ext4_sysfs: /mnt/hm_Fin9pcWGKL
[   23.011902]  (2)[382:kworker/2:2]last full = 0, full = 0
[   23.014009]  (2)[382:kworker/2:2]mt635x-auxadc mt635x-auxadc: name:BATADC, channel=0, adc_out=0x493f, adc_result=3605
[   23.015829]  (2)[382:kworker/2:2]mt635x-auxadc mt635x-auxadc: name:BATADC, channel=0, adc_out=0x4976, adc_result=3615
[   23.017589]  (2)[382:kworker/2:2]mt635x-auxadc mt635x-auxadc: name:BATADC, channel=0, adc_out=0x4978, adc_result=3616
[   23.048904]  (2)[382:kworker/2:2][OPLUS_CHG][oplus_chg_get_battery_data][Battery]oplus_chg_get_battery_data,				chip->soc[-1],retry_counts[3]
[   23.051471]  (2)[382:kworker/2:2][OPLUS_CHG][oplus_chg_print_log]CHGR[ 0 / 0 / 0 / 3 / 0 ], BAT[ 1 / 0 / 0 / 0 / 1 / 0 ], GAUGE[ 310 / 310 / 3595 / 3606 / 1103 / -1 / 50 / 50 / 0 / 0 / 0 / 0 / 0 / 0 / 0 / 0 / 0 / 0 / 0 / 0 / 0 / 0 / 0 /], STATUS[ 0x0 / 0 / 0 / 0 / 0 / 0x0 ], OTHER[ 0 / 1 / 7 / 0 / 0/ 0 / -2740 ], VOOCPHY[ 0 / 0 / 0 / 0 / 0 / 0x0 / 0 ]
[   23.167321]  (7)[1259:hybrid-mount]KernelSU: ksu fd released
[   23.175162]  (6)[1266:ksud]KernelSU: ksu fd installed: 5, name: [ksu_driver], for pid 1266
[   23.175169]  (6)[1266:ksud]KernelSU: [1266] install ksu fd: 5
[   23.175175]  (6)[1266:ksud]KernelSU: module mounted!
[   23.175177]  (6)[1266:ksud]KernelSU: on_module_mounted!
[   23.175474]  (6)[1266:ksud]KernelSU: ksu fd released
[   23.176321]  (7)[1184:ksud]KernelSU: volumedown_pressed_count: 0
[   23.180552]  (7)[1184:ksud]KernelSU: ksu fd released
[   23.180699]  (6)[1:init]init: Service 'exec 16 (/data/adb/ksud post-fs-data)' (pid 1184) exited with status 0 waiting took 1.349000 seconds
[   23.180710]  (6)[1:init]init: Sending signal 9 to service 'exec 16 (/data/adb/ksud post-fs-data)' (pid 1184) process group...
[   23.180858]  (6)[1:init]libprocessgroup: Removed cgroup /sys/fs/cgroup/uid_0/pid_1184
[   23.181290]  (6)[1:init]init: processing action (post-fs-data) from (/system/etc/init/hw/init.usb.rc:6)
[   23.181471]  (6)[1:init]init: Verified that /data/adb has the encryption policy d05f29513f24373eaa86c1125db9a4bb v2 modes 1/4 flags 0xa
[   23.181483]  (6)[1:init]init: processing action (post-fs-data) from (/vendor/etc/init/hw/init.mt6833.rc:222)
[   23.181699]  (6)[447:init]BOOTPROF:     23181.697978:INIT:post-fs-data
[   23.181816]  (6)[1:init]init: start_waiting_for_property("vendor.all.modules.ready", "1"): already set
[   23.181961]  (6)[447:init]BOOTPROF:     23181.960132:modprobe: Load_Module_DONE
[   23.211438]  (7)[1:init]init: processing action (post-fs-data) from (/vendor/etc/init/hw/init_connectivity.rc:3)
[   23.211982]  (7)[1:init]init: processing action (post-fs-data) from (/vendor/etc/init/hw/init.connectivity.common.rc:3)
[   23.213818]  (7)[1:init]init: processing action (post-fs-data) from (/vendor/etc/init/hw/init.project.rc:8)
[   23.216720]  (7)[447:init]BOOTPROF:     23216.717978:post-fs-data: on modem start
[   23.220293]  (7)[1268:init]KernelSU: mark no sucompat checks for pid: '1268', exec: '/system/bin/clean_scratch_files'
[   23.223824]  (6)[1269:init]KernelSU: mark no sucompat checks for pid: '1269', exec: '/system/bin/otapreopt_slot'
[   23.246980]  (7)[1272:init]KernelSU: mark no sucompat checks for pid: '1272', exec: '/system/bin/recovery-persist'
[   23.263744]  (7)[447:init][mtk_net][rtnl_lock]There is no process hold rtnl lock
[   23.333262]  (6)[447:init]init: Top-level directory needs encryption action, eg mkdir /data/vendor_de <mode> <uid> <gid> encryption=Require
[   23.333730]  (6)[447:init]init: Top-level directory needs encryption action, eg mkdir /data/vendor_de <mode> <uid> <gid> encryption=Require
[   23.336054] -(7)[447:init]SELinux:  Context u:object_r:oppo_fingerprint_file:s0 is not valid (left unmapped).
[   23.336655] -(7)[447:init]SELinux:  Context u:object_r:silead_fpd_data_file:s0 is not valid (left unmapped).
[   23.337365]  (7)[447:init]init: Top-level directory needs encryption action, eg mkdir /data/vendor_de <mode> <uid> <gid> encryption=Require
[   23.341299]  (6)[1273:init]KernelSU: mark no sucompat checks for pid: '1273', exec: '/odm/bin/engineer_vendor_shell.sh'
[   23.423758]  (7)[292:mddp_rx]port ccci_0_200 read data fail when md_state = 0
[   23.438015]  (7)[1286:init]KernelSU: mark no sucompat checks for pid: '1286', exec: '/apex/com.android.tethering/bin/netbpfload'
[   23.449629]  (6)[1286:netbpfload]NetBpfLoad: NetBpfLoad '/apex/com.android.tethering/bin/netbpfload' starting...
[   23.449691]  (6)[1286:netbpfload]NetBpfLoad: /system/etc/init/netbpfload.rc exists.
[   23.449703]  (6)[1286:netbpfload]NetBpfLoad: NetBpfLoad api:10000/34 kver:40e00ba platform:0 mainline:1 rc:01
[   23.450073]  (6)[1286:netbpfload]NetBpfLoad: Found Tethering Apex mounted from blockdev /dev/block/dm-22
[   23.450337]  (6)[1286:netbpfload]NetBpfLoad: Tethering APEX version 350090000
[   23.450441]  (6)[1286:netbpfload]NetBpfLoad: write('/proc/sys/kernel/unprivileged_bpf_disabled', '0
[   23.450445]  (6)[1286:netbpfload]NetBpfLoad: ', 2) -> Invalid argument
[   23.451200]  (7)[1286:netbpfload]NetBpfLoader: Loading optional ELF object /apex/com.android.tethering/etc/bpf/test.o with license Apache 2.0
[   23.451223]  (7)[1286:netbpfload]NetBpfLoader: Section bpfloader_min_ver value is 2 [0x2]
[   23.451241]  (7)[1286:netbpfload]NetBpfLoader: Section bpfloader_max_ver value is 25 [0x19]
[   23.473400]  (7)[1286:bpfloader]bpfloader: 221 output lines suppressed due to ratelimiting
[   23.478876]  (7)[1286:bpfloader]LibBpfLoader: Loading critical for BPF Ringbuf test ELF object /system/etc/bpf/bpfRingbufProg.o with license Apache 2.0
[   23.478901]  (7)[1286:bpfloader]LibBpfLoader: Section bpfloader_min_ver value is 37 [0x25]
[   23.478920]  (7)[1286:bpfloader]LibBpfLoader: Section bpfloader_max_ver value is 65536 [0x10000]
[   23.478936]  (7)[1286:bpfloader]LibBpfLoader: Couldn't find section bpfloader_min_required_ver (defaulting to 0 [0x0]).
[   23.478952]  (7)[1286:bpfloader]LibBpfLoader: Section size_of_bpf_map_def value is 120 [0x78]
[   23.478969]  (7)[1286:bpfloader]LibBpfLoader: Section size_of_bpf_prog_def value is 92 [0x5c]
[   23.478973]  (7)[1286:bpfloader]LibBpfLoader: BpfLoader version 0x00029 processing ELF object /system/etc/bpf/bpfRingbufProg.o with ver [0x00025,0x10000)
[   23.479109]  (7)[1286:bpfloader]LibBpfLoader: Loaded code section 3 (skfilter_ringbuf_test)
[   23.479173]  (7)[1286:bpfloader]LibBpfLoader: Loaded relo section 3 (.relskfilter/ringbuf_test)
[   23.479180]  (7)[1286:bpfloader]LibBpfLoader: Adding section 3 to cs list
[   23.488326]  (6)[1286:bpfloader]bpfloader: 138 output lines suppressed due to ratelimiting
[   23.491328]  (7)[1287:init]KernelSU: mark no sucompat checks for pid: '1287', exec: '/system/bin/update_verifier'
[   23.504148]  (0)[1288:init]KernelSU: mark no sucompat checks for pid: '1288', exec: '/apex/com.android.os.statsd/bin/statsd'
[   23.506752]  (6)[1289:init]KernelSU: mark no sucompat checks for pid: '1289', exec: '/system/bin/netd'
[   23.513075]  (6)[447:init]BOOTPROF:     23513.072979:INIT:zygote-start
[   23.513533]  (6)[447:init]BOOTPROF:     23513.531209:INIT:early-boot
[   23.520620]  (7)[1290:init]KernelSU: exec zygote, /data prepared, second_stage: 1
[   23.520628]  (7)[1290:init]KernelSU: on_post_fs_data already done
[   23.534800]  (1)[1288:statsd]binder: 1288:1288 ioctl 40046210 7ff4e50514 returned -22
[   23.536242]  (4)[1288:binder:1288_2]binder: context.name[binder] tr.size:124 service:stats
[   23.538155]  (7)[533:servicemanager]SELinux: SELinux: Loaded service context from:
[   23.538201]  (7)[533:servicemanager]SELinux: 		/system/etc/selinux/plat_service_contexts
[   23.538212]  (7)[533:servicemanager]SELinux: 		/system_ext/etc/selinux/system_ext_service_contexts
[   23.538221]  (7)[533:servicemanager]SELinux: 		/vendor/etc/selinux/vendor_service_contexts
[   23.538275]  (6)[1298:init]KernelSU: mark no sucompat checks for pid: '1298', exec: '/system/bin/phh-on-data.sh'
[   23.601630]  (6)[1310:init]KernelSU: mark no sucompat checks for pid: '1310', exec: '/system/bin/hw/android.hardware.bluetooth.audio-service-system'
[   23.608088]  (6)[1311:init]KernelSU: mark no sucompat checks for pid: '1311', exec: '/system/system_ext/bin/hw/android.hidl.allocator@1.0-service'
[   23.612370]  (6)[1312:init]KernelSU: mark no sucompat checks for pid: '1312', exec: '/vendor/bin/hw/android.hardware.audio.service.mediatek'
[   23.617685]  (7)[1313:init]KernelSU: mark no sucompat checks for pid: '1313', exec: '/vendor/bin/hw/android.hardware.bluetooth@1.1-service-mediatek'
[   23.623369]  (7)[1315:init]KernelSU: mark no sucompat checks for pid: '1315', exec: '/vendor/bin/hw/android.hardware.drm@1.4-service.widevine'
[   23.623491]  (7)[1314:init]KernelSU: mark no sucompat checks for pid: '1314', exec: '/vendor/bin/hw/android.hardware.drm@1.4-service.clearkey'
[   23.626165]  (6)[1316:init]KernelSU: mark no sucompat checks for pid: '1316', exec: '/vendor/bin/hw/android.hardware.gatekeeper@1.0-service'
[   23.631944]  (7)[1311:android.hidl.al]binder: 1311:1311 ioctl 40046210 7fe80c2404 returned -22
[   23.632997]  (0)[1311:android.hidl.al]binder: context.name[hwbinder] tr.size:308 service:hwbinderService
[   23.634001]  (7)[1317:init]KernelSU: mark no sucompat checks for pid: '1317', exec: '/vendor/bin/hw/android.hardware.gnss-service.mediatek'
[   23.636574]  (6)[1318:init]KernelSU: mark no sucompat checks for pid: '1318', exec: '/vendor/bin/hw/android.hardware.graphics.allocator@4.0-service-mediatek'
[   23.639058]  (0)[1319:init]KernelSU: mark no sucompat checks for pid: '1319', exec: '/vendor/bin/hw/android.hardware.graphics.composer@2.1-service'
[   23.642750]  (7)[1320:init]KernelSU: mark no sucompat checks for pid: '1320', exec: '/vendor/bin/hw/android.hardware.health@2.1-service'
[   23.649358]  (2)[1321:init]KernelSU: mark no sucompat checks for pid: '1321', exec: '/vendor/bin/hw/android.hardware.media.c2@1.2-mediatek'
[   23.654569]  (3)[1322:init]KernelSU: mark no sucompat checks for pid: '1322', exec: '/vendor/bin/hw/android.hardware.memtrack@1.0-service'
[   23.658580]  (1)[1323:init]KernelSU: mark no sucompat checks for pid: '1323', exec: '/vendor/bin/hw/android.hardware.secure_element@1.2-service-mediatek'
[   23.662135]  (3)[1324:init]KernelSU: mark no sucompat checks for pid: '1324', exec: '/vendor/bin/hw/android.hardware.sensors@2.0-service.multihal-mediatek'
[   23.666357]  (6)[1325:init]KernelSU: mark no sucompat checks for pid: '1325', exec: '/vendor/bin/hw/android.hardware.thermal@2.0-service.mtk'
[   23.673308]  (6)[1326:init]KernelSU: mark no sucompat checks for pid: '1326', exec: '/vendor/bin/hw/android.hardware.usb@1.2-service-mediatekv2'
[   23.684426]  (7)[1327:init]KernelSU: mark no sucompat checks for pid: '1327', exec: '/vendor/bin/hw/vtservice_hidl'
[   23.690126]  (6)[1328:init]KernelSU: mark no sucompat checks for pid: '1328', exec: '/vendor/bin/lbs_hidl_service'
[   23.693907]  (7)[1329:init]KernelSU: mark no sucompat checks for pid: '1329', exec: '/vendor/bin/hw/android.hardware.lights-service.mediatek'
[   23.694453]  (3)[1313:android.hardwar]binder: 1313:1313 ioctl 40046210 7fdbf79734 returned -22
[   23.694462]  (0)[1316:android.hardwar]binder: 1316:1316 ioctl 40046210 7feed13b54 returned -22
[   23.694637]  (7)[1322:android.hardwar]binder: 1322:1322 ioctl 40046210 7ffd6e9c74 returned -22
[   23.694801]  (5)[1320:android.hardwar]binder: 1320:1320 ioctl 40046210 7ffccee8e4 returned -22
[   23.700948]  (1)[1331:init]KernelSU: mark no sucompat checks for pid: '1331', exec: '/vendor/bin/hw/vendor.mediatek.hardware.mtkpower@1.0-service'
[   23.704508]  (7)[1332:init]KernelSU: mark no sucompat checks for pid: '1332', exec: '/vendor/bin/hw/vendor.mediatek.hardware.nvram@1.1-service'
[   23.707612]  (7)[1333:init]KernelSU: mark no sucompat checks for pid: '1333', exec: '/vendor/bin/hw/vendor.mediatek.hardware.nwk_opt@1.0-service'
[   23.710182]  (7)[1334:init]KernelSU: mark no sucompat checks for pid: '1334', exec: '/vendor/bin/hw/vendor.trustonic.tee@1.1-service'
[   23.712372]  (7)[1335:init]KernelSU: mark no sucompat checks for pid: '1335', exec: '/vendor/bin/hw/android.hardware.vibrator-service.mediatek'
[   23.720221]  (7)[1325:android.hardwar]binder: 1325:1325 ioctl 40046210 7ff322b0e4 returned -22
[   23.727564]  (6)[1320:android.hardwar]healthd: BatteryCycleCountPath not found
[   23.730021]  (1)[1322:android.hardwar]binder: context.name[hwbinder] tr.size:308 service:hwbinderService
[   23.730045]  (6)[1313:android.hardwar]binder: context.name[hwbinder] tr.size:348 service:hwbinderService
[   23.738254]  (5)[1327:vtservice_hidl]binder: 1327:1327 ioctl 40046210 7fe4ace194 returned -22
[   23.738638]  (5)[1337:init]KernelSU: mark no sucompat checks for pid: '1337', exec: '/odm/bin/hw/vendor.oplus.hardware.cammidasservice@1.0-service'
[   23.740007]  (7)[1310:android.hardwar]binder: 1310:1310 ioctl 40046210 7fde2ad254 returned -22
[   23.740198]  (7)[1320:android.hardwar]binder: context.name[hwbinder] tr.size:348 service:hwbinderService
[   23.740264]  (7)[1310:android.hardwar]binder: 1310:1310 ioctl 40046210 7fde2ad244 returned -22
[   23.741113] -(6)[1320:health@2.1-serv]alarmtimer_enqueue, 83737389231
[   23.741131]  (7)[1325:android.hardwar]binder: context.name[hwbinder] tr.size:348 service:hwbinderService
[   23.741654]  (7)[1310:android.hardwar]binder: context.name[binder] tr.size:256 service:android.hardware.bluetooth.audi
[   23.742156]  (6)[1320:health@2.1-serv]healthd: battery l=50 v=3 t=31.0 h=2 st=4 c=1221 fc=0 chg=
[   23.742230]  (0)[1318:android.hardwar]binder: 1318:1318 ioctl 40046210 7ff19a8e24 returned -22
[   23.742883]  (5)[533:servicemanager]servicemanager: getDeviceHalManifest: Reloading VINTF information.
[   23.742892] -(6)[1320:health@2.1-serv]alarmtimer_enqueue, 623739169539
[   23.743403]  (5)[533:servicemanager]servicemanager: getDeviceHalManifest: Reading VINTF information.
[   23.754210]  (7)[1317:android.hardwar]binder: 1317:1317 ioctl 40046210 7fe75c3ab4 returned -22
[   23.757538]  (7)[1329:android.hardwar]binder: 1329:1329 ioctl 40046210 7fc53f3134 returned -22
[   23.760326]  (6)[1327:vtservice_hidl]binder: context.name[hwbinder] tr.size:308 service:hwbinderService
[   23.764302]  (6)[1344:init]KernelSU: mark no sucompat checks for pid: '1344', exec: '/odm/bin/hw/vendor.oplus.hardware.charger@1.0-service'
[   23.769464]  (7)[1337:vendor.oplus.ha]binder: 1337:1337 ioctl 40046210 7fd53ec5c4 returned -22
[   23.769892]  (7)[1333:vendor.mediatek]binder: 1333:1333 ioctl 40046210 7fd0260ec4 returned -22
[   23.770227]  (3)[1324:android.hardwar]binder: 1324:1324 ioctl 40046210 7fe4ba29a4 returned -22
[   23.772095]  (0)[1328:lbs_hidl_servic]binder: 1328:1328 ioctl 40046210 7fdcd11cf4 returned -22
[   23.772679]  (2)[1314:android.hardwar]binder: 1314:1314 ioctl 40046210 7fe681e624 returned -22
[   23.773819]  (7)[1334:vendor.trustoni]binder: 1334:1334 ioctl 40046210 7ff1dbab44 returned -22
[   23.773849]  (6)[1337:vendor.oplus.ha]binder: context.name[hwbinder] tr.size:308 service:hwbinderService
[   23.774273]  (0)[1328:lbs_hidl_servic]binder: context.name[hwbinder] tr.size:308 service:hwbinderService
[   23.775814]  (7)[1332:vendor.mediatek]binder: 1332:1332 ioctl 40046210 7fccbddee4 returned -22
[   23.776220]  (7)[1333:vendor.mediatek]binder: context.name[hwbinder] tr.size:308 service:hwbinderService
[   23.776435]  (0)[1314:android.hardwar]binder: context.name[hwbinder] tr.size:468 service:hwbinderService
[   23.776995]  (2)[1328:lbs_hidl_servic]binder: context.name[hwbinder] tr.size:308 service:hwbinderService
[   23.777869]  (2)[1319:android.hardwar]binder: 1319:1319 ioctl 40046210 7ff4df3ba4 returned -22
[   23.778772]  (4)[1326:android.hardwar]binder: 1326:1326 ioctl 40046210 7fe958e874 returned -22
[   23.778793]  (7)[1349:init]KernelSU: mark no sucompat checks for pid: '1349', exec: '/odm/bin/hw/vendor.oplus.hardware.cryptoeng@1.0-service'
[   23.778973]  (2)[1328:lbs_hidl_servic]binder: context.name[hwbinder] tr.size:308 service:hwbinderService
[   23.780601]  (3)[1328:lbs_hidl_servic]binder: context.name[hwbinder] tr.size:308 service:hwbinderService
[   23.781267]  (1)[1326:android.hardwar]binder: context.name[hwbinder] tr.size:428 service:hwbinderService
[   23.781276]  (4)[1314:drm@1.4-service]binder: context.name[hwbinder] tr.size:468 service:hwbinderService
[   23.782252]  (2)[1319:android.hardwar]binder: 1319:1319 ioctl 40046210 7ff4df3b84 returned -22
[   23.782637]  (4)[1328:lbs_hidl_servic]binder: context.name[hwbinder] tr.size:308 service:hwbinderService
[   23.783958]  (2)[1326:usb@1.2-service]binder: context.name[hwbinder] tr.size:348 service:hwbinderService
[   23.785301]  (4)[1328:lbs_hidl_servic]binder: context.name[hwbinder] tr.size:308 service:hwbinderService
[   23.785873]  (5)[533:servicemanager]servicemanager: Loaded APEX Infos from /apex/apex-info-list.xml
[   23.785931]  (5)[533:servicemanager]servicemanager: getDeviceHalManifest: Successfully processed VINTF information
[   23.785984]  (5)[533:servicemanager]servicemanager: Found android.hardware.bluetooth.audio.IBluetoothAudioProviderFactory/sysbta in framework VINTF manifest.
[   23.786601]  (3)[1329:android.hardwar]binder: context.name[binder] tr.size:192 service:android.hardware.light.ILights/
[   23.786684]  (4)[1317:binder:1317_2]binder: context.name[binder] tr.size:184 service:android.hardware.gnss.IGnss/def
[   23.787256]  (5)[1328:lbs_hidl_servic]binder: context.name[hwbinder] tr.size:308 service:hwbinderService
[   23.787324]  (7)[1357:mtkPowerAIDL]binder: 1331:1357 ioctl 40046210 78f35fba14 returned -22
[   23.787444]  (4)[533:servicemanager]servicemanager: Found android.hardware.light.ILights/default in device VINTF manifest.
[   23.787968]  (6)[1332:vendor.mediatek]binder: context.name[hwbinder] tr.size:348 service:hwbinderService
[   23.788076]  (7)[1356:mtkPowerService]binder: 1331:1356 ioctl 40046210 7973f93ab4 returned -22
[   23.788657]  (4)[1361:init]KernelSU: mark no sucompat checks for pid: '1361', exec: '/odm/bin/hw/vendor.oplus.hardware.displaypanelfeature@1.0-service'
[   23.788820]  (3)[1317:binder:1317_2]binder: 1317:1317 ioctl 40046210 7fe75c3af4 returned -22
[   23.790349]  (4)[1328:lbs_hidl_servic]binder: context.name[hwbinder] tr.size:308 service:hwbinderService
[   23.790497]  (5)[1334:vendor.trustoni]binder: context.name[hwbinder] tr.size:348 service:hwbinderService
[   23.793926]  (3)[1328:lbs_hidl_servic]binder: context.name[hwbinder] tr.size:308 service:hwbinderService
[   23.794254]  (6)[1335:android.hardwar]binder: 1335:1335 ioctl 40046210 7fd0ac5344 returned -22
[   23.797969]  (6)[1334:tee@1.1-service]binder: context.name[hwbinder] tr.size:308 service:hwbinderService
[   23.798153]  (6)[1335:android.hardwar]binder: context.name[binder] tr.size:200 service:android.hardware.vibrator.IVibr
[   23.798534]  (3)[1328:lbs_hidl_servic]binder: context.name[hwbinder] tr.size:308 service:hwbinderService
[   23.798888]  (6)[1335:android.hardwar]binder: context.name[binder] tr.size:216 service:android.hardware.vibrator.IVibr
[   23.799701]  (7)[1315:android.hardwar]binder: 1315:1315 ioctl 40046210 7fd3af5cc4 returned -22
[   23.800101]  (3)[1317:binder:1317_2]binder: context.name[hwbinder] tr.size:428 service:hwbinderService
[   23.801055]  (4)[1328:lbs_hidl_servic]binder: context.name[hwbinder] tr.size:308 service:hwbinderService
[   23.802031]  (2)[1328:lbs_hidl_servic]binder: context.name[hwbinder] tr.size:308 service:hwbinderService
[   23.802110]  (4)[1315:android.hardwar]binder: context.name[hwbinder] tr.size:468 service:hwbinderService
[   23.802632]  (6)[1364:init]KernelSU: mark no sucompat checks for pid: '1364', exec: '/odm/bin/hw/vendor.oplus.hardware.gameopt@1.0-service'
[   23.805102]  (6)[1366:init]KernelSU: mark no sucompat checks for pid: '1366', exec: '/odm/bin/hw/vendor.oplus.hardware.misc@1.0-service'
[   23.805455]  (6)[1328:lbs_hidl_servic]binder: context.name[hwbinder] tr.size:308 service:hwbinderService
[   23.805475]  (1)[1344:vendor.oplus.ha]binder: 1344:1344 ioctl 40046210 7ffb76c434 returned -22
[   23.807291]  (5)[1315:drm@1.4-service]binder: context.name[hwbinder] tr.size:468 service:hwbinderService
[   23.808293]  (1)[1328:lbs_hidl_servic]binder: context.name[hwbinder] tr.size:308 service:hwbinderService
[   23.808765]  (1)[1344:vendor.oplus.ha]binder: context.name[hwbinder] tr.size:308 service:hwbinderService
[   23.810197]  (3)[1328:lbs_hidl_servic]binder: context.name[hwbinder] tr.size:308 service:hwbinderService
[   23.812652]  (3)[1328:lbs_hidl_servic]binder: context.name[hwbinder] tr.size:308 service:hwbinderService
[   23.813287]  (7)[1323:android.hardwar]binder: 1323:1323 ioctl 40046210 7fe14c2034 returned -22
[   23.813478]  (6)[1310:android.hardwar]binder: context.name[hwbinder] tr.size:308 service:hwbinderService
[   23.813684]  (6)[1368:init]KernelSU: mark no sucompat checks for pid: '1368', exec: '/odm/bin/hw/vendor.oplus.hardware.oplusSensor@1.0-service'
[   23.814535]  (3)[1328:lbs_hidl_servic]binder: context.name[hwbinder] tr.size:308 service:hwbinderService
[   23.815510]  (7)[1328:lbs_hidl_servic]binder: context.name[hwbinder] tr.size:308 service:hwbinderService
[   23.816091]  (0)[1323:android.hardwar]binder: context.name[hwbinder] tr.size:388 service:hwbinderService
[   23.817569]  (1)[1328:lbs_hidl_servic]binder: context.name[hwbinder] tr.size:308 service:hwbinderService
[   23.817878]  (3)[1372:init]KernelSU: mark no sucompat checks for pid: '1372', exec: '/odm/bin/hw/vendor.oplus.hardware.orms.ormsHalService@1.0-service'
[   23.818132]  (1)[1323:secure_element@]binder: context.name[hwbinder] tr.size:388 service:hwbinderService
[   23.818742]  (0)[1328:lbs_hidl_servic]binder: context.name[hwbinder] tr.size:308 service:hwbinderService
[   23.831355]  (3)[1378:init]KernelSU: mark no sucompat checks for pid: '1378', exec: '/odm/bin/hw/vendor.oplus.hardware.rpmh@2.0-service'
[   23.831886]  (7)[1376:init]KernelSU: mark no sucompat checks for pid: '1376', exec: '/odm/bin/hw/vendor.oplus.hardware.performance@1.0-service'
[   23.833094]  (0)[1364:vendor.oplus.ha]binder: 1364:1364 ioctl 40046210 7fd8f48a14 returned -22
[   23.833952]  (0)[1324:android.hardwar][mtk_nanohub]mtk_nanohub_config [1]
[   23.834373]  (4)[1366:vendor.oplus.ha]binder: 1366:1366 ioctl 40046210 7fc4fd1944 returned -22
[   23.836625]  (5)[1324:android.hardwar][mtk_nanohub]mtk_nanohub_config [4]
[   23.836658]  (6)[1379:init]KernelSU: mark no sucompat checks for pid: '1379', exec: '/odm/bin/hw/vendor.oplus.hardware.stability.oplus_project@1.0-service'
[   23.837900]  (5)[1364:vendor.oplus.ha]binder: context.name[hwbinder] tr.size:308 service:hwbinderService
[   23.840318]  (3)[1366:vendor.oplus.ha]binder: context.name[hwbinder] tr.size:308 service:hwbinderService
[   23.840729]  (7)[1310:android.hardwar]binder: context.name[hwbinder] tr.size:308 service:hwbinderService
[   23.842343]  (1)[1324:android.hardwar][mtk_nanohub]mtk_nanohub_config [2]
[   23.843881]  (6)[1361:vendor.oplus.ha]binder: 1361:1361 ioctl 40046210 7fe0f0c6b4 returned -22
[   23.844283]  (6)[1361:vendor.oplus.ha]binder: 1361:1361 ioctl 40046210 7fe0f0c694 returned -22
[   23.844827]  (6)[1361:vendor.oplus.ha]binder: context.name[vndbinder] tr.size:136 service:dp.service
[   23.845179]  (6)[1382:init]KernelSU: mark no sucompat checks for pid: '1382', exec: '/odm/bin/hw/vendor.oplus.hardware.touch@1.0-service'
[   23.845480]  (0)[1324:android.hardwar][sensor_devinfo] sensor_feature_read_func 1398 : Ptr2UINT32(p) = 3 
[   23.845863]  (0)[1324:android.hardwar][sensor_devinfo] sensor_feature_read_func 1398 : Ptr2UINT32(p) = 3 
[   23.847226]  (7)[1361:vendor.oplus.ha]binder: context.name[hwbinder] tr.size:308 service:hwbinderService
[   23.847479]  (0)[1318:android.hardwar]binder: context.name[hwbinder] tr.size:308 service:hwbinderService
[   23.851191]  (7)[1372:vendor.oplus.ha]binder: 1372:1372 ioctl 40046210 7fda227f04 returned -22
[   23.852482]  (0)[1372:vendor.oplus.ha]binder: context.name[hwbinder] tr.size:308 service:hwbinderService
[   23.852834]  (6)[1389:init]KernelSU: mark no sucompat checks for pid: '1389', exec: '/odm/bin/hw/vendor.oplus.hardware.wifi@1.1-service'
[   23.855083]  (1)[1368:vendor.oplus.ha]binder: 1368:1368 ioctl 40046210 7fdcd418c4 returned -22
[   23.856913]  (3)[1324:android.hardwar]binder: context.name[hwbinder] tr.size:308 service:hwbinderService
[   23.857723]  (3)[1368:vendor.oplus.ha][sensor_devinfo] sensor_feature_read_func 1398 : Ptr2UINT32(p) = 3 
[   23.857922]  (3)[1368:vendor.oplus.ha][sensor_devinfo] sensor_feature_read_func 1398 : Ptr2UINT32(p) = 3 
[   23.858239]  (3)[1368:vendor.oplus.ha][sensor_devinfo] als_cali_read_func 819 : Ptr2UINT32(p) = 6 
[   23.858500]  (3)[1368:vendor.oplus.ha][sensor_devinfo] als_cali_write 864 : node1 = 1,val = 0
[   23.858610]  (3)[1368:vendor.oplus.ha][sensor_devinfo] als_cali_write 864 : node1 = 2,val = 0
[   23.858704]  (3)[1368:vendor.oplus.ha][sensor_devinfo] als_cali_write 864 : node1 = 3,val = 0
[   23.859188]  (3)[1368:vendor.oplus.ha][sensor_devinfo] als_cali_write 864 : node1 = 4,val = 0
[   23.859319]  (3)[1368:vendor.oplus.ha][sensor_devinfo] als_cali_write 864 : node1 = 5,val = 1082
[   23.861715]  (3)[1368:vendor.oplus.ha]binder: context.name[hwbinder] tr.size:308 service:hwbinderService
[   23.864904]  (3)[212:tee_log]Trustonic TEE: 104(5)|MSH ASLR 601, UUID=09080000-0000-0000-0000-000000000000, code offset 0x00186000, mclib offset 0x07e2f000
[   23.867182]  (6)[1391:init]KernelSU: mark no sucompat checks for pid: '1391', exec: '/vendor/bin/fuelgauged'
[   23.870922]  (7)[1397:init]KernelSU: mark no sucompat checks for pid: '1397', exec: '/system/bin/audioserver'
[   23.871454]  (2)[212:tee_log]Trustonic TEE: 601(0)|[crypto_eng] tlMain(): main... Oct 13 202214:29:54
[   23.872150]  (0)[1349:vendor.oplus.ha]binder: 1349:1349 ioctl 40046210 7ffbaa4ea4 returned -22
[   23.873493]  (2)[1376:vendor.oplus.ha]binder: 1376:1376 ioctl 40046210 7fe5ab0744 returned -22
[   23.875392]  (6)[1405:init]KernelSU: mark no sucompat checks for pid: '1405', exec: '/system/bin/gpuservice'
[   23.875403]  (0)[1349:vendor.oplus.ha]binder: context.name[hwbinder] tr.size:308 service:hwbinderService
[   23.878450]  (2)[1376:vendor.oplus.ha]binder: context.name[hwbinder] tr.size:308 service:hwbinderService
[   23.881392]  (4)[1310:android.hardwar]binder: context.name[hwbinder] tr.size:308 service:hwbinderService
[   23.882289]  (7)[1382:vendor.oplus.ha]binder: 1382:1382 ioctl 40046210 7fccc8eb74 returned -22
[   23.882480]  (4)[1378:vendor.oplus.ha]binder: 1378:1378 ioctl 40046210 7ff662dc04 returned -22
[   23.883270]  (7)[1403:init]KernelSU: mark no sucompat checks for pid: '1403', exec: '/system/bin/credstore'
[   23.883954]  (3)[1382:vendor.oplus.ha]binder: context.name[hwbinder] tr.size:308 service:hwbinderService
[   23.885496]  (1)[1378:vendor.oplus.ha]binder: context.name[hwbinder] tr.size:308 service:hwbinderService
[   23.887111]  (5)[1379:vendor.oplus.ha]binder: 1379:1379 ioctl 40046210 7ff2af0054 returned -22
[   23.887294]  (7)[1408:init]KernelSU: mark no sucompat checks for pid: '1408', exec: '/system/bin/misctrl'
[   23.889046]  (7)[1289:netd]binder: 1289:1289 ioctl 40046210 7ffc0b7a44 returned -22
[   23.889077]  (5)[1379:vendor.oplus.ha]binder: context.name[hwbinder] tr.size:308 service:hwbinderService
[   23.889389]  (6)[1289:netd]binder: context.name[binder] tr.size:136 service:dnsresolver
[   23.890180]  (7)[1289:binder:1289_2]binder: context.name[binder] tr.size:124 service:netd
[   23.890626]  (6)[1289:binder:1289_3]binder: context.name[binder] tr.size:124 service:mdns
[   23.892045]  (7)[1289:binder:1289_3]binder: 1289:1289 ioctl 40046210 7ffc0b7d34 returned -22
[   23.892693]  (6)[1289:binder:1289_3]binder: context.name[hwbinder] tr.size:348 service:hwbinderService
[   23.894697]  (1)[1413:binder:1289_3]binder: context.name[binder] tr.size:188 service:android.system.net.netd.INetd/d
[   23.900847]  (0)[1391:fuelgauged][fr] FG_DAEMON_CMD_SET_DAEMON_PID = 1391(first launch)
[   23.900923]  (0)[1391:fuelgauged][fr] data len:764 custom data length = 0
[   23.900954]  (0)[1391:fuelgauged]fg_daemon_get_data type:0, tsize:39020 size:2048 idx:0
[   23.900983]  (0)[1391:fuelgauged]fg_daemon_get_data type:0, tsize:39020 size:2048 idx:2048
[   23.901005]  (0)[1391:fuelgauged]fg_daemon_get_data type:0, tsize:39020 size:2048 idx:4096
[   23.901025]  (0)[1391:fuelgauged]fg_daemon_get_data type:0, tsize:39020 size:2048 idx:6144
[   23.901044]  (0)[1391:fuelgauged]fg_daemon_get_data type:0, tsize:39020 size:2048 idx:8192
[   23.901063]  (0)[1391:fuelgauged]fg_daemon_get_data type:0, tsize:39020 size:2048 idx:10240
[   23.901083]  (0)[1391:fuelgauged]fg_daemon_get_data type:0, tsize:39020 size:2048 idx:12288
[   23.901102]  (0)[1391:fuelgauged]fg_daemon_get_data type:0, tsize:39020 size:2048 idx:14336
[   23.901121]  (0)[1391:fuelgauged]fg_daemon_get_data type:0, tsize:39020 size:2048 idx:16384
[   23.901141]  (0)[1391:fuelgauged]fg_daemon_get_data type:0, tsize:39020 size:2048 idx:18432
[   23.901161]  (0)[1391:fuelgauged]fg_daemon_get_data type:0, tsize:39020 size:2048 idx:20480
[   23.901180]  (0)[1391:fuelgauged]fg_daemon_get_data type:0, tsize:39020 size:2048 idx:22528
[   23.901200]  (0)[1391:fuelgauged]fg_daemon_get_data type:0, tsize:39020 size:2048 idx:24576
[   23.901218]  (0)[1391:fuelgauged]fg_daemon_get_data type:0, tsize:39020 size:2048 idx:26624
[   23.901237]  (0)[1391:fuelgauged]fg_daemon_get_data type:0, tsize:39020 size:2048 idx:28672
[   23.901256]  (0)[1391:fuelgauged]fg_daemon_get_data type:0, tsize:39020 size:2048 idx:30720
[   23.901275]  (0)[1391:fuelgauged]fg_daemon_get_data type:0, tsize:39020 size:2048 idx:32768
[   23.901294]  (0)[1391:fuelgauged]fg_daemon_get_data type:0, tsize:39020 size:2048 idx:34816
[   23.901313]  (0)[1391:fuelgauged]fg_daemon_get_data type:0, tsize:39020 size:2048 idx:36864
[   23.901332]  (0)[1391:fuelgauged]fg_daemon_get_data type:0, tsize:39020 size:108 idx:38912
[   23.901361]  (0)[1391:fuelgauged]MTK_BH: GM3 Version Check OK, cmds:-252532183 88 table:88 764 kcmds:764 16 get:16 12,set:12 1016
[   23.901380]  (0)[1391:fuelgauged]MTK_BH: GM3 Version Check OK, cmds:-252532183 88 table:88 764 kcmds:764 16 get:16 12,set:12 1016
[   23.901583]  (3)[1389:vendor.oplus.ha]binder: 1389:1389 ioctl 40046210 7ff3b7fdf4 returned -22
[   23.902157]  (0)[1391:fuelgauged]Task-Turbo: task_turbo_feats is change to 0 successfully
[   23.902531]  (0)[1391:fuelgauged]mt635x-auxadc mt635x-auxadc: name:VBIF, channel=11, adc_out=0xa08, adc_result=2821
[   23.902642]  (3)[1389:vendor.oplus.ha]binder: context.name[hwbinder] tr.size:308 service:hwbinderService
[   23.902795]  (0)[1391:fuelgauged][CH3_DBG] bat_cur = -13299
[   23.904210]  (4)[1312:android.hardwar]binder: 1312:1312 ioctl 40046210 ffe518e8 returned -22
[   23.904532]  (4)[1312:android.hardwar]binder: 1312:1312 ioctl 40046210 ffe518d0 returned -22
[   23.904902]  (7)[1391:fuelgauged]mt635x-auxadc mt635x-auxadc: name:BAT_TEMP, channel=3, adc_out=0x352, adc_result=933
[   23.905258]  (7)[1391:fuelgauged][force_get_tbat] tbat_precise bat_temperature_val:31
[   23.905299]  (7)[1391:fuelgauged]MTK_BH: [init_avg_battemp]init avg battemp:31 done, g_avg_BATTEMP=31, index[o:0,n:0]
[   23.906365]  (7)[1391:fuelgauged][CH3_DBG] bat_cur = -12677
[   23.907916]  (7)[1391:fuelgauged][force_get_tbat] tbat_precise bat_temperature_val:30
[   23.907955]  (7)[1391:fuelgauged]charge_power_sel = 0
[   23.907977]  (7)[1391:fuelgauged]MTK_BH: [Profile_Table][fg_construct_battery_profile]pseudo100_en:[1] pseudo100_en_dis 0 lowT 25 highT 50 T_new 30 lowPs100 9500 highPs100 9700 batterypseudo100 [9540]
[   23.909053]  (7)[1391:fuelgauged][CH3_DBG] bat_cur = -11993
[   23.910587]  (7)[1391:fuelgauged][force_get_tbat] tbat_precise bat_temperature_val:30
[   23.910625]  (7)[1391:fuelgauged]charge_power_sel = 0
[   23.910678]  (3)[1417:init]KernelSU: mark no sucompat checks for pid: '1417', exec: '/system/bin/watchdogd'
[   23.912519]  (7)[1391:fuelgauged][fr] PTIM_LK V 37081 I -2127,curr_bat_vol=35880
[   23.913546]  (7)[1391:fuelgauged][CH3_DBG] bat_cur = -10849
[   23.915209]  (7)[1391:fuelgauged][force_get_tbat] tbat_precise bat_temperature_val:31
[   23.915459]  (7)[1391:fuelgauged]MTK_BH: [fg_compensate_battery_voltage_from_low] h_percent=[9984,9881],high=97,fg_volt_withIR=34260 > ori_voltage=33500
[   23.915468]  (7)[1391:fuelgauged]MTK_BH: [fg_compensate_battery_voltage_from_low]fg_volt=34317,97,IR=-755,orig_v:33500,+IR=33562,percent=9944,
[   23.916321]  (2)[1418:init]KernelSU: mark no sucompat checks for pid: '1418', exec: '/vendor/bin/ccci_mdinit'
[   23.916956]  (7)[1415:init]KernelSU: mark no sucompat checks for pid: '1415', exec: '/system/bin/surfaceflinger'
[   23.917520]  (7)[1391:fuelgauged][fr] PTIM_LK V 37081 I -2127,curr_bat_vol=35870
[   23.918933]  (7)[1391:fuelgauged][CH3_DBG] bat_cur = -10168
[   23.920327]  (7)[1391:fuelgauged][force_get_tbat] tbat_precise bat_temperature_val:31
[   23.920376]  (7)[1391:fuelgauged]MTK_BH: [fg_compensate_battery_voltage_from_low] h_percent=[9984,9881],high=97,fg_volt_withIR=34260 > ori_voltage=33500
[   23.920384]  (7)[1391:fuelgauged]MTK_BH: [fg_compensate_battery_voltage_from_low]fg_volt=34317,97,IR=-755,orig_v:33500,+IR=33562,percent=9944,
[   23.921871]  (7)[1391:fuelgauged][CH3_DBG] bat_cur = -10845
[   23.923471]  (7)[1391:fuelgauged][force_get_tbat] tbat_precise bat_temperature_val:31
[   23.923514]  (7)[1391:fuelgauged]MTK_BH: [fg_compensate_battery_voltage_from_low] h_percent=[10040,9936],high=97,fg_volt_withIR=34388 > ori_voltage=33600
[   23.923522]  (7)[1391:fuelgauged]MTK_BH: [fg_compensate_battery_voltage_from_low]fg_volt=34313,97,IR=-621,orig_v:33600,+IR=33692,percent=10000,
[   23.923802]  (7)[1391:fuelgauged][fr] FG_DAEMON_CMD_GET_FG_CURRENT_IAVG_VALID = 1
[   23.937140]  (6)[1417:watchdogd]watchdogd: watchdogd started (interval 10, margin 20)!
[   23.937165]  (6)[1417:watchdogd]watchdogd: Failed to open /dev/watchdog: No such file or directory
[   23.949645]  (5)[1319:android.hardwar]mtk_dsi_connector_get_modes, 3392, htotal_low:771, mcount:2
[   23.950565]  (6)[1405:gpuservice]binder: 1405:1405 ioctl 40046210 7fd07ed364 returned -22
[   23.950836]  (6)[1405:gpuservice]binder: context.name[binder] tr.size:120 service:gpu
[   23.952500]  (7)[1418:ccci_mdinit]BOOTPROF:     23952.497903:ccci_md1: md_init srv start
[   23.953781]  (6)[1422:init]KernelSU: mark no sucompat checks for pid: '1422', exec: '/vendor/bin/ccci_mdinit'
[   23.953888]  (7)[1418:ccci_mdinit][ccci1/chr]port ccci_fs open with flag 20002 by ccci_mdinit
[   23.953902]  (7)[1418:ccci_mdinit][ccci1/chr]port ccci_fs close by ccci_mdinit rx_len=0 empty=1, clear_cnt=0, drop=0 usagecnt=0
[   23.953909]  (7)[1418:ccci_mdinit][ccci1/pot]critical user check: 0x0
[   23.954025]  (7)[1418:ccci_mdinit]BOOTPROF:     23954.023749:ccci_md1: init
[   23.954308]  (6)[1418:ccci_mdinit]BOOTPROF:     23954.307210:ccci_md1: decpyt ready
[   23.954327]  (6)[1418:ccci_mdinit]BOOTPROF:     23954.326595:ccci_md1: decpyt ready
[   23.954341]  (6)[1418:ccci_mdinit][ccci1/fsm]monitor node open by ccci_mdinit
[   23.954426]  (6)[1418:ccci_mdinit][ccci1/chr]port ccci_ipc_5 open with flag 20002 by ccci_mdinit
[   23.954499]  (6)[1418:ccci_mdinit][ccci1/chr]port ccci_fs open with flag 20002 by ccci_mdinit
[   23.954526]  (6)[1418:ccci_mdinit]BOOTPROF:     23954.525364:ccci_md1: reset
[   23.955425]  (6)[1403:credstore]binder: 1403:1403 ioctl 40046210 7fd78e7ce4 returned -22
[   23.955440]  (7)[1418:ccci_mdinit][ccci1/chr]port ccci_ccb_ctrl open with flag 20002 by ccci_mdinit
[   23.955448]  (7)[1418:ccci_mdinit][ccci1/shm]ccb_configs_len: 20
[   23.955479]  (7)[1418:ccci_mdinit][ccci1/shm]find ccb port ccci_ccb_dhl for user1!
[   23.955494]  (7)[1418:ccci_mdinit][ccci1/chr]remap control addr:0x8e0c5000 len:4096  map-len:4096
[   23.955498]  (7)[1418:ccci_mdinit][ccci1/chr]remap succeed 8e0c5, 0x8e0c5000 -> 0x73ce316000
[   23.955691]  (6)[1403:credstore]binder: context.name[binder] tr.size:164 service:android.security.identity
[   23.955700]  (7)[1418:ccci_mdinit][ccci1/chr]port ccci_ccb_ctrl close by ccci_mdinit rx_len=0 empty=1, clear_cnt=0, drop=0 usagecnt=0
[   23.955707]  (7)[1418:ccci_mdinit][ccci1/pot]critical user check: 0x1
[   23.955766]  (7)[1418:ccci_mdinit][ccci1/chr]port ccci_ccb_ctrl open with flag 20002 by ccci_mdinit
[   23.955776]  (7)[1418:ccci_mdinit][ccci1/shm]ccb_configs_len: 20
[   23.955799]  (7)[1418:ccci_mdinit][ccci1/shm]find ccb port ccci_ccb_md_monitor for user2!
[   23.955814]  (7)[1418:ccci_mdinit][ccci1/chr]remap control addr:0x8e0c5000 len:4096  map-len:4096
[   23.955817]  (7)[1418:ccci_mdinit][ccci1/chr]remap succeed 8e0c5, 0x8e0c5000 -> 0x73ce316000
[   23.955844]  (7)[1418:ccci_mdinit][ccci1/chr]port ccci_ccb_ctrl close by ccci_mdinit rx_len=0 empty=1, clear_cnt=0, drop=0 usagecnt=0
[   23.955849]  (7)[1418:ccci_mdinit][ccci1/pot]critical user check: 0x1
[   23.955864]  (7)[1418:ccci_mdinit][ccci1/chr]port ccci_ccb_ctrl open with flag 20002 by ccci_mdinit
[   23.955867]  (7)[1418:ccci_mdinit][ccci1/shm]ccb_configs_len: 20
[   23.955883]  (7)[1418:ccci_mdinit][ccci1/shm]find ccb port ccci_ccb_meta for user3!
[   23.955893]  (7)[1418:ccci_mdinit][ccci1/chr]remap control addr:0x8e0c5000 len:4096  map-len:4096
[   23.955897]  (7)[1418:ccci_mdinit][ccci1/chr]remap succeed 8e0c5, 0x8e0c5000 -> 0x73ce316000
[   23.955920]  (7)[1418:ccci_mdinit][ccci1/chr]port ccci_ccb_ctrl close by ccci_mdinit rx_len=0 empty=1, clear_cnt=0, drop=0 usagecnt=0
[   23.955925]  (7)[1418:ccci_mdinit][ccci1/pot]critical user check: 0x1
[   23.958314]  (7)[1391:fuelgauged]MTK_BH: [GM3_old_data] soc:2119 fg_c_soc:2139 fg_v_soc:2119 ui_soc:1740 vc_diff:20 vc_mode 0 VBAT 37270 T:[31 V 30 C 30] D0_C 2377 D0_V 2129 CAR[c:-1173 v:-54] Q:[49197 49197 49197 49197] aging 10000 bat_cycle 94 Trk[0(0):0:0] UI[0:0] Chr[0:0:0] pseudo1 1  DC_ratio 100 dodinit[9][0] Iavg:-1019,dis[0 0 0],ncar[-16209],dlpt_sd[0]
[   23.958356]  (7)[1391:fuelgauged][fg_res] FG_DAEMON_CMD_GET_NVRAM_FAIL_STATUS = 0
[   23.958406]  (6)[1310:android.hardwar]binder: context.name[hwbinder] tr.size:308 service:hwbinderService
[   23.960630]  (6)[1391:fuelgauged][fr] PTIM_LK V 37081 I -2127,curr_bat_vol=36010
[   23.962166]  (1)[1432:init]KernelSU: mark no sucompat checks for pid: '1432', exec: '/vendor/bin/ccci_rpcd'
[   23.962285]  (6)[1391:fuelgauged][CH3_DBG] bat_cur = -10729
[   23.963915]  (6)[1391:fuelgauged][force_get_tbat] tbat_precise bat_temperature_val:31
[   23.963927]  (2)[1357:mtkPowerAIDL]binder: context.name[binder] tr.size:188 service:android.hardware.power.IPower/d
[   23.963968]  (6)[1391:fuelgauged]MTK_BH: [fg_compensate_battery_voltage] swocv [37357], V 37081 I -2127 R 1189 D 82900 100 0 100
[   23.963996] -(6)[1391:fuelgauged]mt6358_misc: mtk_rtc_get_spare_register: cmd[14], get rg[0x24, 0xff , 8] = 0x60
[   23.964003] -(6)[1391:fuelgauged]mt6358_misc: mtk_rtc_get_spare_register: cmd[0], get rg[0x2a, 0xff , 8] = 0x91
[   23.964006]  (6)[1391:fuelgauged][fgauge_read_RTC_boot_status] rtc_invalid 0 plugout 0 plugout_time 0 spare3 0x91 spare0 0x60 hw_id 0x5930
[   23.964012] -(6)[1391:fuelgauged]mt6358_misc: mtk_rtc_get_spare_register: cmd[14], get rg[0x24, 0xff , 8] = 0x60
[   23.964015] -(6)[1391:fuelgauged]mt6358_misc: mtk_rtc_set_spare_register: cmd[14], set rg[0x24, 0xff , 8] = 0x80
[   23.964225]  (3)[1356:mtkPowerService]binder: context.name[hwbinder] tr.size:388 service:hwbinderService
[   23.965081] -(6)[1391:fuelgauged]mt6358_misc: mtk_rtc_set_spare_register: cmd[14], set rg[0x24, 0xff , 8] = 0x20
[   23.965150] -(6)[1391:fuelgauged]mt6358_misc: mtk_rtc_get_spare_register: cmd[14], get rg[0x24, 0xff , 8] = 0x20
[   23.965156] -(6)[1391:fuelgauged]mt6358_misc: mtk_rtc_get_spare_register: cmd[0], get rg[0x2a, 0xff , 8] = 0x91
[   23.965158] -(6)[1391:fuelgauged]mt6358_misc: mtk_rtc_set_spare_register: cmd[0], set rg[0x2a, 0xff , 8] = 0x91
[   23.965192] -(6)[1391:fuelgauged]mt6358_misc: mtk_rtc_get_spare_register: cmd[0], get rg[0x2a, 0xff , 8] = 0x91
[   23.965195]  (6)[1391:fuelgauged][fgauge_read_RTC_boot_status] spare0 0x60 0x20, spare3 0x91 0x91
[   23.965212]  (6)[1391:fuelgauged][read_hw_ocv_6359_power_on_rdy] pwron_PCHR_rdy 1
[   23.965635]  (7)[1356:mtkPowerService]binder: context.name[hwbinder] tr.size:388 service:hwbinderService
[   23.966323]  (6)[1391:fuelgauged]mt6360_pmu_chg mt6360_pmu_chg.3.auto: mt6360_get_zcv: zcv = 0mV
[   23.966325]  (6)[1391:fuelgauged]charger_manager_get_zcv zcv:0 ret:0
[   23.966394]  (6)[1391:fuelgauged][read_hw_ocv] g_fg_is_charger_exist 0 _hw_ocv_chgin_rdy 0 pl:0 1
[   23.966397]  (6)[1391:fuelgauged][read_hw_ocv] _hw_ocv 37348 _sw_ocv 37357 now_thr 300
[   23.966399]  (6)[1391:fuelgauged][read_hw_ocv] _hw_ocv 37348 _hw_ocv_src 3 _prev_hw_ocv 37348 _prev_hw_ocv_src 3 _flag_unreliable 0
[   23.966402]  (6)[1391:fuelgauged][read_hw_ocv] _hw_ocv_59_pon_rdy 1 _hw_ocv_59_pon 37348 _hw_ocv_59_plugin 0 _hw_ocv_chgin 0 _sw_ocv 37357 now_temp 25 now_thr 300
[   23.966414]  (6)[1391:fuelgauged][fgauge_read_boot_battery_plug_out_status] rtc_invalid 0 plugout 0 bat_plug_out_time 0 sp3:0x91 pl:1 0
[   23.966672]  (6)[1391:fuelgauged][fgauge_read_boot_battery_plug_out_status] rtc_invalid 0 plugout 0 bat_plug_out_time 0 sp3:0x91 pl:1 0
[   23.966691] -(6)[1391:fuelgauged]mt6358_misc: mtk_rtc_get_spare_register: cmd[0], get rg[0x2a, 0xff , 8] = 0x91
[   23.966694]  (6)[1391:fuelgauged][fr] FG_DAEMON_CMD_GET_RTC_UI_SOC = 17
[   23.966704]  (6)[1391:fuelgauged][fg_res] FG_DAEMON_CMD_GET_CON0_SOC = 21
[   23.966721]  (6)[1391:fuelgauged]MTK_BH: [dod_init_result]HW(37348, 1696) SW(37357, 1712) OLD(37511, 2119) VBAT(37081, 1269) OldCAR(c:-1173 v:-54) con0(2100)
[   23.966729]  (6)[1391:fuelgauged]MTK_BH: [dod_init_result]NVRAM_ready 1 Embedded 1 plug_out 0 is_hwocv_unreliable 0 rtc_invalid 0 rtc_ui_soc 1700 two_sec_reboot 0 old_data.ui_soc 1740 nv_fail(0)
[   23.966737]  (6)[1391:fuelgauged]MTK_BH: [dod_init_result]T_new 30 T_old 30 T_d0 30 shutdown_time 1 pmic_shutdown_time 1800 plugout_time 0 plugout_time_th 32 swocv_oldocv_diff_emb 1000
[   23.968045]  (7)[1435:init]KernelSU: mark no sucompat checks for pid: '1435', exec: '/vendor/bin/nvram_daemon'
[   23.969721]  (6)[1391:fuelgauged][CH3_DBG] bat_cur = -10824
[   23.971102]  (6)[1391:fuelgauged][force_get_tbat] tbat_precise bat_temperature_val:30
[   23.971138]  (6)[1391:fuelgauged]MTK_BH: [dod_init_result]ocv[boot:37081 final:37511 diff:430] thr[10000 10000 10000] tmp[now 30 5] v[lk_v:37081 cur:36160] lk_i:-2127 lk_r:0,i*r:0,old_soc:2119
[   23.972619]  (6)[1391:fuelgauged][CH3_DBG] bat_cur = -7882
[   23.973129]  (7)[1436:init]KernelSU: mark no sucompat checks for pid: '1436', exec: '/vendor/bin/mcDriverDaemon'
[   23.974181]  (7)[1391:fuelgauged][force_get_tbat] tbat_precise bat_temperature_val:31
[   23.974275]  (7)[1391:fuelgauged]set GAUGE_MONITOR_SOFF_VALIDTIME ori:0, new:0
[   23.974734]  (6)[447:init]BOOTPROF:     23974.732749:INIT:boot
[   23.974792]  (0)[1422:ccci_mdinit]BOOTPROF:     23974.789595:ccci_md3: md_init srv start
[   23.989683]  (1)[1312:android.hardwar]binder: context.name[hwbinder] tr.size:308 service:hwbinderService
[   23.996097]  (7)[1312:audio.service.m]binder: context.name[hwbinder] tr.size:308 service:hwbinderService
[   23.996305]  (6)[447:init]fpsgo: loading out-of-tree module taints kernel.
[   23.996313]  (6)[447:init]fpsgo: module license 'Proprietary' taints kernel.
[   23.996316]  (6)[447:init]Disabling lock debugging due to kernel taint
[   24.007270]  (6)[1432:ccci_rpcd][ccci1/chr]port ccci_rpc open with flag 20002 by ccci_rpcd
[   24.013601]  (6)[1440:init]KernelSU: mark no sucompat checks for pid: '1440', exec: '/system/bin/gsid'
[   24.024929]  (1)[1319:android.hardwar]binder: context.name[hwbinder] tr.size:308 service:hwbinderService
[   24.027174]  (2)[1319:android.hardwar]binder: context.name[hwbinder] tr.size:308 service:hwbinderService
[   24.036420]  (6)[1310:android.hardwar]binder: context.name[hwbinder] tr.size:308 service:hwbinderService
[   24.039678]  (6)[1391:fuelgauged]MTK_BH: [GM3_old_data] soc:2111 fg_c_soc:2128 fg_v_soc:2111 ui_soc:1730 vc_diff:17 vc_mode 0 VBAT 37270 T:[31 V 30 C 30] D0_C 2377 D0_V 2121 CAR[c:-1226 v:-53] Q:[49197 49197 49197 49197] aging 10000 bat_cycle 94 Trk[0(0):0:0] UI[0:0] Chr[0:0:0] pseudo1 1  DC_ratio 100 dodinit[9][0] Iavg:-1019,dis[0 0 0],ncar[-16209],dlpt_sd[0]
[   24.039705] -(6)[1391:fuelgauged]mt6358_misc: mtk_rtc_get_spare_register: cmd[0], get rg[0x2a, 0xff , 8] = 0x91
[   24.039708] -(6)[1391:fuelgauged]mt6358_misc: mtk_rtc_set_spare_register: cmd[0], set rg[0x2a, 0xff , 8] = 0x91
[   24.048026] -(6)[1391:fuelgauged]mt635x_auxadc_read_raw: 20 callbacks suppressed
[   24.048032]  (6)[1391:fuelgauged]mt635x-auxadc mt635x-auxadc: name:VBIF, channel=11, adc_out=0xa00, adc_result=2812
[   24.048313]  (6)[1391:fuelgauged][CH3_DBG] bat_cur = -10064
[   24.050659]  (6)[1391:fuelgauged]mt635x-auxadc mt635x-auxadc: name:BAT_TEMP, channel=3, adc_out=0x353, adc_result=934
[   24.051043]  (6)[1391:fuelgauged][force_get_tbat] tbat_precise bat_temperature_val:30
[   24.051245]  (1)[1312:audio.service.m]binder: context.name[hwbinder] tr.size:308 service:hwbinderService
[   24.053198]  (6)[1391:fuelgauged][FGADC_intr_end][FG_INTR_INIT][read_fg_hw_info] curr_1 -10128 curr_2 -6961 Iavg -4113 sign 1 car -1226 ncar -16530 time 2361
[   24.053329]  (6)[1391:fuelgauged]car:49197 carR:115757646 r:-115757646 current:low:0x8224 high:0xfdae target:low:0xadb2 high:0xf919
[   24.053361]  (6)[1391:fuelgauged][fr] FG_DAEMON_CMD_SET_BATTERY_CYCLE_THRESHOLD = 49197
[   24.054538]  (6)[1391:fuelgauged][FGADC_intr_end][FG_INTR_INIT][read_fg_hw_info] curr_1 -10305 curr_2 -6961 Iavg -4113 sign 1 car -1226 ncar -16530 time 2361
[   24.054543]  (6)[1391:fuelgauged][fg_sw_bat_cycle_accu]car[o:-1196 n:-1226],diff_car:-30,ncar[o:-16209 n:-16179 hw:-16530] thr 49197
[   24.054579]  (6)[1391:fuelgauged]MTK_BH: [fg_set_int1][fg_bat_cycle] bat_cycle_threshold 49197 car:-1226 old_ncar:-16209,-16530
[   24.057087]  (0)[1312:audio.service.m]binder: context.name[hwbinder] tr.size:308 service:hwbinderService
[   24.062784]  (6)[1444:init]KernelSU: mark no sucompat checks for pid: '1444', exec: '/vendor/bin/gbe'
[   24.070767]  (7)[1436:mcDriverDaemon]Trustonic TEE: admin_open: daemon connection open, TGID 1436
[   24.073519]  (7)[1441:init]KernelSU: mark no sucompat checks for pid: '1441', exec: '/system/bin/profcollectctl'
[   24.085223]  (6)[1391:fuelgauged][fr] FG_DAEMON_CMD_SET_FG_BAT_INT1_GAP = 245 car:-1226
[   24.097030]  (7)[331:rpmb_open]Trustonic TEE: ERROR -1 mcp_cmd: open session: res 32
[   24.097033]  (6)[212:tee_log]Trustonic TEE: 201(6)|Mounting partition 1...
[   24.097037]  (6)[212:tee_log]Trustonic TEE: 201(6)|[SFSRP]drApiPlatformControl failed(16776961). act as downgrade protection active[STH2] ERROR Failed to mount partition 1
[   24.097056]  (7)[331:rpmb_open][rpmb] rpmb_gp_open_session, mc_open_session failed, result(9), times(0)
[   24.097061]  (7)[331:rpmb_open][rpmb] rpmb_gp_open_session, free wsm result (0)
[   24.097065]  (7)[331:rpmb_open][rpmb] rpmb_gp_open_session, try free wsm and close device
[   24.105568]  (6)[1391:fuelgauged][fr][fg_bat_int2] FG_DAEMON_CMD_SET_FG_BAT_INT2_HT_GAP = 110
[   24.107526]  (6)[1391:fuelgauged][fr][fg_bat_int2] FG_DAEMON_CMD_SET_FG_BAT_INT2_LT_GAP = 210
[   24.111775]  (6)[212:tee_log]Trustonic TEE: 601(7)|t-base-MTK-ARMv8-Android-400C-V001-20180713_214233_52230_81596
[   24.111784]  (6)[212:tee_log]Trustonic TEE: 601(7)|tlTeeGatekeeper: GateKeeper TA version  100.258
[   24.115198]  (0)[1310:android.hardwar]binder: context.name[hwbinder] tr.size:348 service:hwbinderService
[   24.115365]  (7)[212:tee_log]Trustonic TEE: 701(7)|TA SPT2 : Starting.
[   24.116146]  (6)[1436:mcDriverDaemon]Trustonic TEE: ERROR -1 mcp_cmd: open session: res 8
[   24.116468]  (0)[1316:android.hardwar]binder: context.name[hwbinder] tr.size:308 service:hwbinderService
[   24.124670]  (6)[212:tee_log]Trustonic TEE: 201(6)|Mounting partition 1...
[   24.140490]  (6)[1391:fuelgauged]mt635x-auxadc mt635x-auxadc: name:VBIF, channel=11, adc_out=0xa00, adc_result=2812
[   24.140742]  (6)[1391:fuelgauged][CH3_DBG] bat_cur = -9600
[   24.143854]  (6)[1391:fuelgauged]mt635x-auxadc mt635x-auxadc: name:BAT_TEMP, channel=3, adc_out=0x352, adc_result=933
[   24.144184]  (6)[1391:fuelgauged][force_get_tbat] tbat_precise bat_temperature_val:31
[   24.144977]  (6)[1391:fuelgauged]mt635x-auxadc mt635x-auxadc: name:VBIF, channel=11, adc_out=0xa03, adc_result=2815
[   24.145217]  (6)[1391:fuelgauged][CH3_DBG] bat_cur = -9155
[   24.146885]  (6)[1391:fuelgauged][force_get_tbat] tbat_precise bat_temperature_val:31
[   24.147087]  (6)[1391:fuelgauged][fg_bat_nafg][fgauge_set_nafg_interrupt_internal] time[10] zcv[37508:19508] thr[10856:5646] 26_16[0x0] 15_00[0x160e] 0
[   24.147416]  (6)[1391:fuelgauged][fgauge_set_zcv_interrupt_threshold] current:200, fg_zcv_det_time:7, fg_zcv_car_th:106
[   24.147506]  (6)[1391:fuelgauged][FG_ZCV_INT][fgauge_set_zcv_intr_internal] det_time 7 mv 106 reg 249410 30_16 0x3 15_00 0xce42
[   24.148260]  (6)[1391:fuelgauged][fg_set_vbat2_l_th] thr:34500 [0x8c3 5 0x2 6 0x2] get [0x8c3 0x2 0x2]
[   24.148532]  (6)[1391:fuelgauged][vbat2_debug_dump]thd:[2243 0]prd:2 debt:[2 0],L[1 1 1]H[0 0 0]en[l:1 h:0]en:1
[   24.148734]  (6)[1391:fuelgauged][vbat2_debug_dump]thd:[2243 0]prd:2 debt:[2 0],L[1 1 1]H[0 0 0]en[l:1 h:0]en:1
[   24.149713]  (6)[1391:fuelgauged][FGADC_intr_end][FG_INTR_INIT][read_fg_hw_info] curr_1 -8590 curr_2 -9298 Iavg -4113 sign 1 car -1227 ncar -16531 time 2362
[   24.150145]  (6)[1391:fuelgauged][fg_res] FG_DAEMON_CMD_SET_CON0_SOC = 2161
[   24.150166]  (6)[1391:fuelgauged]MTK_BH: [FGADC_intr_end][INTR_Initialize]soc:2111 fg_c_soc:2128 fg_v_soc:2111 ui_soc:1730 vc_diff:17 vc_mode 0 VBAT 37081 T:[30 V 30 C 30 avg:31] D0_C 2377 D0_V 2121 Q:[49197 49197 49197 49197] aging 10000 bat_cycle 94 Trk[0:0:0] UI[0:0] Chr[0:0:0] pseudo1 1 DC_ratio 100
[   24.150177]  (6)[1391:fuelgauged]MTK_BH: ready for load libbh
[   24.150572]  (6)[1391:fuelgauged]MTK_BH: Can't load BHLIB:dlopen failed: library "/vendor/lib/libbh_gm30.so" not found
[   24.150588]  (6)[1391:fuelgauged]MTK_BH: libbh load done
[   24.169090]  (6)[1391:fuelgauged]MTK_BH: Can't load BHLIB:dlopen failed: library "/vendor/lib/libbh_gm30.so" not found
[   24.169107]  (6)[1391:fuelgauged]MTK_BH: loadbh_symbol,bh_libhandle = NULL
[   24.169113]  (6)[1391:fuelgauged]MTK_BH: loadbh_symbol done
[   24.227344]  (6)[1449:init]KernelSU: mark no sucompat checks for pid: '1449', exec: '/vendor/bin/stp_dump3'
[   24.229317]  (6)[212:tee_log]Trustonic TEE: 201(6)|Partition 1 successfully mounted
[   24.234375]  (6)[212:tee_log]Trustonic TEE: 601(6)|[fwk_drv][tdrv_keyinstall] drDcihInit(): drApiStartThread failed: 0x6f03
[   24.234387]  (6)[212:tee_log]Trustonic TEE: 801(6)|[V11][smem64_drv][mem:0]magic=0x535301 tblsize=0x0 svp start=0x000000007fa00000 svp end=0x000000007faaf000 obfs=1 shared=1
[   24.234391]  (6)[212:tee_log]Trustonic TEE: 801(6)|[V11][smem64_drv][mem:0]m4u=0x7fda0000:0x60000, cmdq=0x7fcb0000:0xf0000, spi=0x7fab0000:0x200000
[   24.234395]  (6)[212:tee_log]Trustonic TEE: 801(6)|[V11][smem64_drv][mem:0]i2c=0x7faaf000:0x1000
[   24.234398]  (6)[212:tee_log]Trustonic TEE: 801(6)|[V11][smem64_drv][mem:0]gz remap offset=0x0000000800000000
[   24.234401]  (6)[212:tee_log]Trustonic TEE: 801(6)|[V11][smem64_drv][mem:0]sdsp=0x0:0x0
[   24.234404]  (6)[212:tee_log]Trustonic TEE: 801(6)|[V11][smem64_drv][mem:0]sdsp shared_mem=0x0:0x0
[   24.234408]  (6)[212:tee_log]Trustonic TEE: 801(6)|[V11][smem64_drv][mem:0]gz-tee shared_mem=0x0:0x0
[   24.234411]  (6)[212:tee_log]Trustonic TEE: 801(6)|[V11][smem64_drv][mem:0]flash rpmb_msg_auth_keay[0]=0xcf4722
[   24.234414]  (6)[212:tee_log]Trustonic TEE: 801(6)|[V11][smem64_drv][mem:0]flash rpmb_size=0x1000000
[   24.234417]  (6)[212:tee_log]Trustonic TEE: 801(6)|[V11][smem64_drv][mem:0]flash emmc_rel_wr_sec_c=0x4
[   24.234421]  (6)[212:tee_log]Trustonic TEE: 801(6)|[V11][smem64_drv][mem:0]flash emmc_setkey_flag=0x0
[   24.243620]  (3)[212:tee_log]Trustonic TEE: 901(6)|[SEC DRV] T[DEVAPC] <6><8><5><3>
[   24.243639]  (3)[212:tee_log]Trustonic TEE: a01(6)|[SEC DRV] T[DEVAPC] <6><8><5><3>
[   24.248213]  (7)[1415:surfaceflinger]binder: 1415:1415 ioctl 40046210 7fd69c73f4 returned -22
[   24.249476]  (2)[1415:surfaceflinger]binder: 1415:1415 ioctl 40046210 7fd69c73e4 returned -22
[   24.256220]  (7)[1454:init]KernelSU: mark no sucompat checks for pid: '1454', exec: '/apex/com.android.conscrypt/bin/boringssl_self_test32'
[   24.261713]  (6)[212:tee_log]Trustonic TEE: b01(6)|[<t Driver DrGoodixUtils] 1.0, Build Nov 11 2020, 18:21:41
[   24.263503]  (7)[212:tee_log]Trustonic TEE: c01(1)|[SPI][ERR]tee_secmem_query_spi, base: 0x7fab0000, size: 0x200000
[   24.268086]  (1)[1321:android.hardwar]binder: 1321:1321 ioctl 40046210 ffd39288 returned -22
[   24.268688]  (1)[1321:android.hardwar]binder: 1321:1321 ioctl 40046210 ffd39270 returned -22
[   24.270853]  (4)[1321:android.hardwar]binder: context.name[hwbinder] tr.size:348 service:hwbinderService
[   24.272944]  (4)[212:tee_log]Trustonic TEE: d01(0)|[fwk_drv][tdrv_widevine] drDcihInit(): drApiStartThread failed: 0x6f03
[   24.273305]  (6)[1397:audioserver]binder: 1397:1397 ioctl 40046210 7fea3fcc44 returned -22
[   24.273360]  (6)[1397:audioserver]binder: 1397:1397 ioctl 40046210 7fea3fcc34 returned -22
[   24.310297]  (1)[1468:usb ffs open]read descriptors
[   24.310316]  (1)[1468:usb ffs open]read strings
[   24.335684]  (6)[1471:init]KernelSU: mark no sucompat checks for pid: '1471', exec: '/apex/com.android.conscrypt/bin/boringssl_self_test64'
[   24.400325]  (6)[1484:init]KernelSU: mark no sucompat checks for pid: '1484', exec: '/system/bin/bootstat'
[   24.403192]  (5)[1485:init]KernelSU: mark no sucompat checks for pid: '1485', exec: '/system/bin/drmserver32'
[   24.409365]  (6)[1486:init]KernelSU: mark no sucompat checks for pid: '1486', exec: '/system/bin/traced_probes'
[   24.420313]  (3)[1487:init]KernelSU: mark no sucompat checks for pid: '1487', exec: '/system/bin/traced'
[   24.423662]  (6)[1485:drmserver32]binder: 1485:1485 ioctl 40046210 fff1c3cc returned -22
[   24.426342] -(3)[1319:composer@2.1-se]lcm_fps_ctx_get CRTC:0 max=16597000, min=16592307, sum=497822694, num=32, fps=6026
[   24.428345]  (6)[1485:drmserver32]binder: context.name[binder] tr.size:144 service:drm.drmManager
[   24.430442]  (1)[349:sf_pf_release_t]not found session info for session_id:0x00010000,insert 00000000cbfd4173 to array index:0
[   24.445257]  (1)[1415:surfaceflinger]binder: 1415:1415 ioctl 40046210 7fd69c5734 returned -22
[   24.447781]  (4)[292:mddp_rx]port ccci_0_200 read data fail when md_state = 0
[   24.469015]  (1)[1511:init]KernelSU: mark no sucompat checks for pid: '1511', exec: '/system/bin/phh-prop-handler.sh'
[   24.584434]  (2)[1528:init]KernelSU: mark no sucompat checks for pid: '1528', exec: '/system/bin/phh-prop-handler.sh'
[   24.587924]  (1)[1312:audio.service.m]binder: context.name[hwbinder] tr.size:428 service:hwbinderService
[   24.593244]  (2)[1312:audio.service.m]binder: context.name[hwbinder] tr.size:348 service:hwbinderService
[   24.598213]  (4)[1312:audio.service.m]binder: context.name[hwbinder] tr.size:348 service:hwbinderService
[   24.628166]  (3)[1533:init]KernelSU: mark no sucompat checks for pid: '1533', exec: '/system/bin/phh-prop-handler.sh'
[   24.648290]  (7)[1531:atrace]binder: 1531:1531 ioctl 40046210 7fd8b3cd74 returned -22
[   24.739454]  (7)[1546:init]KernelSU: mark no sucompat checks for pid: '1546', exec: '/system/bin/phh-prop-handler.sh'
[   24.786476]  (5)[1415:surfaceflinger]critical svc 1415:surfaceflinger exit with 9 !
[   24.803145]  (1)[1443:HwBinder:1319_2]mtk_session_set_mode from 0 to 1
[   24.803177]  (1)[1443:HwBinder:1319_2][PSEUDO][m4u_gz_sec_init #3178]: [MTEE]m4u_gz_sec_init: start
[   24.803183]  (1)[1443:HwBinder:1319_2][PSEUDO][m4u_gz_ha_init #113]: [MTEE]====> m4u_gz_ha_init runs <====
[   24.803191]  (1)[1443:HwBinder:1319_2][PSEUDO][_prepare_region #87]: [MTEE][_prepare_region]: size=4096, &buf=ffffffd706755000, PA=146755000, num_Pa=1, order=0
[   24.803194]  (1)[1443:HwBinder:1319_2][PSEUDO][_prepare_region #95]: [MTEE][_prepare_region]prepare buf: shm_param->buffer=146755000, size =4096
[   24.803200]  (1)[1443:HwBinder:1319_2][port_lookup_tid] find last_token com, tee id 0
[   24.803208]  (1)[1443:HwBinder:1319_2][tipc_open_channel] ERROR: virtio device not found
[   24.803213]  (1)[1443:HwBinder:1319_2][tipc_k_disconnect] ERROR: try to free a non-existent handle
[   24.803218]  (1)[1443:HwBinder:1319_2][KREE][ERR]KREE_OpenFd: Failed to connect to service, ret = -2
[   24.803222]  (1)[1443:HwBinder:1319_2][KREE][ERR][KREE_CreateSession] com.mediatek.geniezone.srv.mem
[   24.803226]  (1)[1443:HwBinder:1319_2][KREE][ERR]KREE_CreateSession: open fd fail, ret -65522
[   24.803231]  (1)[1443:HwBinder:1319_2][PSEUDO][m4u_gz_ha_init #124]: [MTEE]mem_sn create fail
[   24.803235]  (1)[1443:HwBinder:1319_2][PSEUDO][m4u_gz_ha_init #170]: [MTEE]====> m4u_gz_ha_init ends <====
[   24.803768] -(6)[1:init]Some other process 1:init want to send sig:9 to pid:1290 tgid:1290 comm:main
[   24.803822] -(6)[1:init]Some other process 1:init want to send sig:9 to pid:1290 tgid:1290 comm:main
[   24.803909]  (7)[1290:main]critical svc 1290:main exit with 9 !
[   24.803937]  (1)[1443:HwBinder:1319_2][drm:mtk_drm_gem_create] cookie = 00000000dce0e5b5 dma_addr = 0x00000000fef39000 size = 1155072
[   24.804066]  (1)[1443:HwBinder:1319_2]CRTC0 hold wakelock mtk_drm_crtc_atomic_resume 5390
[   24.804079]  (1)[1443:HwBinder:1319_2]debug for display power status:mtk_output_dsi_enable, = 2, dsi->output_en=1
[   24.811111] -(7)[1:init]Some other process 1:init want to send sig:9 to pid:1290 tgid:1290 comm:main
[   24.819471]  (7)[1550:init]KernelSU: mark no sucompat checks for pid: '1550', exec: '/system/bin/vdc'
[   24.819647]  (7)[1551:init]KernelSU: mark no sucompat checks for pid: '1551', exec: '/system/bin/cameraserver'
[   24.826324]  (7)[1550:vdc]binder: 1550:1550 ioctl 40046210 7fc5ebdc54 returned -22
[   24.833197]  (7)[1552:init]KernelSU: mark no sucompat checks for pid: '1552', exec: '/system/bin/mediaserver32'
[   24.840652]  (7)[1553:init]KernelSU: mark no sucompat checks for pid: '1553', exec: '/system/bin/wificond'
[   24.856875]  (6)[1554:init]KernelSU: mark no sucompat checks for pid: '1554', exec: '/system/bin/phh-prop-handler.sh'
[   24.862306]  (7)[1553:wificond]binder: 1553:1553 ioctl 40046210 7fd1342e04 returned -22
[   24.863119]  (6)[1553:wificond]binder: context.name[binder] tr.size:136 service:wifinl80211
[   24.863447]  (0)[1553:wificond]binder: 1553:1553 ioctl 40046210 7fd1342db4 returned -22
[   24.864627]  (2)[1553:wificond]binder: context.name[hwbinder] tr.size:308 service:hwbinderService
[   24.917068]  (7)[1552:mediaserver32]binder: 1552:1552 ioctl 40046210 ffbd81dc returned -22
[   24.917890]  (7)[1552:mediaserver32]binder: context.name[binder] tr.size:140 service:media.player
[   24.918351]  (7)[1552:mediaserver32]binder: context.name[binder] tr.size:124 service:activity
[   24.918470]  (7)[1552:mediaserver32]binder: context.name[binder] tr.size:160 service:media.resource_manager
[   24.918643]  (0)[1552:mediaserver32]binder: context.name[binder] tr.size:160 service:media.resource_observer
[   24.919504]  (7)[1552:mediaserver32]binder: 1552:1552 ioctl 40046210 ffbd81f8 returned -22
[   24.924839]  (6)[1551:cameraserver]binder: 1551:1551 ioctl 40046210 7fd05857f4 returned -22
[   24.924902]  (6)[1551:cameraserver]binder: 1551:1551 ioctl 40046210 7fd05857b4 returned -22
[   24.926074]  (6)[1551:cameraserver]binder: context.name[hwbinder] tr.size:228 service:hwbinderService
[   24.927575]  (6)[1551:cameraserver]binder: context.name[binder] tr.size:124 service:activity
[   24.928013]  (6)[1551:cameraserver]binder: context.name[binder] tr.size:136 service:sensor_privacy
[   24.928276]  (6)[1551:cameraserver]binder: context.name[binder] tr.size:120 service:appops
[   24.928673]  (6)[1551:cameraserver]binder: context.name[hwbinder] tr.size:388 service:hwbinderService
[   24.929288]  (6)[1551:cameraserver]binder: context.name[binder] tr.size:240 service:android.frameworks.cameraservic
[   24.929595]  (6)[1551:cameraserver]binder: context.name[binder] tr.size:140 service:media.camera
[   24.956611]  (6)[1571:init]KernelSU: mark no sucompat checks for pid: '1571', exec: '/vendor/bin/hw/android.hardware.neuralnetworks@1.3-service-mtk-neuron'
[   24.962769]  (7)[447:init]Unable to handle kernel write to read-only memory at virtual address ffffff885ae21760
[   24.962777]  (7)[447:init]Mem abort info:
[   24.962780]  (7)[447:init]  Exception class = DABT (current EL), IL = 32 bits
[   24.962782]  (7)[447:init]  SET = 0, FnV = 0
[   24.962784]  (7)[447:init]  EA = 0, S1PTW = 0
[   24.962786]  (7)[447:init]Data abort info:
[   24.962788]  (7)[447:init]  ISV = 0, ISS = 0x0000004e
[   24.962791]  (7)[447:init]  CM = 0, WnR = 1
[   24.962794]  (7)[447:init]swapper pgtable: 4k pages, 39-bit VAs, pgd = 00000000a6e76b69
[   24.962797]  (7)[447:init][ffffff885ae21760] *pgd=00000001bfffc803, *pud=00000001bfffc803, *pmd=0060000041c00f91
[   24.962803] -(7)[447:init]Internal error: Oops: 9600004e [#1] PREEMPT SMP
[   24.962810] -(7)[447:init][PHOENIX] phx_klog_booterror: ERROR_KERNEL_PANIC, happen_time: 2026-09-12 00:36:42
[   24.962813] -(7)[447:init][PHOENIX] phx_handle_kernel_panic: PHX_KE_HAPPEND
[   24.962815] -(7)[447:init]panic_flush_device_cache
[   24.962908] -(7)[447:init]In mini dump mode and start flushing the devices cache!
[   24.962909] -(7)[447:init]panic_flush_device_cache: flush device cache
[   24.962984]  (6)[146:panic_flush]blkdev_issue_flush before panic return 1
[   24.963020]  (6)[146:panic_flush]blkdev_issue_flush before panic return 2
[   24.963063]  (6)[146:panic_flush]blkdev_issue_flush before panic return 3
[   24.963100]  (6)[146:panic_flush]blkdev_issue_flush before panic return 4
[   24.963136]  (6)[146:panic_flush]blkdev_issue_flush before panic return 5
[   24.963171]  (6)[146:panic_flush]blkdev_issue_flush before panic return 6
[   24.963209]  (6)[146:panic_flush]blkdev_issue_flush before panic return 7
[   24.963242]  (6)[146:panic_flush]blkdev_issue_flush before panic return 8
[   24.963276]  (6)[146:panic_flush]blkdev_issue_flush before panic return 9
[   25.041911]  (6)[146:panic_flush]blkdev_issue_flush before panic return 10
[   25.041920]  (6)[146:panic_flush]Up to now, total 10 panic_issue_flush_count
[   25.042924] -(7)[447:init]panic_flush_device_cache: remaining timeout = 1920
[   25.042928] -(7)[447:init]is_triggering_panic : true
[   25.042983] -(7)[447:init]In mini dump mode and start flushing the devices cache!
[   25.042984] -(7)[447:init]panic_flush_device_cache
[   25.043005] -(7)[447:init]In mini dump mode and start flushing the devices cache!
[   25.043006] -(7)[447:init]panic_flush_device_cache: flush device cache
[   25.044583]  (6)[146:panic_flush]blkdev_issue_flush before panic return 11
[   25.044627]  (6)[146:panic_flush]blkdev_issue_flush before panic return 12
[   25.044667]  (6)[146:panic_flush]blkdev_issue_flush before panic return 13
[   25.044702]  (6)[146:panic_flush]blkdev_issue_flush before panic return 14
[   25.044738]  (6)[146:panic_flush]blkdev_issue_flush before panic return 15
[   25.044773]  (6)[146:panic_flush]blkdev_issue_flush before panic return 16
[   25.044806]  (6)[146:panic_flush]blkdev_issue_flush before panic return 17
[   25.044832]  (6)[146:panic_flush]blkdev_issue_flush before panic return 18
[   25.044870]  (6)[146:panic_flush]blkdev_issue_flush before panic return 19
[   25.044919]  (6)[146:panic_flush]blkdev_issue_flush before panic return 20
[   25.044924]  (6)[146:panic_flush]Up to now, total 20 panic_issue_flush_count
[   25.053016] -(7)[447:init]panic_flush_device_cache: remaining timeout = 1990
[   25.053020] -(7)[447:init]disable aee kernel api
[   25.053021] -(7)[447:init]Kernel Offset: 0x851200000 from 0xffffff8008000000
[   25.053025] -(7)[447:init]PHYS_OFFSET: 0xffffffea40000000
[   25.053028] -(7)[447:init]Modules linked in: bt_drv_connac1x ffffffa83b3c1000 ffffffa83b3d1000 61440 24576 (O+) wmt_drv ffffffa83b212000           (null) 1490944 0 (O) connfem ffffffa83b200000           (null) 49152 0 (O) fpsgo ffffffa83b0e1000           (null) 1155072 0 (PO)
[   25.053088] -(7)[447:init][msdc]====== Null msdc0, dump skipped ======
[   25.053091] -(7)[447:init][msdc]====== msdc1 dump ======
[   25.053094] -(7)[447:init]mrdump: add MSDC:0xffffff885c6616a8 sz:0x0 failed
[   25.053553] -(7)[447:init]ufshcd bootdevice: cmd history on
[   25.053749] -(7)[447:init]mrdump: add ADSP:0xffffffd6d1e00000 sz:0x0 failed
