[50:kworker/7:1][cmdq][err] no gce-event-names property or no such event:disp_wdma0_eof @cmdq_dev_get_event,364
[    1.355240]  (7)[50:kworker/7:1][cmdq][err] no gce-event-names property or no such event:disp_mutex1_eof @cmdq_dev_get_event,364
[    1.355249]  (7)[50:kworker/7:1][cmdq][err] no gce-event-names property or no such event:disp_token_stream_eof1 @cmdq_dev_get_event,364
[    1.355257]  (7)[50:kworker/7:1][cmdq][err] no gce-event-names property or no such event:disp_token_stream_dirty1 @cmdq_dev_get_event,364
[    1.355266]  (7)[50:kworker/7:1][cmdq][err] no gce-event-names property or no such event:disp_token_sodi1 @cmdq_dev_get_event,364
[    1.355275]  (7)[50:kworker/7:1][cmdq][err] no gce-event-names property or no such event:disp_wait_wdma0_te @cmdq_dev_get_event,364
[    1.355284]  (7)[50:kworker/7:1][cmdq][err] no gce-event-names property or no such event:disp_token_esd_eof1 @cmdq_dev_get_event,364
[    1.355292]  (7)[50:kworker/7:1][cmdq][err] no gce-event-names property or no such event:disp_rdma0_eof1 @cmdq_dev_get_event,364
[    1.355300]  (7)[50:kworker/7:1][cmdq][err] no gce-event-names property or no such event:disp_wdma0_eof1 @cmdq_dev_get_event,364
[    1.355308]  (7)[50:kworker/7:1][cmdq][err] no gce-event-names property or no such event:disp_wdma1_eof1 @cmdq_dev_get_event,364
[    1.355316]  (7)[50:kworker/7:1][cmdq][err] no gce-event-names property or no such event:disp_token_stream_block1 @cmdq_dev_get_event,364
[    1.355325]  (7)[50:kworker/7:1][cmdq][err] no gce-event-names property or no such event:disp_token_cabc_eof1 @cmdq_dev_get_event,364
[    1.355333]  (7)[50:kworker/7:1][cmdq][err] no gce-event-names property or no such event:disp_dsi0_sof1 @cmdq_dev_get_event,364
[    1.355888]  (7)[50:kworker/7:1]mtk_drm_crtc_create-CRTC1 create successfully
[    1.355896]  (7)[50:kworker/7:1]mtk_drm_crtc_create+
[    1.355964]  (7)[50:kworker/7:1][drm] mtk_crtc_init_gce_obj(), CLIENT_CFG, 2
[    1.356157]  (7)[50:kworker/7:1][drm] mtk_crtc_init_gce_obj(), CLIENT_TRIG_LOOP, 2
[    1.356166]  (7)[50:kworker/7:1][drm] mtk_crtc_init_gce_obj(), CLIENT_SODI_LOOP, 2
[    1.356174]  (7)[50:kworker/7:1][drm] mtk_crtc_init_gce_obj(), CLIENT_SUB_CFG, 2
[    1.356181]  (7)[50:kworker/7:1][drm] mtk_crtc_init_gce_obj(), CLIENT_DSI_CFG, 2
[    1.356189]  (7)[50:kworker/7:1][drm] mtk_crtc_init_gce_obj(), CLIENT_SEC_CFG, 2
[    1.356343]  (7)[50:kworker/7:1][cmdq][err] channel request fail:-16, idx:9 @cmdq_mbox_create,184
[    1.356357] -(7)[50:kworker/7:1]CPU: 7 PID: 50 Comm: kworker/7:1 Tainted: G S      W       4.14.186+ #7
[    1.356363] -(7)[50:kworker/7:1]Hardware name: MT6833V/ZA (DT)
[    1.356378] -(7)[50:kworker/7:1]Workqueue: events deferred_probe_work_func
[    1.356386] -(7)[50:kworker/7:1]Call trace:
[    1.356397] -(7)[50:kworker/7:1] dump_backtrace+0x0/0x1f8
[    1.356406] -(7)[50:kworker/7:1] show_stack+0x14/0x20
[    1.356415] -(7)[50:kworker/7:1] dump_stack+0xa4/0xc8
[    1.356424] -(7)[50:kworker/7:1] cmdq_mbox_create+0x144/0x190
[    1.356432] -(7)[50:kworker/7:1] mtk_crtc_init_gce_obj+0xfc/0x4bc
[    1.356441] -(7)[50:kworker/7:1] mtk_drm_crtc_create+0x6ec/0xbe8
[    1.356449] -(7)[50:kworker/7:1] mtk_drm_bind+0x1b8/0x460
[    1.356456] -(7)[50:kworker/7:1] try_to_bring_up_master+0x21c/0x2c0
[    1.356463] -(7)[50:kworker/7:1] component_add+0xc8/0x218
[    1.356472] -(7)[50:kworker/7:1] mtk_dsi_probe+0x338/0x6e0
[    1.356481] -(7)[50:kworker/7:1] platform_drv_probe+0x58/0xc0
[    1.356489] -(7)[50:kworker/7:1] driver_probe_device+0x43c/0x4b0
[    1.356497] -(7)[50:kworker/7:1] __device_attach_driver+0xbc/0x158
[    1.356505] -(7)[50:kworker/7:1] bus_for_each_drv+0x70/0xc8
[    1.356513] -(7)[50:kworker/7:1] __device_attach+0xdc/0x160
[    1.356521] -(7)[50:kworker/7:1] device_initial_probe+0x10/0x18
[    1.356529] -(7)[50:kworker/7:1] bus_probe_device+0x94/0xa0
[    1.356537] -(7)[50:kworker/7:1] deferred_probe_work_func+0x108/0x190
[    1.356546] -(7)[50:kworker/7:1] process_one_work+0x188/0x4c0
[    1.356554] -(7)[50:kworker/7:1] worker_thread+0x1fc/0x4d0
[    1.356562] -(7)[50:kworker/7:1] kthread+0x10c/0x160
[    1.356570] -(7)[50:kworker/7:1] ret_from_fork+0x10/0x1c
[    1.356582]  (7)[50:kworker/7:1][cmdq][err] no gce-event-names property or no such event:disp_wdma0_eof @cmdq_dev_get_event,364
[    1.356590]  (7)[50:kworker/7:1][cmdq][err] no gce-event-names property or no such event:disp_mutex2_eof @cmdq_dev_get_event,364
[    1.356599]  (7)[50:kworker/7:1][cmdq][err] no gce-event-names property or no such event:disp_token_stream_eof2 @cmdq_dev_get_event,364
[    1.356608]  (7)[50:kworker/7:1][cmdq][err] no gce-event-names property or no such event:disp_token_stream_dirty2 @cmdq_dev_get_event,364
[    1.356616]  (7)[50:kworker/7:1][cmdq][err] no gce-event-names property or no such event:disp_token_sodi2 @cmdq_dev_get_event,364
[    1.356625]  (7)[50:kworker/7:1][cmdq][err] no gce-event-names property or no such event:disp_wait_wdma0_te @cmdq_dev_get_event,364
[    1.356633]  (7)[50:kworker/7:1][cmdq][err] no gce-event-names property or no such event:disp_token_esd_eof2 @cmdq_dev_get_event,364
[    1.356642]  (7)[50:kworker/7:1][cmdq][err] no gce-event-names property or no such event:disp_rdma0_eof2 @cmdq_dev_get_event,364
[    1.356823]  (7)[50:kworker/7:1][cmdq][err] no gce-event-names property or no such event:disp_wdma1_eof2 @cmdq_dev_get_event,364
[    1.356832]  (7)[50:kworker/7:1][cmdq][err] no gce-event-names property or no such event:disp_token_stream_block2 @cmdq_dev_get_event,364
[    1.356840]  (7)[50:kworker/7:1][cmdq][err] no gce-event-names property or no such event:disp_token_cabc_eof2 @cmdq_dev_get_event,364
[    1.356849]  (7)[50:kworker/7:1][cmdq][err] no gce-event-names property or no such event:disp_dsi0_sof2 @cmdq_dev_get_event,364
[    1.357382]  (7)[50:kworker/7:1]mtk_drm_crtc_create-CRTC2 create successfully
[    1.357437]  (7)[50:kworker/7:1][drm] Supports vblank timestamp caching Rev 2 (21.10.2013).
[    1.357443]  (7)[50:kworker/7:1][drm] Driver supports precise vblank timestamp query.
[    1.357474]  (7)[50:kworker/7:1]mtk_fbdev_init+
[    1.357497]  (7)[50:kworker/7:1]mtk_dsi_connector_get_modes, 3392, htotal_low:771, mcount:2
[    1.357529]  (7)[50:kworker/7:1]mtk_fbdev_probe+
[    1.361002]  (7)[50:kworker/7:1][drm:mtk_drm_gem_create] cookie = 00000000053aa4bd dma_addr = 0x00000000ff053000 size = 2306048
[    1.361014]  (7)[50:kworker/7:1]mtk_fbdev_probe-
[    1.361087]  (7)[50:kworker/7:1][powerkey_monitor_bright]: bright_fb_notifier_callback:event = 5,status:4
[    1.361091]  (7)[50:kworker/7:1][powerkey_monitor_black]: black_fb_notifier_callback:event = 5 status:4
[    1.361103]  (7)[50:kworker/7:1]mediatek-drm 14000000.dispsys_config: fb0:  frame buffer device
[    1.361169]  (7)[50:kworker/7:1]mtk_fbdev_init-
[    1.361180]  (7)[50:kworker/7:1]CRTC0 hold wakelock mtk_drm_crtc_first_enable 5657
[    1.361191]  (7)[50:kworker/7:1][mtk_crtc_prepare_dual_pipe line:1571]crtc0 single pipe current freq: 0
[    1.361200]  (7)[50:kworker/7:1][fps]: drm_invoke_fps_chg_callbacks,new_fps =70
[    1.361221]  (7)[50:kworker/7:1]width:720, height:1600
[    1.362396]  (7)[50:kworker/7:1][mtk_disp_mutex_submit_sof line:6715]
[    1.362785]  (7)[50:kworker/7:1][disp_aal]disp_aal_get_cust_led mode=4
[    1.365376]  (7)[50:kworker/7:1][drm] Initialized mediatek 1.0.0 20150513 for 14000000.dispsys_config on minor 0
[    1.366201]  (7)[50:kworker/7:1]BOOTPROF:      1366.199156:probe: probe=platform_drv_probe drv=mtk-dsi(mtk_dsi_driver)    21.295461ms
[    1.366229]  (7)[50:kworker/7:1]deferred probe 14013000.dsi returned after 21002 usecs
[    1.366236]  (7)[50:kworker/7:1]deferred probe 16010000.vdec_gcon @ 50
[    1.366435]  (7)[50:kworker/7:1]mtk-vcodec-dec 16010000.vdec_gcon: [VCU] can't get vcu node
[    1.366443]  (7)[50:kworker/7:1][MTK_V4L2][ERROR] mtk_vcodec_dec_probe:273: [VCU] vcu device in not ready
[    1.366480]  (7)[50:kworker/7:1]deferred probe 16010000.vdec_gcon returned after 232 usecs
[    1.366486]  (7)[50:kworker/7:1]deferred probe 16018000.vdec_gcon @ 50
[    1.366612]  (7)[50:kworker/7:1]mtk-vcodec-dec 16018000.vdec_gcon: [VCU] can't get vcu node
[    1.366618]  (7)[50:kworker/7:1][MTK_V4L2][ERROR] mtk_vcodec_dec_probe:273: [VCU] vcu device in not ready
[    1.366641]  (7)[50:kworker/7:1]deferred probe 16018000.vdec_gcon returned after 145 usecs
[    1.366647]  (7)[50:kworker/7:1]deferred probe debug-kinfo @ 50
[    1.366787]  (7)[50:kworker/7:1]deferred probe debug-kinfo returned after 130 usecs
[    1.366825]  (6)[1:swapper/0]initcall deferred_probe_initcall+0x0/0x48 returned 0 after 21602 usecs
[    1.366840]  (6)[1:swapper/0]BOOTPROF:      1366.838772:initcall: deferred_probe_initcall    22.149539ms
[    1.366852]  (6)[1:swapper/0]calling  koro_init+0x0/0x3c @ 1
[    1.366860]  (6)[1:swapper/0]initcall koro_init+0x0/0x3c returned 0 after 0 usecs
[    1.366868]  (6)[1:swapper/0]calling  _mt_cpufreq_pdrv_init+0x0/0x120 @ 1
[    1.366874]  (6)[1:swapper/0][Power/cpufreq] @@~ _mt_cpufreq_pdrv_init DVFS state = 1
[    1.367146]  (6)[1:swapper/0][Power/cpufreq] cluster_id = 0, cluster_cpuid = 0
[    1.367153]  (6)[1:swapper/0][Power/cpufreq] cluster_id = 1, cluster_cpuid = 6
[    1.367571]  (6)[1:swapper/0][Power/cpufreq] 0, Settle time(1250, 500) efuse_val = 0x1
[    1.367700]  (6)[1:swapper/0][Power/cpufreq] @@regulator map success!!
[    1.367708]  (6)[1:swapper/0][Power/cpufreq] 0, Settle time(1250, 500) efuse_val = 0x1
[    1.369853]  (6)[1:swapper/0][Power/cpufreq] 0, Settle time(1250, 500) efuse_val = 0x1
[    1.370012]  (6)[1:swapper/0][Power/cpufreq] 0, Settle time(1250, 500) efuse_val = 0x1
[    1.370130]  (6)[1:swapper/0][Power/PPM] DVFS table type = 0
[    1.370133]  (6)[1:swapper/0][Power/PPM] DVFS table of cluster 0:
[    1.370135]  (6)[1:swapper/0][Power/PPM] 0: 2000000 KHz
[    1.370137]  (6)[1:swapper/0][Power/PPM] 1: 1916000 KHz
[    1.370139]  (6)[1:swapper/0][Power/PPM] 2: 1812000 KHz
[    1.370141]  (6)[1:swapper/0][Power/PPM] 3: 1750000 KHz
[    1.370143]  (6)[1:swapper/0][Power/PPM] 4: 1645000 KHz
[    1.370145]  (6)[1:swapper/0][Power/PPM] 5: 1500000 KHz
[    1.370147]  (6)[1:swapper/0][Power/PPM] 6: 1390000 KHz
[    1.370149]  (6)[1:swapper/0][Power/PPM] 7: 1280000 KHz
[    1.370151]  (6)[1:swapper/0][Power/PPM] 8: 1115000 KHz
[    1.370153]  (6)[1:swapper/0][Power/PPM] 9: 1032000 KHz
[    1.370155]  (6)[1:swapper/0][Power/PPM] 10: 950000 KHz
[    1.370157]  (6)[1:swapper/0][Power/PPM] 11: 840000 KHz
[    1.370159]  (6)[1:swapper/0][Power/PPM] 12: 730000 KHz
[    1.370161]  (6)[1:swapper/0][Power/PPM] 13: 675000 KHz
[    1.370163]  (6)[1:swapper/0][Power/PPM] 14: 620000 KHz
[    1.370165]  (6)[1:swapper/0][Power/PPM] 15: 500000 KHz
[    1.370169]  (6)[1:swapper/0][Power/PPM] DVFS table type = 0
[    1.370171]  (6)[1:swapper/0][Power/PPM] DVFS table of cluster 1:
[    1.370173]  (6)[1:swapper/0][Power/PPM] 0: 2203000 KHz
[    1.370175]  (6)[1:swapper/0][Power/PPM] 1: 2087000 KHz
[    1.370177]  (6)[1:swapper/0][Power/PPM] 2: 1995000 KHz
[    1.370179]  (6)[1:swapper/0][Power/PPM] 3: 1903000 KHz
[    1.370181]  (6)[1:swapper/0][Power/PPM] 4: 1788000 KHz
[    1.370183]  (6)[1:swapper/0][Power/PPM] 5: 1719000 KHz
[    1.370185]  (6)[1:swapper/0][Power/PPM] 6: 1650000 KHz
[    1.370187]  (6)[1:swapper/0][Power/PPM] 7: 1534000 KHz
[    1.370189]  (6)[1:swapper/0][Power/PPM] 8: 1418000 KHz
[    1.370191]  (6)[1:swapper/0][Power/PPM] 9: 1274000 KHz
[    1.370193]  (6)[1:swapper/0][Power/PPM] 10: 1129000 KHz
[    1.370195]  (6)[1:swapper/0][Power/PPM] 11: 1042000 KHz
[    1.370197]  (6)[1:swapper/0][Power/PPM] 12: 985000 KHz
[    1.370199]  (6)[1:swapper/0][Power/PPM] 13: 898000 KHz
[    1.370201]  (6)[1:swapper/0][Power/PPM] 14: 840000 KHz
[    1.370203]  (6)[1:swapper/0][Power/PPM] 15: 725000 KHz
[    1.370433]  (6)[1:swapper/0]initcall _mt_cpufreq_pdrv_init+0x0/0x120 returned 0 after 3472 usecs
[    1.370437]  (6)[1:swapper/0]calling  eem_init+0x0/0x558 @ 1
[    1.371051] -(6)[1:swapper/0][CPU][EEM]eem init check restart, vboot_check_cnt:1
[    1.371148]  (6)[1:swapper/0]initcall eem_init+0x0/0x558 returned 0 after 688 usecs
[    1.371150] -(6)[1:swapper/0][CPU][EEM]eem init check restart, vboot_check_cnt:2
[    1.371154]  (6)[1:swapper/0]calling  eemg_init+0x0/0x248 @ 1
[    1.371157]  (6)[1:swapper/0][xxxxEEMG] gpu_vb_volt:77500, efuse_val:6
[    1.371265] -(6)[1:swapper/0][CPU][EEM]eem init check restart, vboot_check_cnt:3
[    1.371350] -(6)[49:kworker/6:1][CPU][EEM]eem init check restart, vboot_check_cnt:4
[    1.371396]  (6)[49:kworker/6:1]mtk-vcodec-dec 16010000.vdec_gcon: [VCU] can't get vcu node
[    1.371399]  (6)[49:kworker/6:1][MTK_V4L2][ERROR] mtk_vcodec_dec_probe:273: [VCU] vcu device in not ready
[    1.371450] -(6)[49:kworker/6:1][CPU][EEM]eem init check restart, vboot_check_cnt:5
[    1.371465]  (6)[49:kworker/6:1]mtk-vcodec-dec 16018000.vdec_gcon: [VCU] can't get vcu node
[    1.371466]  (7)[1:swapper/0][xxxxEEMG] det[0]->vmin = 28
[    1.371469]  (7)[1:swapper/0][xxxxEEMG] det[1]->vmin = 28
[    1.371471]  (6)[49:kworker/6:1][MTK_V4L2][ERROR] mtk_vcodec_dec_probe:273: [VCU] vcu device in not ready
[    1.371550] -(6)[0:swapper/6][CPU][EEM]eem init check restart, vboot_check_cnt:6
[    1.371649] -(6)[0:swapper/6][CPU][EEM]eem init check restart, vboot_check_cnt:7
[    1.371724]  (6)[360:EEMG_CTRL_GPU][xxxxEEMG] cur_flag:0x1, g_flag:0x3
[    1.371750] -(6)[0:swapper/6][CPU][EEM]eem init check restart, vboot_check_cnt:8
[    1.371852] -(6)[0:swapper/6][CPU][EEM]eem init check restart, vboot_check_cnt:9
[    1.371944]  (6)[361:EEMG_CTRL_GPU_H][xxxxEEMG] cur_flag:0x3, g_flag:0x3
[    1.371949] -(6)[361:EEMG_CTRL_GPU_H][CPU][EEM]eem init check restart, vboot_check_cnt:10
[    1.372050] -(6)[0:swapper/6][CPU][EEM]eem init check restart, vboot_check_cnt:11
[    1.372118]  (7)[1:swapper/0]initcall eemg_init+0x0/0x248 returned 0 after 935 usecs
[    1.372123]  (7)[1:swapper/0]calling  mssv_init+0x0/0x50 @ 1
[    1.372150] -(6)[0:swapper/6][CPU][EEM]eem init check restart, vboot_check_cnt:12
[    1.372250] -(6)[0:swapper/6][CPU][EEM]eem init check restart, vboot_check_cnt:13
[    1.372333]  (7)[1:swapper/0]initcall mssv_init+0x0/0x50 returned 0 after 201 usecs
[    1.372336]  (7)[1:swapper/0]calling  upower_init+0x0/0x5bc @ 1
[    1.372350] -(6)[0:swapper/6][CPU][EEM]eem init check restart, vboot_check_cnt:14
[    1.372450] -(6)[0:swapper/6][CPU][EEM]eem init check restart, vboot_check_cnt:15
[    1.372536]  (7)[1:swapper/0]initcall upower_init+0x0/0x5bc returned 0 after 191 usecs
[    1.372540]  (7)[1:swapper/0]calling  cpuhp_init+0x0/0xb8 @ 1
[    1.372550] -(6)[0:swapper/6][CPU][EEM]eem init check restart, vboot_check_cnt:16
[    1.372650] -(6)[0:swapper/6][CPU][EEM]eem init check restart, vboot_check_cnt:17
[    1.372661]  (7)[50:kworker/7:1]mtk-vcodec-dec 16010000.vdec_gcon: [VCU] can't get vcu node
[    1.372665]  (7)[50:kworker/7:1][MTK_V4L2][ERROR] mtk_vcodec_dec_probe:273: [VCU] vcu device in not ready
[    1.372725]  (7)[50:kworker/7:1]mtk-vcodec-dec 16018000.vdec_gcon: [VCU] can't get vcu node
[    1.372728]  (7)[50:kworker/7:1][MTK_V4L2][ERROR] mtk_vcodec_dec_probe:273: [VCU] vcu device in not ready
[    1.372733]  (6)[1:swapper/0]initcall cpuhp_init+0x0/0xb8 returned 0 after 185 usecs
[    1.372737]  (6)[1:swapper/0]calling  ppm_lcmoff_policy_init+0x0/0x128 @ 1
[    1.372743]  (6)[1:swapper/0][Power/PPM] @ppm_lcmoff_policy_init: register PPM_POLICY_LCM_OFF done!
[    1.372746]  (6)[1:swapper/0]initcall ppm_lcmoff_policy_init+0x0/0x128 returned 0 after 5 usecs
[    1.372749]  (6)[1:swapper/0]calling  ppm_power_data_init+0x0/0x4c @ 1
[    1.372751] -(6)[1:swapper/0][CPU][EEM]eem init check restart, vboot_check_cnt:18
[    1.372756]  (6)[1:swapper/0][Power/PPM] cobra_tbl: 000000003cfc6e27
[    1.372766]  (6)[1:swapper/0][Power/PPM] COBRA init done!
[    1.372775]  (6)[1:swapper/0][Power/PPM] (0x0)(-1)(0)(0-7)(15)(0)(6)(6) (15)(0)(2)(2) 
[    1.372783]  (6)[1:swapper/0][Power/PPM] power data init done!
[    1.372786]  (6)[1:swapper/0]initcall ppm_power_data_init+0x0/0x4c returned 0 after 29 usecs
[    1.372789]  (6)[1:swapper/0]calling  mt_dcm_init+0x0/0xd0 @ 1
[    1.372850] -(6)[1:swapper/0][CPU][EEM]eem init check restart, vboot_check_cnt:19
[    1.372926]  (6)[1:swapper/0][Power/dcm]  : weak function of dcm_pre_init
[    1.372929]  (6)[1:swapper/0][Power/dcm]  : [dcm_set_default]type:0x00000187, init_dcm_type=0x187, INIT_DCM_TYPE_BY_K=0x0
[    1.372932]  (6)[1:swapper/0][Power/dcm]  : [     ARMCORE_DCM 0x00000001] current state:1 (0)
[    1.372934]  (6)[1:swapper/0][Power/dcm]  : [      MCUSYS_DCM 0x00000002] current state:1 (0)
[    1.372937]  (6)[1:swapper/0][Power/dcm]  : [       INFRA_DCM 0x00000004] current state:1 (0)
[    1.372939]  (6)[1:swapper/0][Power/dcm]  : [       STALL_DCM 0x00000080] current state:1 (0)
[    1.372941]  (6)[1:swapper/0][Power/dcm]  : [    BIG_CORE_DCM 0x00000100] current state:1 (0)
[    1.372944]  (6)[1:swapper/0][Power/dcm]  : 
[    1.372944] ******** dcm dump register *********
[    1.372947]  (6)[1:swapper/0][Power/dcm]  : MCUSYS_PAR_WRAP_CPU_STALL_DCM_CTRL(0xffffff800fc38230): 0x0000000f
[    1.372950] -(6)[1:swapper/0][CPU][EEM]eem init check restart, vboot_check_cnt:20
[    1.372953]  (6)[1:swapper/0][Power/dcm]  : MCUSYS_PAR_WRAP_STALL_DCM_CONF(0xffffff800fc3b230): 0x0050647b
[    1.372956]  (6)[1:swapper/0][Power/dcm]  : MP_CPUSYS_TOP_BUS_PLLDIV_CFG  (0xffffff800fc422e0): 0x80100aff
[    1.372958]  (6)[1:swapper/0][Power/dcm]  : MP_CPUSYS_TOP_MCSIC_DCM0      (0xffffff800fc42440): 0x0000ffff
[    1.372961]  (6)[1:swapper/0][Power/dcm]  : MP_CPUSYS_TOP_MP_ADB_DCM_CFG0 (0xffffff800fc42500): 0x00020000
[    1.372964]  (6)[1:swapper/0][Power/dcm]  : MP_CPUSYS_TOP_MP_ADB_DCM_CFG4 (0xffffff800fc42510): 0x00278000
[    1.372966]  (6)[1:swapper/0][Power/dcm]  : MP_CPUSYS_TOP_MP_MISC_DCM_CFG0(0xffffff800fc42518): 0x0000003a
[    1.372969]  (6)[1:swapper/0][Power/dcm]  : MP_CPUSYS_TOP_MCUSYS_DCM_CFG0 (0xffffff800fc425c0): 0x00078100
[    1.372971]  (6)[1:swapper/0][Power/dcm]  : CPCCFG_REG_EMI_WFIFO          (0xffffff800fc02900): 0x0000000f
[    1.372974]  (6)[1:swapper/0][Power/dcm]  : MCUSYS_CFG_REG_MP0_DCM_CFG0   (0xffffff800ebdd880): 0x0001000f
[    1.372977]  (6)[1:swapper/0][Power/dcm]  : MCUSYS_CFG_REG_MP0_DCM_CFG7   (0xffffff800ebdd89c): 0x00001011
[    1.372979]  (6)[1:swapper/0][Power/dcm]  : INFRA_BUS_DCM_CTRL            (0xffffff800ebc5070): 0x40f80603
[    1.372981]  (6)[1:swapper/0][Power/dcm]  : PERI_BUS_DCM_CTRL             (0xffffff800ebc5074): 0xa47f83e3
[    1.372984]  (6)[1:swapper/0][Power/dcm]  : P2P_RX_CLK_ON                 (0xffffff800ebc50a0): 0x00000000
[    1.372987]  (6)[1:swapper/0][Power/dcm]  : MODULE_SW_CG_2_STA            (0xffffff800ebc50ac): 0x97fc2fd2
[    1.372989]  (6)[1:swapper/0][Power/dcm]  : INFRA_AXIMEM_IDLE_BIT_EN_0    (0xffffff800ebc5a30): 0x00030000
[    1.372992]  (6)[1:swapper/0][Power/dcm]  : INFRA_EMI_DCM_CFG0            (0xffffff800ebcd028): 0x0000000e
[    1.372994]  (6)[1:swapper/0][Power/dcm]  : INFRA_EMI_DCM_CFG1            (0xffffff800ebcd02c): 0x400000f0
[    1.372997]  (6)[1:swapper/0][Power/dcm]  : INFRA_EMI_DCM_CFG3            (0xffffff800ebcd034): 0x00000000
[    1.372999]  (6)[1:swapper/0][Power/dcm]  : TOP_CK_ANCHOR_CFG             (0xffffff800ebcd038): 0x200000f7
[    1.373002]  (6)[1:swapper/0][Power/dcm]  : VDNR_DCM_TOP_INFRA_PAR_BUS_u_INFRA_PAR_BUS_CTRL_0(0xffffff800ebd5034): 0x10000003
[    1.373004]  (6)[1:swapper/0][Power/dcm]  : VDNR_DCM_TOP_INFRA_PAR_BUS_u_INFRA_PAR_BUS_CTRL_1(0xffffff800ebd5038): 0x04880010
[    1.373007]  (6)[1:swapper/0][Power/dcm]  : VDNR_DCM_TOP_INFRA_PAR_BUS_u_INFRA_PAR_BUS_CTRL_2(0xffffff800ebd503c): 0x00880010
[    1.373009]  (6)[1:swapper/0][Power/dcm]  : VDNR_DCM_TOP_INFRA_PAR_BUS_u_INFRA_PAR_BUS_CTRL_9(0xffffff800ebd5058): 0x00404110
[    1.373012]  (6)[1:swapper/0][Power/dcm]  : VDNR_DCM_TOP_INFRA_PAR_BUS_u_INFRA_PAR_BUS_CTRL_10(0xffffff800ebd505c): 0x02021010
[    1.373016]  (6)[1:swapper/0][Power/dcm]  : [ARMCORE_DCM      0x00000001] sync hw state:1 (0)
[    1.373021]  (6)[1:swapper/0][Power/dcm]  : [MCUSYS_DCM       0x00000002] sync hw state:1 (0)
[    1.373024]  (6)[1:swapper/0][Power/dcm]  : [INFRA_DCM        0x00000004] sync hw state:1 (0)
[    1.373027]  (6)[1:swapper/0][Power/dcm]  : [STALL_DCM        0x00000080] sync hw state:1 (0)
[    1.373032]  (6)[1:swapper/0]initcall mt_dcm_init+0x0/0xd0 returned 0 after 234 usecs
[    1.373036]  (6)[1:swapper/0]calling  slbc_module_init+0x0/0x1a8 @ 1
[    1.373177] -(6)[1:swapper/0][CPU][EEM]eem init check disabled, cnt:20, done:0
[    1.373284]  (6)[1:swapper/0]#@# slbc_module_init(1219) slbc_enable 1
[    1.373312]  (6)[1:swapper/0]initcall slbc_module_init+0x0/0x1a8 returned 0 after 265 usecs
[    1.373315]  (6)[1:swapper/0]calling  mtk_qos_init+0x0/0x20 @ 1
[    1.373404]  (6)[1:swapper/0]qos ipi is ready!
[    1.373630]  (6)[1:swapper/0]qos: rec phy_addr = 0x9fbf2800, virt_addr=0xffffff8009102800, size = 4096
[    1.373663]  (1)[363:qos_ipi_recv]qos_ipi_recv_thread start!
[    1.373740]  (6)[49:kworker/6:1]mtk-vcodec-dec 16010000.vdec_gcon: [VCU] can't get vcu node
[    1.373743]  (6)[49:kworker/6:1][MTK_V4L2][ERROR] mtk_vcodec_dec_probe:273: [VCU] vcu device in not ready
[    1.373804]  (6)[49:kworker/6:1]mtk-vcodec-dec 16018000.vdec_gcon: [VCU] can't get vcu node
[    1.373807]  (6)[49:kworker/6:1][MTK_V4L2][ERROR] mtk_vcodec_dec_probe:273: [VCU] vcu device in not ready
[    1.374177]  (6)[1:swapper/0]initcall mtk_qos_init+0x0/0x20 returned 0 after 837 usecs
[    1.374182]  (6)[1:swapper/0]calling  cm_mgr_module_init+0x0/0x2a4 @ 1
[    1.374197]  (6)[1:swapper/0]SSPM is ready to service CM IPI
[    1.374260]  (6)[1:swapper/0]#@# cm_mgr_check_dram_type(318) ddr_type 0x6, ddr_hz 4266, cm_mgr_idx 0x0
[    1.376036]  (2)[112:kworker/u16:1][MUSB]do_register_otg_work 65: register OTG <000000004083fd04> ok
[    1.376637]  (6)[1:swapper/0]initcall cm_mgr_module_init+0x0/0x2a4 returned 0 after 2394 usecs
[    1.376642]  (6)[1:swapper/0]calling  mtk_dvfsrc_boost_init+0x0/0x20 @ 1
[    1.376784]  (6)[49:kworker/6:1]mtk-vcodec-dec 16010000.vdec_gcon: [VCU] can't get vcu node
[    1.376787]  (6)[49:kworker/6:1][MTK_V4L2][ERROR] mtk_vcodec_dec_probe:273: [VCU] vcu device in not ready
[    1.376877]  (6)[49:kworker/6:1]mtk-vcodec-dec 16018000.vdec_gcon: [VCU] can't get vcu node
[    1.376881]  (6)[49:kworker/6:1][MTK_V4L2][ERROR] mtk_vcodec_dec_probe:273: [VCU] vcu device in not ready
[    1.377264]  (6)[1:swapper/0]initcall mtk_dvfsrc_boost_init+0x0/0x20 returned 0 after 602 usecs
[    1.377270]  (6)[1:swapper/0]calling  mmdvfs_pmqos_late_init+0x0/0xe0 @ 1
[    1.378209]  (6)[1:swapper/0][mmdvfs]force flip step0 when late_init
[    1.378214]  (6)[1:swapper/0]initcall mmdvfs_pmqos_late_init+0x0/0xe0 returned 0 after 917 usecs
[    1.378217]  (6)[1:swapper/0]calling  trusted_mem_init+0x0/0x68 @ 1
[    1.378220]  (6)[1:swapper/0][TMEM]trusted_mem_init:387
[    1.378224]  (6)[1:swapper/0][TMEM]trusted_mem_init:391 (end)
[    1.378227]  (6)[1:swapper/0]initcall trusted_mem_init+0x0/0x68 returned 0 after 6 usecs
[    1.378231]  (6)[1:swapper/0]calling  post_sspm_set_emi_mpu+0x0/0xb4 @ 1
[    1.378242]  (6)[1:swapper/0]initcall post_sspm_set_emi_mpu+0x0/0xb4 returned 0 after 7 usecs
[    1.378245]  (6)[1:swapper/0]calling  post_mcupm_set_emi_mpu+0x0/0x94 @ 1
[    1.378250]  (6)[1:swapper/0]initcall post_mcupm_set_emi_mpu+0x0/0x94 returned 0 after 1 usecs
[    1.378254]  (6)[1:swapper/0]calling  sys_timer_device_init+0x0/0x34 @ 1
[    1.378693]  (6)[1:swapper/0]sys_timer 10017000.sys_timer: invalid resource
[    1.378696]  (6)[1:swapper/0]unable to ioremap sysram base, might be disabled
[    1.378699]  (6)[1:swapper/0]mult=161319385, shift=21, maxsec=5000
[    1.378709]  (6)[1:swapper/0]enabled: 1, support_sysram: 0
[    1.378787]  (6)[49:kworker/6:1]mtk-vcodec-dec 16010000.vdec_gcon: [VCU] can't get vcu node
[    1.378789]  (6)[49:kworker/6:1][MTK_V4L2][ERROR] mtk_vcodec_dec_probe:273: [VCU] vcu device in not ready
[    1.378847]  (6)[49:kworker/6:1]mtk-vcodec-dec 16018000.vdec_gcon: [VCU] can't get vcu node
[    1.378849]  (6)[49:kworker/6:1][MTK_V4L2][ERROR] mtk_vcodec_dec_probe:273: [VCU] vcu device in not ready
[    1.379137]  (6)[1:swapper/0]initcall sys_timer_device_init+0x0/0x34 returned 0 after 857 usecs
[    1.379141]  (6)[1:swapper/0]calling  rq_stats_init+0x0/0x1f4 @ 1
[    1.379158]  (6)[1:swapper/0]initcall rq_stats_init+0x0/0x1f4 returned 0 after 13 usecs
[    1.379162]  (6)[1:swapper/0]calling  sched_hint_init+0x0/0x11c @ 1
[    1.379246]  (6)[1:swapper/0]initcall sched_hint_init+0x0/0x11c returned 0 after 78 usecs
[    1.379249]  (6)[1:swapper/0]calling  eas_stats_init+0x0/0xb0 @ 1
[    1.379256]  (6)[1:swapper/0]initcall eas_stats_init+0x0/0xb0 returned 0 after 3 usecs
[    1.379261]  (6)[1:swapper/0]calling  flashlight_mt6360_init+0x0/0xac @ 1
[    1.379374]  (6)[1:swapper/0]flashlights_mt6360: mt6360_parse_dt: Channel number(2).
[    1.379379]  (6)[1:swapper/0]flashlights_mt6360: mt6360_parse_dt: Parse dt (type,ct,part,name,channel,decouple)=(0,0,0,flashlights-mt6360,0,1).
[    1.379382]  (6)[1:swapper/0]flashlights_mt6360: mt6360_parse_dt: Parse dt (type,ct,part,name,channel,decouple)=(0,1,0,flashlights-mt6360,1,1).
[    1.379386]  (6)[1:swapper/0]Oplusflashlight_set_strobe_timeout_custom
[    1.379686]  (6)[1:swapper/0]flashlight: flashlight_dev_register_by_device_id: Register device (0,0,0)
[    1.379692]  (6)[1:swapper/0]flashlight: flashlight_dev_register_by_device_id: Register device (0,1,0)
[    1.379785]  (6)[49:kworker/6:1]mtk-vcodec-dec 16010000.vdec_gcon: [VCU] can't get vcu node
[    1.379789]  (6)[49:kworker/6:1][MTK_V4L2][ERROR] mtk_vcodec_dec_probe:273: [VCU] vcu device in not ready
[    1.379853]  (6)[49:kworker/6:1]mtk-vcodec-dec 16018000.vdec_gcon: [VCU] can't get vcu node
[    1.379855]  (6)[49:kworker/6:1][MTK_V4L2][ERROR] mtk_vcodec_dec_probe:273: [VCU] vcu device in not ready
[    1.379923]  (5)[328:dc_trim_thread]mt6359-sound mt6359_snd: start_trim_hardware(), --
[    1.379948]  (5)[328:dc_trim_thread]mt6359-sound mt6359_snd: get_hp_dctrim_offset(), get on_valueL
[    1.380088]  (6)[1:swapper/0]initcall flashlight_mt6360_init+0x0/0xac returned 0 after 801 usecs
[    1.380093]  (6)[1:swapper/0]calling  mtk_nanohub_info_init+0x0/0x38 @ 1
[    1.380332]  (6)[1:swapper/0]initcall mtk_nanohub_info_init+0x0/0x38 returned 0 after 228 usecs
[    1.380336]  (6)[1:swapper/0]calling  sensor_devinfo_init+0x0/0x800 @ 1
[    1.380628]  (6)[1:swapper/0][sensor_devinfo] get_msensor_parameter 1302 : get libname prop fail
[    1.380909]  (6)[1:swapper/0][sensor_devinfo] get_msensor_parameter 1302 : get libname prop fail
[    1.381191]  (6)[1:swapper/0][sensor_devinfo] get_msensor_parameter 1302 : get libname prop fail
[    1.381478]  (6)[1:swapper/0][sensor_devinfo] get_new_arch_info 270 : get new-arch-supported = 1
[    1.382340]  (6)[1:swapper/0][sensor_devinfo] is_support_lb_algo 236 : get /odm/light_3 fail
[    1.382627]  (6)[1:swapper/0][sensor_devinfo] get_mtk_cali_origin_info 290 : get cali_arch fail
[    1.382644]  (6)[1:swapper/0][SCP] register scp A notify callback..
[    1.382649]  (6)[1:swapper/0]initcall sensor_devinfo_init+0x0/0x800 returned 0 after 2256 usecs
[    1.382653]  (6)[1:swapper/0]calling  virtual_sensor_init+0x0/0x334 @ 1
[    1.382657]  (6)[1:swapper/0]<VIRTUAL_SENSOR> virtual_sensor handle:77 register control path start
[    1.382660]  (6)[1:swapper/0]<VIRTUAL_SENSOR> handle_to_index  handle:77, index:2
[    1.382663]  (6)[1:swapper/0]<VIRTUAL_SENSOR> virtual_sensor handle:77 register control path done
[    1.382665]  (6)[1:swapper/0]<VIRTUAL_SENSOR> virtual_sensor handle:78 register control path start
[    1.382667]  (6)[1:swapper/0]<VIRTUAL_SENSOR> handle_to_index  handle:78, index:3
[    1.382669]  (6)[1:swapper/0]<VIRTUAL_SENSOR> virtual_sensor handle:78 register control path done
[    1.382672]  (6)[1:swapper/0]<VIRTUAL_SENSOR> virtual_sensor handle:80 register control path start
[    1.382674]  (6)[1:swapper/0]<VIRTUAL_SENSOR> handle_to_index  handle:80, index:4
[    1.382676]  (6)[1:swapper/0]<VIRTUAL_SENSOR> virtual_sensor handle:80 register control path done
[    1.382679]  (6)[1:swapper/0][pedo_minute] pedo_minutehub_local_init 107 : pedo_minutehub_local_init start.
[    1.382681]  (6)[1:swapper/0]<VIRTUAL_SENSOR> virtual_sensor handle:81 register control path start
[    1.382683]  (6)[1:swapper/0]<VIRTUAL_SENSOR> handle_to_index  handle:81, index:5
[    1.382686]  (6)[1:swapper/0]<VIRTUAL_SENSOR> virtual_sensor handle:81 register control path done
[    1.382688]  (6)[1:swapper/0][pedo_minute] pedo_minutehub_local_init 139 : pedo_minutehub_local_init over.
[    1.382690]  (6)[1:swapper/0]<VIRTUAL_SENSOR> virtual_sensor handle:83 register control path start
[    1.382692]  (6)[1:swapper/0]<VIRTUAL_SENSOR> handle_to_index  handle:83, index:6
[    1.382695]  (6)[1:swapper/0]<VIRTUAL_SENSOR> virtual_sensor handle:83 register control path done
[    1.382697]  (6)[1:swapper/0][oplus_activity_recognition] oplus_activity_recognitionhub_local_init done.
[    1.382698]  (6)[1:swapper/0]<VIRTUAL_SENSOR> virtual_sensor handle:85 register control path start
[    1.382701]  (6)[1:swapper/0]<VIRTUAL_SENSOR> handle_to_index  handle:85, index:7
[    1.382704]  (6)[1:swapper/0]<VIRTUAL_SENSOR> virtual_sensor handle:85 register control path done
[    1.382706]  (6)[1:swapper/0][elevator_detect] elevator_detecthub_local_init done.
[    1.382814]  (6)[1:swapper/0]initcall virtual_sensor_init+0x0/0x334 returned 0 after 153 usecs
[    1.382820]  (6)[1:swapper/0]calling  scp_late_init+0x0/0x30 @ 1
[    1.382822]  (6)[1:swapper/0][SCP] scp_late_init
[    1.382831]  (6)[1:swapper/0]initcall scp_late_init+0x0/0x30 returned 0 after 7 usecs
[    1.382835]  (6)[1:swapper/0]calling  memory_ssmr_debug_init+0x0/0x3e4 @ 1
[    1.382838]  (6)[1:swapper/0]memory-ssmr: memory_ssmr_debug_init: reserved mem for unmap is ready
[    1.382840]  (6)[1:swapper/0]memory-ssmr: [PASS]: SSMR sanity.
[    1.382845]  (6)[1:swapper/0]memory-ssmr: memory_ssmr_init_feature: svp is enable with size: 0x0000000018000000
[    1.382847]  (6)[1:swapper/0]memory-ssmr: memory_ssmr_init_feature: wfd is enable with size: 0x0000000004000000
[    1.382851]  (6)[1:swapper/0]initcall memory_ssmr_debug_init+0x0/0x3e4 returned 0 after 12 usecs
[    1.382855]  (6)[1:swapper/0]calling  mtk_leds_init+0x0/0x70 @ 1
[    1.382857]  (6)[1:swapper/0]leds_mtk_disp mtk_leds_init(704) :Leds init
[    1.382887]  (6)[1:swapper/0]leds_mtk_disp mtk_leds_probe(586) :probe begain +++
[    1.382889]  (6)[1:swapper/0]leds_mtk_disp mtk_leds_probe(589) :Load dts node nums: 1
[    1.382894]  (6)[1:swapper/0]leds_mtk_disp mtk_leds_parse_dt(508) :not support_silky_brightness property = 0
[    1.382898]  (6)[1:swapper/0]leds_mtk_disp mtk_leds_parse_dt(525) :get oplus_disp_ccorr_without_gamma property failed
[    1.382901]  (6)[1:swapper/0]leds_mtk_disp mtk_leds_parse_dt(527) :oplus_disp_ccorr_without_gamma:0
[    1.382903]  (6)[1:swapper/0]leds_mtk_disp mtk_leds_parse_dt(534) :get oplus_disp_no_bl_on_power_off property failed
[    1.382906]  (6)[1:swapper/0]leds_mtk_disp mtk_leds_parse_dt(536) :oplus_disp_no_bl_on_power_off:0
[    1.382909]  (6)[1:swapper/0]leds_mtk_disp mtk_leds_parse_dt(553) :parse 0 leds dt: lcd-backlight, 4095, 12
[    1.382924]  (6)[1:swapper/0]leds_mtk_disp led_data_init(444) :lcd-backlight devm_led_classdev_register ok! 
[    1.382926]  (6)[1:swapper/0]leds_mtk_disp mtk_leds_parse_dt(566) :load dts ok!
[    1.382929]  (6)[49:kworker/6:1]leds_mtk_disp mtk_leds_probe(626) :probe end ---
[    1.383019]  (6)[49:kworker/6:1]mtk-vcodec-dec 16010000.vdec_gcon: [VCU] can't get vcu node
[    1.383024]  (6)[49:kworker/6:1][MTK_V4L2][ERROR] mtk_vcodec_dec_probe:273: [VCU] vcu device in not ready
[    1.383084]  (6)[49:kworker/6:1]mtk-vcodec-dec 16018000.vdec_gcon: [VCU] can't get vcu node
[    1.383086]  (6)[49:kworker/6:1][MTK_V4L2][ERROR] mtk_vcodec_dec_probe:273: [VCU] vcu device in not ready
[    1.383377]  (6)[1:swapper/0]initcall mtk_leds_init+0x0/0x70 returned 0 after 505 usecs
[    1.383381]  (6)[1:swapper/0]calling  ram_console_late_init+0x0/0x5c @ 1
[    1.383385]  (6)[1:swapper/0]initcall ram_console_late_init+0x0/0x5c returned 0 after 2 usecs
[    1.383388]  (6)[1:swapper/0]calling  cmdq_sec_late_init+0x0/0x70 @ 1
[    1.383554]  (6)[1:swapper/0]initcall cmdq_sec_late_init+0x0/0x70 returned -2039869632 after 158 usecs
[    1.383558]  (6)[1:swapper/0]calling  cmdq_util_init+0x0/0x7c @ 1
[    1.383560]  (6)[1:swapper/0][cmdq] cmdq_util_init begin
[    1.383671]  (6)[1:swapper/0][cmdq][err] debugfs_create_file cmdq-status failed:-19 @cmdq_util_init,522
[    1.383674]  (6)[1:swapper/0]initcall cmdq_util_init+0x0/0x7c returned -19 after 110 usecs
[    1.383677]  (6)[1:swapper/0]calling  mdp_late_init+0x0/0x68 @ 1
[    1.383680]  (6)[1:swapper/0][MDP]mdp_late_init begin
[    1.383686]  (6)[1:swapper/0][MDP]mdp_late_init end
[    1.383689]  (6)[1:swapper/0]initcall mdp_late_init+0x0/0x68 returned 0 after 8 usecs
[    1.383692]  (6)[1:swapper/0]calling  cmdq_core_late_init+0x0/0x44 @ 1
[    1.383694]  (6)[1:swapper/0][MDP]CMDQ driver late init begin
[    1.383697]  (6)[1:swapper/0]initcall cmdq_core_late_init+0x0/0x44 returned 0 after 2 usecs
[    1.383700]  (6)[1:swapper/0]calling  smi_late_init+0x0/0x2f8 @ 1
[    1.383703]  (6)[1:swapper/0]MMP: mmprofile_enable(): enable: 1
[    1.383716]  (6)[1:swapper/0]MMP: mmprofile_force_start(): start: 1
[    1.383780]  (6)[1:swapper/0][MTK_SMI]debugfs_create_file failed: -19
[    1.383813]  (6)[1:swapper/0]initcall smi_late_init+0x0/0x2f8 returned 0 after 107 usecs
[    1.383816]  (6)[1:swapper/0]calling  init_cqdma+0x0/0x44 @ 1
[    1.384110]  (6)[49:kworker/6:1]mtk-vcodec-dec 16010000.vdec_gcon: [VCU] can't get vcu node
[    1.384114]  (6)[49:kworker/6:1][MTK_V4L2][ERROR] mtk_vcodec_dec_probe:273: [VCU] vcu device in not ready
[    1.384177]  (6)[49:kworker/6:1]mtk-vcodec-dec 16018000.vdec_gcon: [VCU] can't get vcu node
[    1.384180]  (6)[49:kworker/6:1][MTK_V4L2][ERROR] mtk_vcodec_dec_probe:273: [VCU] vcu device in not ready
[    1.384454]  (6)[1:swapper/0]initcall init_cqdma+0x0/0x44 returned 0 after 618 usecs
[    1.384458]  (6)[1:swapper/0]calling  log_store_late_init+0x0/0x2e4 @ 1
[    1.384496]  (6)[1:swapper/0]log_store: set boot phase, last boot phase is 2.
[    1.384498]  (6)[1:swapper/0]log_store: not boot up, don't store log to expdb  
[    1.384500]  (6)[1:swapper/0]log store:sram_dram_buff addr 0x7ffbf000, size 0x40000.
[    1.384546]  (6)[1:swapper/0][PHY layout]log_store_mem:0x7ffbf000-0x7fffefff (0x40000)
[    1.384550]  (6)[1:swapper/0]buff 000000008648601f, sig cdab3412 size 40000 pl 400, sz 9daa lk a1aa, sz 1eefe p c, l c
[    1.384555]  (6)[1:swapper/0]initcall log_store_late_init+0x0/0x2e4 returned 0 after 91 usecs
[    1.384558]  (6)[1:swapper/0]calling  rt_pd_manager_init+0x0/0x20 @ 1
[    1.384780]  (6)[1:swapper/0]rt-pd-manager rt-pd-manager: rt_pd_manager_probe (1.0.6_MTK)
[    1.384785]  (6)[1:swapper/0]rt-pd-manager rt-pd-manager: rt_pd_manager_probe tcpc_kpoc = 0
[    1.384812]  (6)[1:swapper/0]rt-pd-manager rt-pd-manager: rt_pd_manager_probe OK!!
[    1.384892]  (6)[49:kworker/6:1]mtk-vcodec-dec 16010000.vdec_gcon: [VCU] can't get vcu node
[    1.384895]  (6)[49:kworker/6:1][MTK_V4L2][ERROR] mtk_vcodec_dec_probe:273: [VCU] vcu device in not ready
[    1.384953]  (6)[49:kworker/6:1]mtk-vcodec-dec 16018000.vdec_gcon: [VCU] can't get vcu node
[    1.384956]  (6)[49:kworker/6:1][MTK_V4L2][ERROR] mtk_vcodec_dec_probe:273: [VCU] vcu device in not ready
[    1.385040]  (6)[1:swapper/0]initcall rt_pd_manager_init+0x0/0x20 returned 0 after 466 usecs
[    1.385044]  (6)[1:swapper/0]calling  usbc_pinctrl_init+0x0/0x34 @ 1
[    1.385248]  (6)[1:swapper/0]initcall usbc_pinctrl_init+0x0/0x34 returned 0 after 195 usecs
[    1.385251]  (6)[1:swapper/0]calling  mtktscharger_init+0x0/0x94 @ 1
[    1.385529]  (6)[49:kworker/6:1]mtk-vcodec-dec 16010000.vdec_gcon: [VCU] can't get vcu node
[    1.385533]  (6)[49:kworker/6:1][MTK_V4L2][ERROR] mtk_vcodec_dec_probe:273: [VCU] vcu device in not ready
[    1.385590]  (6)[49:kworker/6:1]mtk-vcodec-dec 16018000.vdec_gcon: [VCU] can't get vcu node
[    1.385592]  (6)[49:kworker/6:1][MTK_V4L2][ERROR] mtk_vcodec_dec_probe:273: [VCU] vcu device in not ready
[    1.385663]  (6)[1:swapper/0]initcall mtktscharger_init+0x0/0x94 returned 0 after 397 usecs
[    1.385668]  (6)[1:swapper/0]calling  mtkcooler_bcct_late_init+0x0/0x9c @ 1
[    1.385670]  (6)[1:swapper/0][Thermal/TC/bcct]mtkcooler_bcct_late_init
[    1.385779]  (6)[1:swapper/0][Thermal/TC/bcct]mtkcooler_bcct_pdrv_probe
[    1.385836]  (6)[49:kworker/6:1]mtk-vcodec-dec 16010000.vdec_gcon: [VCU] can't get vcu node
[    1.385839]  (6)[49:kworker/6:1][MTK_V4L2][ERROR] mtk_vcodec_dec_probe:273: [VCU] vcu device in not ready
[    1.385891]  (6)[49:kworker/6:1]mtk-vcodec-dec 16018000.vdec_gcon: [VCU] can't get vcu node
[    1.385894]  (6)[49:kworker/6:1][MTK_V4L2][ERROR] mtk_vcodec_dec_probe:273: [VCU] vcu device in not ready
[    1.385961]  (6)[1:swapper/0]initcall mtkcooler_bcct_late_init+0x0/0x9c returned 0 after 282 usecs
[    1.385966]  (6)[1:swapper/0]calling  meta_usb_init+0x0/0x274 @ 1
[    1.385969]  (6)[1:swapper/0]initcall meta_usb_init+0x0/0x274 returned 0 after 0 usecs
[    1.385973]  (6)[1:swapper/0]calling  syna_tcm_module_init+0x0/0x70 @ 1
[    1.385975]  (6)[1:swapper/0][TP]td4160: syna_tcm_module_init is called
[    1.385978]  (6)[1:swapper/0][TP] tp_ic_name = td4160 
[    1.386052]  (6)[1:swapper/0]tp judge ic match failed 21037
[    1.386055]  (6)[1:swapper/0]initcall syna_tcm_module_init+0x0/0x70 returned -1 after 77 usecs
[    1.386058]  (6)[1:swapper/0]calling  tp_driver_init+0x0/0x68 @ 1
[    1.386060]  (6)[1:swapper/0][TP]focaltech,fts: tp_driver_init is called
[    1.386062]  (6)[1:swapper/0][TP] tp_ic_name = focaltech,fts 
[    1.386094]  (6)[1:swapper/0]tp judge ic match failed 21037
[    1.386097]  (6)[1:swapper/0]initcall tp_driver_init+0x0/0x68 returned -1 after 34 usecs
[    1.386100]  (6)[1:swapper/0]calling  nvt_driver_init+0x0/0x70 @ 1
[    1.386102]  (6)[1:swapper/0][TP]novatek,nf_nt36672c: nvt_driver_init is called
[    1.386104]  (6)[1:swapper/0][TP] tp_ic_name = novatek,nf_nt36672c 
[    1.386122]  (6)[1:swapper/0]tp judge ic match failed 21037
[    1.386125]  (6)[1:swapper/0]initcall nvt_driver_init+0x0/0x70 returned -1 after 21 usecs
[    1.386128]  (6)[1:swapper/0]calling  fpc1020_init+0x0/0x110 @ 1
[    1.386131]  (6)[1:swapper/0]fpc1020_init, found not fpc sensor: 16
[    1.386133]  (6)[1:swapper/0]initcall fpc1020_init+0x0/0x110 returned -22 after 2 usecs
[    1.386137]  (6)[1:swapper/0]calling  ancfp_init+0x0/0xd0 @ 1
[    1.386139]  (6)[1:swapper/0]ancfp_init, found not jiiov sensor rc:16
[    1.386142]  (6)[1:swapper/0]initcall ancfp_init+0x0/0xd0 returned -22 after 2 usecs
[    1.386145]  (6)[1:swapper/0]calling  gf_init+0x0/0x1ac @ 1
[    1.386217]  (6)[1:swapper/0]input: qwerty as /devices/virtual/input/input4
[    1.386234]  (6)[1:swapper/0]gf_tee:  register goodix_fp_ok
[    1.386237]  (6)[1:swapper/0]gf_tee: version V1.2.04
[    1.386301]  (6)[49:kworker/6:1]mtk-vcodec-dec 16010000.vdec_gcon: [VCU] can't get vcu node
[    1.386304]  (6)[49:kworker/6:1][MTK_V4L2][ERROR] mtk_vcodec_dec_probe:273: [VCU] vcu device in not ready
[    1.386360]  (6)[49:kworker/6:1]mtk-vcodec-dec 16018000.vdec_gcon: [VCU] can't get vcu node
[    1.386362]  (6)[49:kworker/6:1][MTK_V4L2][ERROR] mtk_vcodec_dec_probe:273: [VCU] vcu device in not ready
[    1.386439]  (6)[1:swapper/0]gf_tee: status = 0x0
[    1.386443]  (6)[1:swapper/0]initcall gf_init+0x0/0x1ac returned 0 after 287 usecs
[    1.386447]  (6)[1:swapper/0]calling  rtc_hctosys+0x0/0x118 @ 1
[    1.386490]  (6)[1:swapper/0]mt-rtc mt6359-rtc: setting system clock to 2026-09-12 01:17:12 UTC (1789175832)
[    1.386493]  (6)[1:swapper/0]initcall rtc_hctosys+0x0/0x118 returned 0 after 42 usecs
[    1.386498]  (6)[1:swapper/0]calling  mt_charger_det_notifier_call_init+0x0/0xe4 @ 1
[    1.386506]  (6)[1:swapper/0]mt_charger_det_notifier_call_init done
[    1.386509]  (6)[1:swapper/0]initcall mt_charger_det_notifier_call_init+0x0/0xe4 returned 0 after 8 usecs
[    1.386513]  (6)[1:swapper/0]calling  mtk_charger_init+0x0/0x24 @ 1
[    1.386826]  (6)[1:swapper/0]mtk_charger_probe: starts support 
[    1.386836]  (6)[1:swapper/0][OPLUS_CHG][oplus_chg_parse_svooc_dt]oplus_parse_svooc_dt, chip->vbatt_num = 1,chip->vooc_project = 0.
[    1.386840]  (6)[1:swapper/0][OPLUS_CHG][oplus_get_chg_ops_name_from_dt]chg_ops_name: plat-pmic
[    1.386843]  (6)[1:swapper/0][OPLUS_CHG][is_vooc_support_single_batt_svooc] g_vooc_chip is NULL
[    1.386846]  (6)[1:swapper/0]mtk_charger_parse_dt: starts
[    1.386855]  (6)[1:swapper/0][OPLUS_CHG][mtk_charger_parse_dt]wp:g_rap_pull_up_r0 = 100000
[    1.386859]  (6)[1:swapper/0]use dual_charger_support: disable
[    1.386861]  (6)[1:swapper/0]oplus dual_charger_support: 0
[    1.386864]  (6)[1:swapper/0]use step1_time: 300s
[    1.386869]  (6)[1:swapper/0][OPLUS_CHG][oplus_step_charging_parse_dt]use step1_current_ma: 3200mA
[    1.386873]  (6)[1:swapper/0][OPLUS_CHG][oplus_step_charging_parse_dt]use step2_time: 900s
[    1.386876]  (6)[1:swapper/0][OPLUS_CHG][oplus_step_charging_parse_dt]use step2_current_ma: 3000mA
[    1.386880]  (6)[1:swapper/0][OPLUS_CHG][oplus_step_charging_parse_dt]use step3_current_ma: 2640mA
[    1.386887]  (6)[1:swapper/0][OPLUS_CHG][oplus_step_charging_parse_dt]step1_time: 300, step1_current: 3200, step2_time: 900,step2_current: 3000, step3_current: 2640,pd_not_support: 1, qc_not_support:1
[    1.386890]  (6)[1:swapper/0][OPLUS_CHG][mtk_charger_probe]found primary charger [mt6360_chg]
[    1.387000]  (6)[1:swapper/0][OPLUS_CHG][oplus_power_supply_init]oplus_power_supply_init OK
[    1.387005]  (6)[1:swapper/0][OPLUS_CHG][oplus_chg_chargerid_parse_dt]not support chargerid
[    1.387010]  (6)[1:swapper/0][OPLUS_CHG][oplus_chg_chargerid_parse_dt]Couldn't read chargerid_switch-gpio rc=0, chargerid_switch-gpio:-2
[    1.387014]  (6)[1:swapper/0][OPLUS_CHG][oplus_chg_shipmode_parse_dt]Couldn't read qcom,ship-gpio rc = 0, qcom,ship-gpio:-2
[    1.387019]  (6)[1:swapper/0][OPLUS_CHG][oplus_chg_shortc_hw_parse_dt]Couldn't read qcom,shortc-gpio rc=0, qcom,shortc-gpio:-2
[    1.387071]  (6)[1:swapper/0][OPLUS_CHG][oplus_chg_usbtemp_parse_dt]dischg-gpio:436
[    1.387076]  (6)[1:swapper/0][OPLUS_CHG][oplus_chg_ccdetect_parse_dt]Couldn't read qcom,ccdetect-gpio rc=0, qcom,ccdetect-gpio:-2
[    1.387081]  (6)[1:swapper/0][OPLUS_CHG][oplus_mtk_hv_flashled_dt][oplus_mtk_hv_flashled_dt] hv_flashled_support not support
[    1.387083]  (6)[1:swapper/0][OPLUS_CHG][oplus_chg_parse_custom_dt]: oplus_mtk_hv_flashled_dt fail!
[    1.387207]  (6)[1:swapper/0][OPLUS_CHG][oplus_chg_parse_charger_dt]usb_high_than_bat_decidegc:100
[    1.387226]  (6)[1:swapper/0][OPLUS_CHG][oplus_chg_parse_charger_dt] CONFIG_HIGH_TEMP_VERSION disabled
[    1.387286]  (6)[1:swapper/0][OPLUS_CHG][oplus_chg_parse_charger_dt] normal_phase1_bat_decidegc fail
[    1.387290]  (6)[1:swapper/0][OPLUS_CHG][oplus_chg_parse_charger_dt] temp_normal_phase1_vfloat_mv fail
[    1.387294]  (6)[1:swapper/0][OPLUS_CHG][oplus_chg_parse_charger_dt] temp_normal_phase1_fastchg_current_ma fail
[    1.387298]  (6)[1:swapper/0][OPLUS_CHG][oplus_chg_parse_charger_dt] normal_phase2_bat_decidegc fail
[    1.387302]  (6)[1:swapper/0][OPLUS_CHG][oplus_chg_parse_charger_dt] temp_normal_phase2_vfloat_mv fail
[    1.387306]  (6)[1:swapper/0][OPLUS_CHG][oplus_chg_parse_charger_dt] temp_normal_phase2_fastchg_current_ma_high fail
[    1.387310]  (6)[1:swapper/0][OPLUS_CHG][oplus_chg_parse_charger_dt] temp_normal_phase2_fastchg_current_ma_low fail
[    1.387314]  (6)[1:swapper/0][OPLUS_CHG][oplus_chg_parse_charger_dt] normal_phase3_bat_decidegc fail
[    1.387318]  (6)[1:swapper/0][OPLUS_CHG][oplus_chg_parse_charger_dt] temp_normal_phase3_vfloat_mv fail
[    1.387322]  (6)[1:swapper/0][OPLUS_CHG][oplus_chg_parse_charger_dt] temp_normal_phase3_fastchg_current_ma_high fail
[    1.387326]  (6)[1:swapper/0][OPLUS_CHG][oplus_chg_parse_charger_dt] temp_normal_phase3_fastchg_current_ma_low fail
[    1.387331]  (6)[1:swapper/0][OPLUS_CHG][oplus_chg_parse_charger_dt] normal_phase4_bat_decidegc fail
[    1.387334]  (6)[1:swapper/0][OPLUS_CHG][oplus_chg_parse_charger_dt] temp_normal_phase4_vfloat_mv fail
[    1.387338]  (6)[1:swapper/0][OPLUS_CHG][oplus_chg_parse_charger_dt] temp_normal_phase4_fastchg_current_ma_high fail
[    1.387342]  (6)[1:swapper/0][OPLUS_CHG][oplus_chg_parse_charger_dt] temp_normal_phase4_fastchg_current_ma_low fail
[    1.387346]  (6)[1:swapper/0][OPLUS_CHG][oplus_chg_parse_charger_dt] normal_phase5_bat_decidegc fail
[    1.387350]  (6)[1:swapper/0][OPLUS_CHG][oplus_chg_parse_charger_dt] temp_normal_phase5_vfloat_mv fail
[    1.387354]  (6)[1:swapper/0][OPLUS_CHG][oplus_chg_parse_charger_dt] temp_normal_phase5_fastchg_current_ma fail
[    1.387367]  (6)[1:swapper/0][OPLUS_CHG][oplus_chg_parse_charger_dt]normal_phase1_bat_decidegc = 0, 			temp_normal_phase1_vfloat_mv = 0, 			temp_normal_phase1_fastchg_current_ma = 0, 			normal_phase2_bat_decidegc = 0, 			temp_normal_phase2_vfloat_mv = 0, 			temp_normal_phase2_fastchg_current_ma_high = 0, 			temp_normal_phase2_fastchg_current_ma_low = 0, 			normal_phase3_bat_decidegc = 0, 			temp_normal_phase3_vfloat_mv = 0, 			temp_normal_phase3_fastchg_current_ma_high = 0, 			temp_normal_phase3_fastchg_current_ma_low = 0, 			normal_phase4_bat_decidegc = 0, 			temp_normal_phase4_vfloat_mv = 0, 			temp_normal_phase4_fastchg_current_ma_high = 0, 			temp_normal_phase4_fastchg_current_ma_low = 0, 			normal_phase5_bat_decidegc = 0, 			temp_normal_phase5_vfloat_mv = 0, 			temp_normal_phase5_fastchg_current_ma = 0, 			normal_phase6_bat_decidegc = 420, 			temp_normal_phase6_vfloat_mv = 0, 			temp_normal_phase6_fastchg_current_ma = 0
[    1.387435]  (6)[1:swapper/0][OPLUS_CHG][oplus_chg_parse_charger_dt]vbatt_power_off = 3300, 			vbatt_soc_1 = 3410, 			normal_vterm_hw_inc = 18, 			, 			non_normal_vterm_hw_inc = 18, 			vbatt_pdqc_to_9v_thr = 4000, 			vbatt_pdqc_to_5v_thr = -22 			tbatt_pdqc_to_5v_thr = -22
[    1.387484]  (6)[1:swapper/0][OPLUS_CHG][oplus_chg_parse_charger_dt]ff1_normal_fastchg_ma = 1000, 			ffc2_temp_warm_decidegc = 350, 			ffc2_temp_high_decidegc = 400, 			ffc2_normal_fastchg_ma = 700, 			chip->limits.ffc2_warm_fastchg_ma = 750, 			ffc2_exit_step_ma = 100, 			ffc_normal_vfloat_sw_limit = 4450, 			ffc_warm_vfloat_sw_limit = 4450, 			ffc2_normal_vfloat_sw_limit = 4450, 			ffc2_warm_vfloat_sw_limit = 4450, 			ffc1_temp_normal_vfloat_mv = 4500, 			ffc2_temp_normal_vfloat_mv = 4500, 			ffc_normal_vfloat_over_sw_limit = 4500 			ffc2_temp_low_decidegc = 160 			limits.ff1_exit_step_ma = 400 			limits.ff1_warm_exit_step_ma = 350 			pd_input_current_charger_ma = 2000 			qc_input_current_charger_ma = 2000
[    1.387498]  (6)[1:swapper/0][OPLUS_CHG][oplus_chg_parse_charger_dt]default_iterm_ma = 254, 			default_sub_iterm_ma = 100, 			default_temp_normal_fastchg_current_ma = 2200, 			default_normal_vfloat_sw_limit = 4385, 			default_temp_normal_vfloat_mv = 4435, 			default_normal_vfloat_over_sw_limit = 4445
[    1.387509]  (6)[1:swapper/0][OPLUS_CHG][oplus_chg_parse_charger_dt]qcom,smart_charge_version = 1
[    1.387513]  (6)[1:swapper/0][OPLUS_CHG][oplus_chg_parse_charger_dt]qcom,old_smart_charge_standard = 1
[    1.387517]  (6)[1:swapper/0][OPLUS_CHG][oplus_chg_parse_charger_dt]qcom,bat_type_string =  
[    1.387520]  (6)[1:swapper/0][OPLUS_CHG][oplus_chg_parse_charger_dt]default_temp_little_cool_fastchg_current_ma = 2200, 			default_little_cool_vfloat_sw_limit = 4385, 			default_temp_little_cool_vfloat_mv = 4435, 			default_little_cool_vfloat_over_sw_limit = 4445
[    1.387636]  (6)[1:swapper/0][OPLUS_CHG][oplus_chg_parse_charger_dt]input_current_charger_ma = 2200, 			input_current_usb_ma = 500, 			input_current_led_ma = 1200, 			input_current_led_ma_normal = 2000, 			input_current_led_ma_warm = 1500, 			input_current_led_ma_high = 1200, 			temp_normal_fastchg_current_ma = 2200, 			temp_normal_vfloat_mv = 4435, 			iterm_ma = 254, 			recharge_mv = 100, 			cold_bat_decidegc = -20, 			temp_cold_vfloat_mv = 3980, 			temp_cold_fastchg_current_ma = 350, 			little_cold_bat_decidegc = 0, 			temp_little_cold_vfloat_mv = 4435, 			temp_little_cold_fastchg_current_ma = 2200, 			cool_bat_decidegc = 50, 			temp_cool_vfloat_mv = 4435, 			temp_cool_fastchg_current_ma_high = 2200, 			temp_cool_fastchg_current_ma_low = 2200, 			little_cool_bat_decidegc = 120, 			temp_little_cool_vfloat_mv = 4435, 			temp_little_cool_fastchg_current_ma = 2200, 			normal_bat_decidegc = 160, 			warm_bat_decidegc = 450, 			temp_warm_vfloat_mv = 4130, 			temp_warm_fastchg_current_ma = 1350,
[    1.387654]  (6)[1:swapper/0][OPLUS_CHG][oplus_chg_parse_charger_dt]chip->usbtemp_temp_up_time_thr=30, chip->usbtemp_max_temp_thr=57, chip->usbtemp_batttemp_gap[12]
[    1.387658]  (6)[1:swapper/0][OPLUS_CHG][oplus_chg_parse_charger_dt]qcom,ship-mode-config=0
[    1.387666]  (6)[1:swapper/0][OPLUS_CHG][oplus_chg_parse_charger_dt]dual_charger_support=0, slave_pct=50, slave_chg_enable_ma=2100, slave_chg_disable_ma=1700
[    1.387677]  (6)[1:swapper/0][OPLUS_CHG][oplus_chg_parse_charger_dt]support_low_soc_unlimit=0, unlimit_soc=0
[    1.387682]  (6)[1:swapper/0][OPLUS_CHG][oplus_ntc_switch_parse_dt]Couldn't read qcom,ntcctrl_gpio rc=0, qcom,ntcctrl_gpio:-2
[    1.387684]  (6)[1:swapper/0]oplus_chg_ntc_init ntc channel init success, -695524352
[    1.387686]  (6)[1:swapper/0][OPLUS_CHG][oplus_ntc_ctrl_is_support]not support, return false
[    1.387823]  (6)[1:swapper/0][battery_type_check]: adc_value[280], battery_type[8],g_fg_battery_id[1]
[    1.388277]  (6)[1:swapper/0](null), ichg=0 ma
[    1.388367]  (6)[1:swapper/0][OPLUS_CHG][oplus_mt6360_charging_current_write_fast]set fast charge current:512 ret_chg_curr = 500000
[    1.388737]  (6)[1:swapper/0][OPLUS_CHG][is_vooc_support_single_batt_svooc] g_vooc_chip is NULL
[    1.388962]  (6)[1:swapper/0][OPLUS_CHG][oplus_chg_variables_init]use oplus_gauge_get_batt_authenticate
[    1.389337]  (6)[1:swapper/0][battery_type_check]: adc_value[280], battery_type[8],g_fg_battery_id[1]
[    1.389345]  (6)[1:swapper/0][OPLUS_CHG][oplus_get_smooth_soc_switch]smooth_switch = 0
[    1.390634]  (5)[328:dc_trim_thread]mt635x-auxadc mt635x-auxadc: name:HPOFS_CAL, channel=9, adc_out=0x738d, adc_result=29581
[    1.392639]  (6)[1:swapper/0]mt635x-auxadc mt635x-auxadc: name:BATADC, channel=0, adc_out=0x4c00, adc_result=3740
[    1.394592]  (6)[1:swapper/0]mt635x-auxadc mt635x-auxadc: name:BATADC, channel=0, adc_out=0x4be1, adc_result=3734
[    1.456441] -(6)[328:dc_trim_thread]mt635x_auxadc_read_raw: 23 callbacks suppressed
[    1.456449]  (6)[328:dc_trim_thread]mt635x-auxadc mt635x-auxadc: name:HPOFS_CAL, channel=9, adc_out=0x738d, adc_result=29581
[    1.459056]  (6)[328:dc_trim_thread]mt635x-auxadc mt635x-auxadc: name:HPOFS_CAL, channel=9, adc_out=0x738e, adc_result=29582
[    1.461658]  (6)[328:dc_trim_thread]mt635x-auxadc mt635x-auxadc: name:HPOFS_CAL, channel=9, adc_out=0x738d, adc_result=29581
[    1.461674]  (6)[328:dc_trim_thread]mt6359-sound mt6359_snd: get_hp_dctrim_offset(), get off_valueL
[    1.470600]  (6)[328:dc_trim_thread]mt635x-auxadc mt635x-auxadc: name:HPOFS_CAL, channel=9, adc_out=0x73c7, adc_result=29639
[    1.473202]  (6)[328:dc_trim_thread]mt635x-auxadc mt635x-auxadc: name:HPOFS_CAL, channel=9, adc_out=0x73c5, adc_result=29637
[    1.484055]  (6)[49:kworker/6:1][sensor_devinfo] read_oplus_custom 397 : failed to open file /dev/block/by-name/oplus_custom 0000000072e90202 -1
[    1.484063]  (6)[49:kworker/6:1][sensor_devinfo] sensor_read_oplus_custom 472 : read_oplus_custom error = -1
[    1.484070]  (6)[49:kworker/6:1][sensor_devinfo] sensor_devinfo_work 1136 : try 10
[    1.485871]  (0)[1:swapper/0][OPLUS_CHG][oplus_chg_get_battery_data][Battery]oplus_chg_get_battery_data,				chip->soc[-1],retry_counts[0]
[    1.486537]  (1)[1:swapper/0][OPLUS_CHG][oplus_chg_debug_info_reset]enter
[    1.487746]  (1)[1:swapper/0][OPLUS_CHG][oplus_chg_init] end
[    1.487956]  (1)[113:kworker/1:1]last full = 0, full = 0
[    1.488070]  (2)[1:swapper/0][OPLUS_CHG][mtk_charger_probe]Couldn't get subboard_temp_chan...
[    1.488088]  (2)[1:swapper/0][OPLUS_CHG][mtk_charger_probe]Couldn't get batcon_temp_chan...
[    1.488101]  (2)[1:swapper/0][OPLUS_CHG][mtk_charger_probe]Couldn't get charger_id_chan...
[    1.488177]  (1)[113:kworker/1:1](null), ichg=0 ma
[    1.488290]  (1)[113:kworker/1:1][oplus_usbtemp_monitor_common]:run first chip->usbtemp_max_temp_thr[57], chip->usbtemp_temp_up_time_thr[30]!
[    1.488308]  (1)[113:kworker/1:1][OPLUS_CHG][oplus_mt6360_charging_current_write_fast]set fast charge current:2200 ret_chg_curr = 2200000
[    1.488635]  (2)[1:swapper/0]Found PD adapter [(null)]
[    1.488672]  (2)[1:swapper/0]BOOTPROF:      1488.668926:probe: probe=platform_drv_probe drv=charger(charger_driver)   101.828077ms
[    1.488984]  (2)[144:kworker/2:1]mtk-vcodec-dec 16010000.vdec_gcon: [VCU] can't get vcu node
[    1.488992]  (2)[144:kworker/2:1][MTK_V4L2][ERROR] mtk_vcodec_dec_probe:273: [VCU] vcu device in not ready
[    1.489195]  (2)[144:kworker/2:1]mtk-vcodec-dec 16018000.vdec_gcon: [VCU] can't get vcu node
[    1.489202]  (2)[144:kworker/2:1][MTK_V4L2][ERROR] mtk_vcodec_dec_probe:273: [VCU] vcu device in not ready
[    1.489466]  (2)[1:swapper/0]initcall mtk_charger_init+0x0/0x24 returned 0 after 100530 usecs
[    1.489476]  (2)[1:swapper/0]BOOTPROF:      1489.474541:initcall: mtk_charger_init   102.959462ms
[    1.489484]  (2)[1:swapper/0]calling  init_wk+0x0/0xa8 @ 1
[    1.489633]  (2)[1:swapper/0]initcall init_wk+0x0/0xa8 returned 0 after 135 usecs
[    1.489643]  (2)[1:swapper/0]calling  of_fdt_raw_init+0x0/0x84 @ 1
[    1.489744]  (1)[5:kworker/u16:0][wdk] bind thread 372 to cpu 0
[    1.489779]  (0)[372:wdtk-0][wdk-c] cpu=0,lbit=0x1,cbit=0xff,7,1,1489652003,0,0,[1489773233,15000000]
[    1.489835]  (0)[5:kworker/u16:0][wdk] bind thread 373 to cpu 1
[    1.489869]  (1)[373:wdtk-1][wdk-c] cpu=1,lbit=0x3,cbit=0xff,7,1,1489652003,0,0,[1489864387,14999908]
[    1.489912]  (0)[5:kworker/u16:0][wdk] bind thread 374 to cpu 2
[    1.490017]  (1)[5:kworker/u16:0][wdk] bind thread 375 to cpu 3
[    1.490052]  (3)[375:wdtk-3][wdk-c] cpu=3,lbit=0xb,cbit=0xff,7,1,1489652003,0,0,[1490046541,14999726]
[    1.490127]  (2)[1:swapper/0]initcall of_fdt_raw_init+0x0/0x84 returned 0 after 464 usecs
[    1.490136]  (2)[1:swapper/0]calling  mtk_smi_debug_init+0x0/0x6c @ 1
[    1.490149]  (2)[1:swapper/0]initcall mtk_smi_debug_init+0x0/0x6c returned -19 after 5 usecs
[    1.490153]  (1)[5:kworker/u16:0][wdk] bind thread 376 to cpu 4
[    1.490163]  (2)[1:swapper/0]calling  tcp_congestion_default+0x0/0x1c @ 1
[    1.490171]  (2)[1:swapper/0]initcall tcp_congestion_default+0x0/0x1c returned 0 after 1 usecs
[    1.490179]  (2)[1:swapper/0]calling  init_cpu_info+0x0/0x60 @ 1
[    1.490186]  (4)[376:wdtk-4][wdk-c] cpu=4,lbit=0x1b,cbit=0xff,7,1,1489652003,0,0,[1490180618,14999592]
[    1.490189]  (2)[1:swapper/0]initcall init_cpu_info+0x0/0x60 returned 0 after 1 usecs
[    1.490196]  (2)[1:swapper/0]calling  clear_boot_tracer+0x0/0x3c @ 1
[    1.490201]  (2)[1:swapper/0]initcall clear_boot_tracer+0x0/0x3c returned 0 after 0 usecs
[    1.490207]  (2)[1:swapper/0]calling  fb_logo_late_init+0x0/0x14 @ 1
[    1.490212]  (2)[1:swapper/0]initcall fb_logo_late_init+0x0/0x14 returned 0 after 0 usecs
[    1.490218]  (2)[1:swapper/0]calling  clk_disable_unused+0x0/0x110 @ 1
[    1.490221]  (2)[1:swapper/0]clk: Not disabling unused clocks
[    1.490226]  (2)[1:swapper/0]initcall clk_disable_unused+0x0/0x110 returned 0 after 3 usecs
[    1.490231]  (2)[1:swapper/0]calling  regulator_init_complete+0x0/0x70 @ 1
[    1.490242]  (1)[5:kworker/u16:0][wdk] bind thread 377 to cpu 5
[    1.490261]  (2)[1:swapper/0]vs1: disabling
[    1.490270]  (2)[1:swapper/0]regulator regulator.1: mt6359_regulator_disable:VS1 should not be disable.(use_count=0)
[    1.490276]  (2)[1:swapper/0]vs1: couldn't disable: -1
[    1.490277]  (5)[377:wdtk-5][wdk-c] cpu=5,lbit=0x3b,cbit=0xff,7,1,1489652003,0,0,[1490271464,14999501]
[    1.490290]  (2)[1:swapper/0]vgpu11: disabling
[    1.490297]  (2)[1:swapper/0]regulator regulator.2: mt6359_regulator_disable:VGPU11 should not be disable.(use_count=0)
[    1.490302]  (2)[1:swapper/0]vgpu11: couldn't disable: -1
[    1.490317]  (2)[1:swapper/0]vpu: disabling
[    1.490323]  (2)[1:swapper/0]regulator regulator.4: mt6359_regulator_disable:VPU should not be disable.(use_count=0)
[    1.490328]  (2)[1:swapper/0]vpu: couldn't disable: -1
[    1.490332]  (1)[5:kworker/u16:0][wdk] bind thread 378 to cpu 6
[    1.490343]  (2)[1:swapper/0]vcore: disabling
[    1.490349]  (2)[1:swapper/0]regulator regulator.5: mt6359_regulator_disable:VCORE should not be disable.(use_count=0)
[    1.490354]  (2)[1:swapper/0]vcore: couldn't disable: -1
[    1.490364]  (2)[1:swapper/0]vs2: disabling
[    1.490369]  (2)[1:swapper/0]regulator regulator.6: mt6359_regulator_disable:VS2 should not be disable.(use_count=0)
[    1.490374]  (2)[1:swapper/0]vs2: couldn't disable: -1
[    1.490389]  (2)[1:swapper/0]vproc2: disabling
[    1.490395]  (2)[1:swapper/0]regulator regulator.8: mt6359_regulator_disable:VPROC2 should not be disable.(use_count=0)
[    1.490400]  (2)[1:swapper/0]vproc2: couldn't disable: -1
[    1.490416]  (2)[1:swapper/0]vaud18: disabling
[    1.490422]  (1)[5:kworker/u16:0][wdk] bind thread 379 to cpu 7
[    1.490424]  (2)[1:swapper/0]regulator regulator.10: mt6359_regulator_disable:VAUD18 should not be disable.(use_count=0)
[    1.490428]  (2)[1:swapper/0]vaud18: couldn't disable: -1
[    1.490438]  (1)[5:kworker/u16:0][wdk] WDT start kicker done CPU_NR=8
[    1.490444]  (1)[5:kworker/u16:0][wdk]init_wk done late_initcall cpus_kick_bit=0xff -----
[    1.490446]  (2)[1:swapper/0]vrf12: disabling
[    1.490450]  (2)[1:swapper/0]regulator regulator.13: mt6359_regulator_disable:VRF12 should not be disable.(use_count=0)
[    1.490453]  (2)[1:swapper/0]vrf12: couldn't disable: -1
[    1.490455]  (7)[379:wdtk-7][wdk-c] cpu=7,lbit=0xbb,cbit=0xff,7,1,1489652003,0,0,[1490450541,14999322]
[    1.490461]  (2)[1:swapper/0]vsram_proc2: disabling
[    1.490465]  (2)[1:swapper/0]regulator regulator.15: mt6359_regulator_disable:VSRAM_PROC2 should not be disable.(use_count=0)
[    1.490469]  (2)[1:swapper/0]vsram_proc2: couldn't disable: -1
[    1.490506]  (2)[1:swapper/0]vaux18: disabling
[    1.490513]  (2)[1:swapper/0]regulator regulator.23: mt6359_regulator_disable:VAUX18 should not be disable.(use_count=0)
[    1.490518]  (2)[1:swapper/0]vaux18: couldn't disable: -1
[    1.490528]  (2)[1:swapper/0]vsram_others: disabling
[    1.490534]  (2)[1:swapper/0]regulator regulator.24: mt6359_regulator_disable:VSRAM_OTHERS should not be disable.(use_count=0)
[    1.490539]  (2)[1:swapper/0]vsram_others: couldn't disable: -1
[    1.490553]  (2)[1:swapper/0]vxo22: disabling
[    1.490560]  (2)[1:swapper/0]regulator regulator.26: mt6359_regulator_disable:VXO22 should not be disable.(use_count=0)
[    1.490564]  (2)[1:swapper/0]vxo22: couldn't disable: -1
[    1.490578]  (2)[1:swapper/0]vbif28: disabling
[    1.490585]  (2)[1:swapper/0]regulator regulator.28: mt6359_regulator_disable:VBIF28 should not be disable.(use_count=0)
[    1.490589]  (2)[1:swapper/0]vbif28: couldn't disable: -1
[    1.490599]  (2)[1:swapper/0]vio28: disabling
[    1.490605]  (2)[1:swapper/0]regulator regulator.29: mt6359_regulator_disable:VIO28 should not be disable.(use_count=0)
[    1.490610]  (2)[1:swapper/0]vio28: couldn't disable: -1
[    1.490631]  (2)[1:swapper/0]va09: disabling
[    1.490637]  (2)[1:swapper/0]regulator regulator.34: mt6359_regulator_disable:VA09 should not be disable.(use_count=0)
[    1.490641]  (2)[1:swapper/0]va09: couldn't disable: -1
[    1.490665]  (2)[1:swapper/0]vufs: disabling
[    1.490675]  (2)[1:swapper/0]regulator regulator.37: mt6359_regulator_disable:VUFS should not be disable.(use_count=0)
[    1.490681]  (2)[1:swapper/0]vufs: couldn't disable: -1
[    1.490693]  (2)[1:swapper/0]vm18: disabling
[    1.490700]  (2)[1:swapper/0]regulator regulator.38: mt6359_regulator_disable:VM18 should not be disable.(use_count=0)
[    1.490704]  (2)[1:swapper/0]vm18: couldn't disable: -1
[    1.490719]  (2)[1:swapper/0]vsram_proc1: disabling
[    1.490724]  (2)[1:swapper/0]regulator regulator.40: mt6359_regulator_disable:VSRAM_PROC1 should not be disable.(use_count=0)
[    1.490728]  (2)[1:swapper/0]vsram_proc1: couldn't disable: -1
[    1.490745]  (2)[1:swapper/0]3_vbuck1: disabling
[    1.490751]  (2)[1:swapper/0]regulator regulator.42: mt6315_regulator_disable:3_VBUCK1 should not be disable.(use_count=0)
[    1.490755]  (2)[1:swapper/0]3_vbuck1: couldn't disable: -1
[    1.490765]  (2)[1:swapper/0]3_vbuck4: disabling
[    1.490770]  (2)[1:swapper/0]regulator regulator.44: mt6315_regulator_disable:3_VBUCK4 should not be disable.(use_count=0)
[    1.490774]  (2)[1:swapper/0]3_vbuck4: couldn't disable: -1
[    1.490829]  (2)[374:wdtk-2][wdk-c] cpu=2,lbit=0xbf,cbit=0xff,7,1,1489652003,0,0,[1490825926,14998947]
[    1.490889]  (2)[1:swapper/0]VDRAM1: disabling
[    1.491784]  (2)[1:swapper/0]initcall regulator_init_complete+0x0/0x70 returned 0 after 1508 usecs
[    1.491793]  (2)[1:swapper/0]calling  swpm_platform_init+0x0/0x320 @ 1
[    1.491818]  (2)[1:swapper/0][SWPM] phy_addr = 0x9fbf3800, virt_addr=0xffffff8009103800, size = 6144
[    1.491839]  (2)[1:swapper/0][SWPM] aphy core_bw[168]/core[350]/core_volt[8]
[    1.491844]  (2)[1:swapper/0][SWPM] aphy others_bw[154]/others[966]/idd[84]/dram_opp[14]
[    1.491848]  (2)[1:swapper/0][SWPM] ME disp_resolution=0 disp_fps=0
[    1.491914]  (2)[1:swapper/0]initcall swpm_platform_init+0x0/0x320 returned 0 after 112 usecs
[    1.491921]  (2)[1:swapper/0]calling  tcpc_class_complete_init+0x0/0x40 @ 1
[    1.491927]  (2)[1:swapper/0]__tcpc_class_complete_work = type_c_port0
[    1.491972]  (7)[106:pd_dbg_info]///PD dbg info 23d
[    1.491976]  (7)[106:pd_dbg_info]<    1.491>line-2200: 
[    1.496180]  (2)[1:swapper/0]usb_type_c 5-004e: mt6360_init_alert_mask
[    1.497456]  (1)[5:kworker/u16:0]PD charger event:24 2
[    1.497471]  (1)[5:kworker/u16:0]rt-pd-manager rt-pd-manager: pd_tcp_notifier_call cable type = 2
[    1.499783]  (0)[5:kworker/u16:0]rt-pd-manager rt-pd-manager: pd_tcp_notifier_call sink vbus 0mV 0mA type(0x00)
[    1.499788]  (1)[1:swapper/0]tcpc_device_irq_enable : tcpc irq enable OK!
[    1.499802]  (1)[1:swapper/0]initcall tcpc_class_complete_init+0x0/0x40 returned 0 after 7685 usecs
[    1.499813]  (1)[1:swapper/0]calling  init_perf_tracker+0x0/0x1d0 @ 1
[    1.499828]  (0)[5:kworker/u16:0]pd_tcp_notifier_call sink vbus 0mV 0mA type(0x00)
[    1.499841]  (0)[5:kworker/u16:0][MUSB]otg_tcp_notifier_call 339: source vbus = 0mv
[    1.499854]  (1)[1:swapper/0]initcall init_perf_tracker+0x0/0x1d0 returned 0 after 30 usecs
[    1.499857]  (0)[5:kworker/u16:0][MUSB]mt_usb_vbus_off 235: vbus_off
[    1.499865]  (0)[5:kworker/u16:0][MUSB]issue_vbus_work 221: issue work, ops<0>, delay<0>
[    1.499899]  (1)[1:swapper/0]calling  mt6833_logger_init+0x0/0x1f0 @ 1
[    1.499903]  (0)[5:kworker/u16:0][MUSB]_set_vbus 143: vbus_init<0>
[    1.499912]  (0)[5:kworker/u16:0][MUSB]_set_vbus 154: op<0>, status<0>
[    1.499922]  (0)[5:kworker/u16:0]rt-pd-manager rt-pd-manager: pd_tcp_notifier_call ext discharge = 1
[    1.500006]  (6)[378:wdtk-6][wdk-k] cpu=6,lbit=0xff,cbit=0xff,7,1,1489652003,0,0,[1500002541,14989770]
[    1.500013]  (6)[378:wdtk-6][thread:378][RT:1500010464] 2026-09-12 01:17:12.613527 UTC;android time 2026-09-12 01:17:12.613527
[    1.508980] -(6)[328:dc_trim_thread][SCP] scp_A_set_ready()
[    1.508987] -(6)[328:dc_trim_thread][SCP] ramdump init
[    1.508990] -(6)[328:dc_trim_thread][SCP] get scp_A_task_context_addr: 0xb8c70
[    1.509030]  (2)[112:kworker/u16:1][scp_dvfs]: ipi to scp: freq=250, cali_val=0x4e
[    1.516055]  (0)[106:pd_dbg_info]///PD dbg info 798d
[    1.516077]  (0)[106:pd_dbg_info]<    1.497>TCPC-TCPC:tcpc_typec_handle_ctd: cable_type = 2
[    1.516077] <    1.497>TCPC-TCPC:tcpc_typec_handle_ctd: typec_state=Disabled, pre
[    1.516087]  (0)[106:pd_dbg_info]_ct=0, ct=2, typec_ct=0
[    1.516087] <    1.497>TCPC-TCPC:tcpc_typec_handle_ctd cable (0, 2)
[    1.516087] <    1.497>TCPC-TCPC:tcpc_typec_handle_ctd cable
[    1.516109]  (0)[106:pd_dbg_info] type 2
[    1.516109] <    1.499>TCPC-TYPEC:typec_init: SNK
[    1.516109] <    1.499>TCPC-TYPEC:** Unattached.SNK
[    1.516109] <    1.499>line-1464: mt6360_set_cc 10
[    1.516109] <  
[    1.516134]  (0)[106:pd_dbg_info]  1.499>line-877: mt6360_enable_usbid_polling sbu_polling_en=0, en=0 
[    1.516134] <    1.499>line-882: mt6360_enable_usbid_polling water_det
[    1.516164]  (0)[106:pd_dbg_info]ect_switch_status is false, set polling false
[    1.516164] <    1.499>TCPC-TCPC:Alert:0x8200, Mask:0x867f
[    1.516164] <    1.500>line-1890: Vend INT1:0x0
[    1.516184]  (0)[106:pd_dbg_info]2
[    1.516184] <    1.500>line-1891: Mask INT1:0x0B
[    1.516184] <    1.501>line-1688: mt6360_vsafe0v_irq_handler
[    1.516184] <    1.502>TCPC-TCPC:FaultAlert=0x80
[    1.516184] <  
[    1.516202]  (0)[106:pd_dbg_info]  1.502>TCPC-TCPC:ps_change=0
[    1.520714] -(4)[0:swapper/4][SCP]scp_get_reserve_mem_phys=8f14e300
[    1.520796]  (5)[5:kworker/u16:0][SCP] scp_logger_notify_ws: id=17
[    1.520843]  (1)[112:kworker/u16:1][scp_dvfs]: ipi to scp: freq=330, cali_val=0x49
[    1.525014]  (2)[1:swapper/0][name:spm&][SPM] find 'mediatek,adsp_core_0' node failed
[    1.525302]  (2)[1:swapper/0][name:spm&][SPM] find 'mediatek,adsp_core_1' node failed
[    1.525545]  (2)[1:swapper/0]initcall mt6833_logger_init+0x0/0x1f0 returned 0 after 25005 usecs
[    1.525559]  (2)[1:swapper/0]BOOTPROF:      1525.556618:initcall: mt6833_logger_init    25.659462ms
[    1.525570]  (2)[1:swapper/0]calling  mt6833_lpm_trace_init+0x0/0x5c @ 1
[    1.525775]  (2)[1:swapper/0]initcall mt6833_lpm_trace_init+0x0/0x5c returned 0 after 188 usecs
[    1.525786]  (2)[1:swapper/0]calling  mt6833_init+0x0/0x1c @ 1
[    1.526537]  (2)[1:swapper/0]initcall mt6833_init+0x0/0x1c returned 0 after 722 usecs
[    1.526552]  (2)[1:swapper/0]calling  init_get_cache_work+0x0/0x88 @ 1
[    1.526562]  (2)[1:swapper/0]initcall init_get_cache_work+0x0/0x88 returned 0 after 0 usecs
[    1.526572]  (2)[1:swapper/0]calling  helio_dvfsrc_init+0x0/0x20 @ 1
[    1.529512]  (2)[1:swapper/0]mtk_dbgtop_cfg_dvfsrc: MTK_DBGTOP_DEBUG_CTL2(0x2ff)
[    1.529533]  (2)[1:swapper/0]mtk_dbgtop_cfg_dvfsrc: MTK_DBGTOP_LATCH_CTL(0x27e71)
[    1.529580]  (2)[1:swapper/0]DVFSRC OUT Disable
[    1.529596]  (2)[1:swapper/0]DVFSRC OUT Disable
[    1.529611]  (2)[1:swapper/0]DVFSRC OUT Disable
[    1.529626]  (2)[1:swapper/0]DVFSRC OUT Disable
[    1.529641]  (2)[1:swapper/0]DVFSRC OUT Disable
[    1.529656]  (2)[1:swapper/0]DVFSRC OUT Disable
[    1.529673]  (2)[1:swapper/0]DVFSRC OUT Disable
[    1.529692]  (2)[1:swapper/0]DVFSRC OUT Disable
[    1.529712]  (2)[1:swapper/0]DVFSRC OUT Disable
[    1.529731]  (2)[1:swapper/0]DVFSRC OUT Disable
[    1.529752]  (2)[1:swapper/0]DVFSRC OUT Disable
[    1.529769]  (2)[1:swapper/0]DVFSRC OUT Disable
[    1.529785]  (2)[1:swapper/0]DVFSRC OUT Disable
[    1.530109]  (2)[1:swapper/0]MMP: mmprofile_enable(): enable: 1
[    1.530149]  (2)[1:swapper/0]MMP: mmprofile_force_start(): start: 1
[    1.530266]  (2)[1:swapper/0]helio_dvfsrc_probe: init done
[    1.531060]  (2)[384:kworker/2:2]mtk-vcodec-dec 16010000.vdec_gcon: [VCU] can't get vcu node
[    1.531079]  (2)[384:kworker/2:2][MTK_V4L2][ERROR] mtk_vcodec_dec_probe:273: [VCU] vcu device in not ready
[    1.531596]  (2)[384:kworker/2:2]mtk-vcodec-dec 16018000.vdec_gcon: [VCU] can't get vcu node
[    1.531613]  (2)[384:kworker/2:2][MTK_V4L2][ERROR] mtk_vcodec_dec_probe:273: [VCU] vcu device in not ready
[    1.532537]  (0)[112:kworker/u16:1][scp_dvfs]: ipi to scp: freq=400, cali_val=0x51
[    1.533438]  (0)[112:kworker/u16:1][SCP] notify blocking call
[    1.533468]  (0)[112:kworker/u16:1][ccci0/fsm]register IPI
[    1.533491]  (0)[112:kworker/u16:1][ccci1/cor]SCP reboot---
[    1.533818]  (1)[1:swapper/0]initcall helio_dvfsrc_init+0x0/0x20 returned 0 after 7057 usecs
[    1.533844]  (1)[1:swapper/0]calling  emimpu_ap_region_init+0x0/0x6c @ 1
[    1.533857]  (1)[1:swapper/0]emimpu_ap_region_init: enable AP region
[    1.533894]  (1)[1:swapper/0]initcall emimpu_ap_region_init+0x0/0x6c returned 0 after 32 usecs
[    1.533913]  (1)[1:swapper/0]calling  alsa_sound_last_init+0x0/0x80 @ 1
[    1.533925]  (1)[1:swapper/0]ALSA device list:
[    1.533937]  (1)[1:swapper/0]  #0: mt6833-mt6359
[    1.533955]  (1)[1:swapper/0]initcall alsa_sound_last_init+0x0/0x80 returned 0 after 24 usecs
[    1.533974]  (1)[1:swapper/0][PHOENIX] phx_klog_bootstage: KERNEL_DO_INITCALLS_DONE
[    1.533989]  (1)[1:swapper/0][PHOENIX] phx_klog_bootstage: KERNEL_DO_BASIC_SETUP_DONE
[    1.534121]  (1)[1:swapper/0]Warning: unable to open an initial console.
[    1.534350]  (0)[112:kworker/u16:1][sensor_devinfo] scp_ready_event 1693 :  receiver SCP_EVENT_READY event send cfg data
[    1.534350]  
[    1.534359]  (0)[112:kworker/u16:1][SCP] clear scp reset flag and unlock
[    1.535590]  (6)[328:dc_trim_thread]mt6359-sound mt6359_snd: get_hp_dctrim_offset(), get on_valueR
[    1.539757]  (1)[1:swapper/0]Freeing unused kernel memory: 8128K
[    1.539902]  (1)[1:swapper/0][PHOENIX] phx_klog_bootstage: KERNEL_INIT_DONE
[    1.539922]  (1)[1:swapper/0]BOOTPROF:      1539.918233:Kernel_init_done
[    1.539947]  (1)[1:swapper/0]KernelSU: /init argc: 1
[    1.545436]  (0)[1:init][PHOENIX] phx_klog_bootstage: NATIVE_INIT_START
[    1.545587]  (0)[1:init]init: init first stage started!
[    1.545708]  (0)[1:init]init: Unable to open /lib/modules, skipping module loading.
[    1.545975]  (0)[1:init]init: Copied ramdisk prop to /second_stage_resources/system/etc/ramdisk/build.prop
[    1.546345]  (0)[1:init]init: [libfs_mgr]ReadFstabFromDt(): failed to read fstab from dt
[    1.548029]  (1)[113:kworker/1:1](null), ichg=0 ma
[    1.548074]  (0)[1:init]init: Using Android DT directory /proc/device-tree/firmware/android/
[    1.548176]  (1)[113:kworker/1:1][OPLUS_CHG][oplus_mt6360_charging_current_write_fast]set fast charge current:350 ret_chg_curr = 300000
[    1.549830]  (5)[5:kworker/u16:0]rt-pd-manager rt-pd-manager: pd_tcp_notifier_call ext discharge = 0
[    1.571374]  (7)[1:init]init: [libfs_mgr]superblock s_max_mnt_count:65535,/dev/block/by-name/metadata
[    1.571411]  (7)[1:init]init: [libfs_mgr]save_log:Unable to open /mnt/vendor/oplusreserve/fs_mgr_log
[    1.571444]  (7)[1:init]init: [libfs_mgr]Filesystem on /dev/block/by-name/metadata was not cleanly shutdown; state flags: 0x1, incompat feature flags: 0x46
[    1.571797]  (7)[1:init]init: [libfs_mgr]superblock s_max_mnt_count:65535,/dev/block/by-name/metadata
[    1.571812]  (7)[1:init]init: [libfs_mgr]save_log:Unable to open /mnt/vendor/oplusreserve/fs_mgr_log
[    1.572160]  (7)[1:init]EXT4-fs (sdc15): Ignoring removed nomblk_io_submit option
[    1.574739]  (6)[1:init]EXT4-fs (sdc15): recovery complete
[    1.574925]  (6)[1:init]EXT4-fs (sdc15): mounted filesystem with ordered data mode. Opts: errors=remount-ro,nomblk_io_submit
[    1.595583]  (7)[1:init]EXT4-fs (sdc15): mounted filesystem with ordered data mode. Opts: discard
[    1.605511]  (7)[1:init]erofs: (device dm-1): erofs_read_superblock: cannot find valid erofs superblock
[    1.606617]  (7)[1:init]EXT4-fs (dm-1): mounted filesystem without journal. Opts: 
[    1.609847]  (7)[1:init]erofs: (device dm-0): mounted with opts: , root inode @ nid 46.
[    1.610409]  (7)[1:init]erofs: (device dm-3): mounted with opts: , root inode @ nid 42.
[    1.610830]  (7)[1:init]erofs: (device dm-4): mounted with opts: , root inode @ nid 40.
[    1.611231]  (7)[1:init]erofs: (device dm-5): mounted with opts: , root inode @ nid 38.
[    1.611615]  (7)[1:init]erofs: (device dm-8): erofs_read_superblock: cannot find valid erofs superblock
[    1.611753]  (6)[328:dc_trim_thread]mt6359-sound mt6359_snd: get_hp_dctrim_offset(), get off_valueR
[    1.612076]  (1)[113:kworker/1:1]mt6360_pmu_chg mt6360_pmu_chg.3.auto: mt6360_enable: ichg < 500mA, bypass vsys wkard
[    1.612488]  (7)[1:init]EXT4-fs (dm-8): mounted filesystem without journal. Opts: 
[    1.612935]  (7)[1:init]erofs: (device dm-9): mounted with opts: , root inode @ nid 38.
[    1.613711]  (7)[1:init]erofs: (device dm-10): mounted with opts: , root inode @ nid 38.
[    1.614452]  (7)[1:init]erofs: (device dm-7): mounted with opts: , root inode @ nid 38.
[    1.615961]  (7)[1:init]erofs: (device dm-6): mounted with opts: , root inode @ nid 38.
[    1.616730]  (7)[1:init]erofs: (device dm-11): erofs_read_superblock: cannot find valid erofs superblock
[    1.617860]  (7)[1:init]EXT4-fs (dm-11): mounted filesystem without journal. Opts: 
[    1.619499]  (7)[1:init]erofs: (device dm-14): mounted with opts: , root inode @ nid 39.
[    1.620312]  (7)[1:init]erofs: (device dm-12): mounted with opts: , root inode @ nid 38.
[    1.623169]  (7)[1:init]EXT4-fs (sdc5): Ignoring removed nomblk_io_submit option
[    1.626010]  (7)[1:init]EXT4-fs (sdc5): warning: maximal mount count reached, running e2fsck is recommended
[    1.626214]  (7)[1:init]EXT4-fs (sdc5): recovery complete
[    1.626375]  (7)[1:init]EXT4-fs (sdc5): mounted filesystem with ordered data mode. Opts: errors=remount-ro,nomblk_io_submit
[    1.651215]  (1)[113:kworker/1:1][OPLUS_CHG][oplus_chg_get_battery_data][Battery]oplus_chg_get_battery_data,				chip->soc[-1],retry_counts[1]
[    1.651827]  (1)[113:kworker/1:1][OPLUS_CHG][oplus_chg_debug_info_reset]enter
[    1.651861]  (1)[113:kworker/1:1][OPLUS_CHG][oplus_chg_print_log]CHGR[ 0 / 0 / 0 / 3 / 0 ], BAT[ 1 / 0 / 0 / 0 / 1 / 0 ], GAUGE[ 0 / 0 / 3732 / 3735 / 588 / -1 / 50 / 50 / 0 / 0 / 0 / 0 / 0 / 0 / 0 / 0 / 0 / 0 / 0 / 0 / 0 / 0 / 0 /], STATUS[ 0x0 / 0 / 0 / 0 / 0 / 0x0 ], OTHER[ 0 / 1 / 7 / 0 / 0/ 0 / -2740 ], VOOCPHY[ 0 / 0 / 0 / 0 / 0 / 0x0 / 0 ]
[    1.652770]  (3)[1:init]e2fsck: executing /system/bin/e2fsck failed: No such file or directory
[    1.652841]  (3)[1:init]e2fsck: e2fsck terminated by exit(255)
[    1.652841] 
[    1.654097]  (3)[1:init]EXT4-fs (sdc5): warning: maximal mount count reached, running e2fsck is recommended
[    1.654375]  (3)[1:init]EXT4-fs (sdc5): mounted filesystem with ordered data mode. Opts: barrier=1
[    1.677932]  (3)[1:init]e2fsck: executing /system/bin/e2fsck failed: No such file or directory
[    1.678324]  (3)[1:init]e2fsck: e2fsck terminated by exit(255)
[    1.678324] 
[    1.687771]  (6)[328:dc_trim_thread]mt6359-sound mt6359_snd: stop_trim_hardware(), ++
[    1.722529]  (1)[328:dc_trim_thread]mt6359-sound mt6359_snd: stop_trim_hardware(), --
[    1.722600]  (1)[328:dc_trim_thread]mt6359-sound mt6359_snd: get_hp_dctrim_offset(), R_offset = 14, L_offset = -56
[    1.722622]  (1)[328:dc_trim_thread]mt6359-sound mt6359_snd: calculate_lr_trim_code(), step0 trim_value(R/L) = (14/-56)
[    1.723623]  (6)[1:init]init: 89 output lines suppressed due to ratelimiting
[    1.736089]  (1)[328:dc_trim_thread]mt6359-sound mt6359_snd: start_trim_hardware(), ++
[    1.774545]  (0)[328:dc_trim_thread]mt6359-sound mt6359_snd: start_trim_hardware(), --
[    1.774629]  (0)[328:dc_trim_thread]mt6359-sound mt6359_snd: get_hp_dctrim_offset(), get on_valueL
[    1.800235]  (6)[1:init]init: [libfstab] Using Android DT directory /proc/device-tree/firmware/android/
[    1.804182]  (6)[1:init]init: [libfstab] Warning: unknown flag: resize
[    1.806158]  (6)[1:init]init: [libfstab] Skip mounting mountpoint: /system_ext
[    1.806180]  (6)[1:init]init: [libfstab] Skip mounting mountpoint: /system_ext
[    1.806193]  (6)[1:init]init: [libfstab] Skip mounting mountpoint: /product
[    1.806205]  (6)[1:init]init: [libfstab] Skip mounting mountpoint: /product
[    1.806244]  (6)[1:init]init: Opening SELinux policy
[    1.808120]  (6)[1:init]init: /system/etc/selinux/plat_sepolicy_and_mapping.sha256 and /odm/etc/selinux/precompiled_sepolicy.plat_sepolicy_and_mapping.sha256 differ
[    1.808144]  (6)[1:init]init: Compiling SELinux policy
[    1.852015]  (6)[328:dc_trim_thread]mt6359-sound mt6359_snd: get_hp_dctrim_offset(), get off_valueL
[    1.888036]  (6)[41:kworker/6:0][ccci0/sys]swtp_init_delayed_work start
[    1.920025]  (0)[292:mddp_rx]port ccci_0_200 read data fail when md_state = 0
[    1.927829]  (1)[328:dc_trim_thread]mt6359-sound mt6359_snd: get_hp_dctrim_offset(), get on_valueR
[    2.003865]  (7)[328:dc_trim_thread]mt6359-sound mt6359_snd: get_hp_dctrim_offset(), get off_valueR
[    2.079885]  (7)[328:dc_trim_thread]mt6359-sound mt6359_snd: stop_trim_hardware(), ++
[    2.117434]  (0)[328:dc_trim_thread]mt6359-sound mt6359_snd: stop_trim_hardware(), --
[    2.117496]  (0)[328:dc_trim_thread]mt6359-sound mt6359_snd: get_hp_dctrim_offset(), R_offset = -14, L_offset = -4
[    2.117520]  (0)[328:dc_trim_thread]mt6359-sound mt6359_snd: calculate_lr_trim_code(), step1 trim_value(R/L) = (-14/-4)
[    2.132097]  (0)[328:dc_trim_thread]mt6359-sound mt6359_snd: start_trim_hardware(), ++
[    2.170580]  (0)[328:dc_trim_thread]mt6359-sound mt6359_snd: start_trim_hardware(), --
[    2.170635]  (0)[328:dc_trim_thread]mt6359-sound mt6359_snd: get_hp_dctrim_offset(), get on_valueL
[    2.247952]  (0)[328:dc_trim_thread]mt6359-sound mt6359_snd: get_hp_dctrim_offset(), get off_valueL
[    2.323820]  (0)[328:dc_trim_thread]mt6359-sound mt6359_snd: get_hp_dctrim_offset(), get on_valueR
[    2.368012]  (7)[50:kworker/7:1]oplus_custome_sync_work is called
[    2.368040]  (0)[328:dc_trim_thread]oplus_custome_sync_work: file /dev/block/by-name/oplus_custom is no exit
[    2.399724]  (0)[328:dc_trim_thread]mt6359-sound mt6359_snd: get_hp_dctrim_offset(), get off_valueR
[    2.460124] -(0)[328:dc_trim_thread]mt635x_auxadc_read_raw: 280 callbacks suppressed
[    2.460133]  (0)[328:dc_trim_thread]mt635x-auxadc mt635x-auxadc: name:HPOFS_CAL, channel=9, adc_out=0x73be, adc_result=29630
[    2.462743]  (0)[328:dc_trim_thread]mt635x-auxadc mt635x-auxadc: name:HPOFS_CAL, channel=9, adc_out=0x73c1, adc_result=29633
[    2.465343]  (0)[328:dc_trim_thread]mt635x-auxadc mt635x-auxadc: name:HPOFS_CAL, channel=9, adc_out=0x73c1, adc_result=29633
[    2.467943]  (0)[328:dc_trim_thread]mt635x-auxadc mt635x-auxadc: name:HPOFS_CAL, channel=9, adc_out=0x73c0, adc_result=29632
[    2.470543]  (0)[328:dc_trim_thread]mt635x-auxadc mt635x-auxadc: name:HPOFS_CAL, channel=9, adc_out=0x73bd, adc_result=29629
[    2.475816]  (0)[328:dc_trim_thread]mt6359-sound mt6359_snd: stop_trim_hardware(), ++
[    2.496017]  (6)[49:kworker/6:1][sensor_devinfo] read_oplus_custom 397 : failed to open file /dev/block/by-name/oplus_custom 0000000072e90202 -1
[    2.496023]  (6)[49:kworker/6:1][sensor_devinfo] sensor_read_oplus_custom 472 : read_oplus_custom error = -1
[    2.496026]  (6)[49:kworker/6:1][sensor_devinfo] sensor_devinfo_work 1136 : try 9
[    2.512584]  (0)[328:dc_trim_thread]mt6359-sound mt6359_snd: stop_trim_hardware(), --
[    2.512636]  (0)[328:dc_trim_thread]mt6359-sound mt6359_snd: get_hp_dctrim_offset(), R_offset = 7, L_offset = -18
[    2.512659]  (0)[328:dc_trim_thread]mt6359-sound mt6359_snd: calculate_lr_trim_code(), step2 trim_value(R/L) = (7/-18)
[    2.512681]  (0)[328:dc_trim_thread]mt6359-sound mt6359_snd: calculate_lr_trim_code(), step3 hp_trim_code(R/L) = (0x12/0x2)
[    2.512700]  (0)[328:dc_trim_thread]mt6359-sound mt6359_snd: calculate_lr_trim_code(), need to calculate step4 trim_code
[    2.524108]  (0)[328:dc_trim_thread]mt6359-sound mt6359_snd: start_trim_hardware(), ++
[    2.528410]  (6)[41:kworker/6:0][ccci1/sys]swtp-eint original gpio=7, of gpio=309, setdebounce=512000, eint_type=4, gpio_state=0, txpower_mode=1
[    2.528427] -(7)[439:secilc][ccci1/sys][swtp_swtich_state] tx_power_mode after change: 0
[    2.528434] -(7)[439:secilc][ccci1/sys]swtp_send_tx_power to MD1,state=0,ret=-304
[    2.528437] -(7)[439:secilc][ccci1/sys]swtp_send_tx_power_state send tx power failed, ret=-304, schedule delayed work
[    2.528628]  (6)[41:kworker/6:0][ccci1/sys]swtp_init_delayed_work:can't find swtp1 compatible node
[    2.528703]  (6)[41:kworker/6:0]not project 20095, don't get gpio 175.
[    2.528708]  (6)[41:kworker/6:0][ccci1/sys]swtp_init_delayed_work end: ret = -3
[    2.561848]  (0)[328:dc_trim_thread]mt6359-sound mt6359_snd: start_trim_hardware(), --
[    2.561892]  (0)[328:dc_trim_thread]mt6359-sound mt6359_snd: get_hp_dctrim_offset(), get on_valueL
[    2.635714]  (6)[328:dc_trim_thread]mt6359-sound mt6359_snd: get_hp_dctrim_offset(), get off_valueL
[    2.711732]  (6)[328:dc_trim_thread]mt6359-sound mt6359_snd: get_hp_dctrim_offset(), get on_valueR
[    2.787791]  (6)[328:dc_trim_thread]mt6359-sound mt6359_snd: get_hp_dctrim_offset(), get off_valueR
[    2.863601]  (6)[328:dc_trim_thread]mt6359-sound mt6359_snd: stop_trim_hardware(), ++
[    2.897986]  (0)[328:dc_trim_thread]mt6359-sound mt6359_snd: stop_trim_hardware(), --
[    2.898041]  (0)[328:dc_trim_thread]mt6359-sound mt6359_snd: get_hp_dctrim_offset(), R_offset = -16, L_offset = 9
[    2.898065]  (0)[328:dc_trim_thread]mt6359-sound mt6359_snd: calculate_lr_trim_code(), step3 trim_value(R/L) = (-16/9)
[    2.898102]  (0)[328:dc_trim_thread]mt6359-sound mt6359_snd: calculate_lr_trim_code(), result hp_trim_code(R/L) = (0x11/0x1)
[    2.898128]  (0)[328:dc_trim_thread]mt6359-sound mt6359_snd: calculate_lr_finetrim_code(), initial MT6359_AUDDEC_ANA_CON3 = 0x1101
[    2.912093]  (0)[328:dc_trim_thread]mt6359-sound mt6359_snd: start_trim_hardware(), ++
[    2.916666]  (6)[1:init]init: /system/bin/secilc: linker: Warning: failed to find generated linker configuration from "/linkerconfig/ld.config.txt"
[    2.919773]  (6)[1:init]SELinux: 32768 avtab hash slots, 66610 rules.
[    2.944109]  (0)[292:mddp_rx]port ccci_0_200 read data fail when md_state = 0
[    2.944980]  (6)[1:init]SELinux: 32768 avtab hash slots, 66610 rules.
[    2.945028]  (6)[1:init]SELinux:  1 users, 4 roles, 3963 types, 0 bools, 1 sens, 1024 cats
[    2.945036]  (6)[1:init]SELinux:  104 classes, 66610 rules
[    2.950268]  (0)[328:dc_trim_thread]mt6359-sound mt6359_snd: start_trim_hardware(), --
[    2.950327]  (0)[328:dc_trim_thread]mt6359-sound mt6359_snd: get_hp_dctrim_offset(), get on_valueL
[    2.953046]  (6)[1:init]SELinux:  policy capability network_peer_controls=1
[    2.953055]  (6)[1:init]SELinux:  policy capability open_perms=1
[    2.953059]  (6)[1:init]SELinux:  policy capability extended_socket_class=1
[    2.953063]  (6)[1:init]SELinux:  policy capability always_check_network=0
[    2.953069]  (6)[1:init]SELinux:  policy capability cgroup_seclabel=0
[    2.953073]  (6)[1:init]SELinux:  policy capability nnp_nosuid_transition=1
[    2.953077]  (6)[1:init]SELinux:  Completing initialization.
[    2.953081]  (6)[1:init]SELinux:  Setting up existing superblocks.
[    3.018328]  (7)[147:kauditd]audit: type=1403 audit(1789175834.128:2): policy loaded auid=4294967295 ses=4294967295
[    3.018771]  (7)[147:kauditd]audit: type=1404 audit(1789175834.128:3): enforcing=1 old_enforcing=0 auid=4294967295 ses=4294967295
[    3.027797]  (6)[328:dc_trim_thread]mt6359-sound mt6359_snd: get_hp_dctrim_offset(), get off_valueL
[    3.028016]  (3)[385:kworker/3:2]sd 0:0:0:1: [sdb] Synchronizing SCSI cache
[    3.028019]  (2)[384:kworker/2:2]sd 0:0:0:0: [sda] Synchronizing SCSI cache
[    3.043223]  (7)[1:init]KernelSU: /system/bin/init second_stage executed via argv1 check
[    3.043242]  (7)[1:init]KernelSU: initialize_fake_status: status_page not exist
[    3.043249]  (7)[1:init]KernelSU: selinux_hide: fake status need late initialization
[    3.051349]  (7)[1:init]KernelSU: adding POLICYDB_CONFIG_ANDROID_NETLINK_ROUTE
[    3.056080]  (7)[1:init]SELinux: 32768 avtab hash slots, 66610 rules.
[    3.069580]  (7)[1:init]SELinux: 32768 avtab hash slots, 66610 rules.
[    3.069640]  (7)[1:init]SELinux:  1 users, 4 roles, 3963 types, 0 bools, 1 sens, 1024 cats
[    3.069647]  (7)[1:init]SELinux:  104 classes, 66610 rules
[    3.076988]  (7)[1:init]KernelSU: len of ksu_dup_policydb (backup_db) output: 1257350
[    3.077023]  (7)[1:init]KernelSU: backup sepolicy success!
[    3.081678]  (7)[1:init]KernelSU: adding POLICYDB_CONFIG_ANDROID_NETLINK_ROUTE
[    3.083362]  (7)[1:init]SELinux: 32768 avtab hash slots, 66610 rules.
[    3.089880]  (7)[1:init]SELinux: 32768 avtab hash slots, 66610 rules.
[    3.089905]  (7)[1:init]SELinux:  1 users, 4 roles, 3963 types, 0 bools, 1 sens, 1024 cats
[    3.089910]  (7)[1:init]SELinux:  104 classes, 66610 rules
[    3.094976]  (6)[328:dc_trim_thread]KernelSU: len of ksu_dup_policydb output: 1257350
[    3.103692]  (6)[328:dc_trim_thread]mt6359-sound mt6359_snd: get_hp_dctrim_offset(), get on_valueR
[    3.107039]  (7)[1:init]KernelSU: class memfd_file does not exist
[    3.107044]  (7)[1:init]KernelSU: class memfd_file does not exist
[    3.107047]  (7)[1:init]KernelSU: class memfd_file does not exist
[    3.107049]  (7)[1:init]KernelSU: class memfd_file does not exist
[    3.107051]  (7)[1:init]KernelSU: class memfd_file does not exist
[    3.125753]  (7)[1:init]KernelSU: Cached su SID: 73
[    3.125763]  (7)[1:init]KernelSU: Cached zygote SID: 74
[    3.125767]  (7)[1:init]KernelSU: Cached init SID: 75
[    3.125773]  (7)[1:init]KernelSU: Cached ksu_file SID: 76
[    3.128076]  (7)[1:init]init: 6 output lines suppressed due to ratelimiting
[    3.133976]  (7)[1:init]init: init second stage started!
[    3.168190]  (7)[1:init]selinux: SELinux: Loaded file context from:
[    3.168201]  (7)[1:init]selinux: 		/system/etc/selinux/plat_file_contexts
[    3.168204]  (7)[1:init]selinux: 		/system_ext/etc/selinux/system_ext_file_contexts
[    3.168208]  (7)[1:init]selinux: 		/vendor/etc/selinux/vendor_file_contexts
[    3.179740]  (6)[328:dc_trim_thread]mt6359-sound mt6359_snd: get_hp_dctrim_offset(), get off_valueR
[    3.196487]  (6)[1:init]KernelSU: initialize_fake_status initialized: sequence=0, policyload=0, enforcing=1
[    3.196716]  (6)[1:init]init: [libfstab] Using Android DT directory /proc/device-tree/firmware/android/
[    3.197008]  (6)[1:init]init: Init cannot set 'ro.boot.hardware' to 'mt6833': Read-only property was already set
[    3.197040]  (6)[1:init]init: Init cannot set 'ro.boot.verifiedbootstate' to 'orange': Read-only property was already set
[    3.197092]  (6)[1:init]init: Init cannot set 'ro.boot.serialno' to 'SSHANBKRMFPVI7EA': Read-only property was already set
[    3.199198]  (6)[1:init]init: Overriding previous property 'persist.sys.usb.config':'none' with new value 'adb'
[    3.255803]  (7)[328:dc_trim_thread]mt6359-sound mt6359_snd: stop_trim_hardware(), ++
[    3.262813]  (0)[147:kauditd]audit: type=1400 audit(1789175834.372:4): avc:  denied  { relabelto } for  pid=1 comm="init" name="oplusreserve2" dev="tmpfs" ino=8277 scontext=u:r:init:s0 tcontext=u:object_r:oplus_block_device:s0 tclass=lnk_file permissive=0
[    3.275683]  (0)[445:init]KernelSU: mark no sucompat checks for pid: '445', exec: '/system/bin/init'
[    3.276124]  (6)[1:init]KernelSU: ksu_common_newfstat_ret: stat init.rc 
[    3.276820]  (7)[1:init]KernelSU: module rc: skip empty module rc
[    3.276836]  (7)[1:init]KernelSU: ksu_common_newfstat_ret: adding rc len: 58138 -> 58478 (static=340 module=0)
[    3.276843]  (7)[1:init]KernelSU: ksu_common_newfstat_ret: added rc len 
[    3.276863]  (7)[1:init]KernelSU: ksu_common_newfstat_ret: stat init.rc 
[    3.276870]  (7)[1:init]KernelSU: ksu_common_newfstat_ret: adding rc len: 58138 -> 58478 (static=340 module=0)
[    3.276876]  (7)[1:init]KernelSU: ksu_common_newfstat_ret: added rc len 
[    3.276926]  (7)[1:init]KernelSU: stop init_rc_hook!
[    3.276933]  (7)[1:init]KernelSU: read init.rc, comm: init, rc_count: 340, module_rc: 0
[    3.277499]  (7)[1:init]KernelSU: read_iter_proxy: orig read finished, start append rc
[    3.277509]  (7)[1:init]KernelSU: read_iter_proxy: append static 340
[    3.277515]  (7)[1:init]KernelSU: read_iter_proxy: static append done
[    3.290786]  (1)[328:dc_trim_thread]mt6359-sound mt6359_snd: stop_trim_hardware(), --
[    3.290846]  (1)[328:dc_trim_thread]mt6359-sound mt6359_snd: get_hp_dctrim_offset(), R_offset = 4, L_offset = -11
[    3.290869]  (1)[328:dc_trim_thread]mt6359-sound mt6359_snd: calculate_lr_finetrim_code(), step0 finetrim(R/L) = (4/-11)
[    3.304092]  (1)[328:dc_trim_thread]mt6359-sound mt6359_snd: start_trim_hardware(), ++
[    3.327072]  (6)[1:init]cgroup: cgroup2: unknown option "memory_recursiveprot"
[    3.341464]  (6)[328:dc_trim_thread]mt6359-sound mt6359_snd: start_trim_hardware(), --
[    3.341502]  (6)[328:dc_trim_thread]mt6359-sound mt6359_snd: get_hp_dctrim_offset(), get on_valueL
[    3.378630]  (7)[446:init]KernelSU: mark no sucompat checks for pid: '446', exec: '/system/bin/ueventd'
[    3.385021]  (0)[447:init]KernelSU: mark no sucompat checks for pid: '447', exec: '/system/bin/apexd'
[    3.391329]  (7)[446:ueventd]ueventd: ueventd started!
[    3.392038]  (7)[50:kworker/7:1]oplus_custome_sync_work is called
[    3.392074]  (7)[446:ueventd]oplus_custome_sync_work: file /dev/block/by-name/oplus_custom is no exit
[    3.393973]  (7)[446:ueventd]selinux: SELinux: Loaded file context from:
[    3.393987]  (7)[446:ueventd]selinux: 		/system/etc/selinux/plat_file_contexts
[    3.393991]  (7)[446:ueventd]selinux: 		/system_ext/etc/selinux/system_ext_file_contexts
[    3.393995]  (7)[446:ueventd]selinux: 		/vendor/etc/selinux/vendor_file_contexts
[    3.394146]  (7)[446:ueventd]ueventd: Parsing file /system/etc/ueventd.rc...
[    3.394327]  (7)[446:ueventd]ueventd: Added '/vendor/etc/ueventd.rc' to import list
[    3.394336]  (7)[446:ueventd]ueventd: Added '/odm/etc/ueventd.rc' to import list
[    3.394804]  (7)[446:ueventd]ueventd: Parsing file /vendor/etc/ueventd.rc...
[    3.395197]  (7)[446:ueventd]ueventd: Parsing file /odm/etc/ueventd.rc...
[    3.415600]  (6)[328:dc_trim_thread]mt6359-sound mt6359_snd: get_hp_dctrim_offset(), get off_valueL
[    3.427018]  (0)[447:apexd]apexd: Started. subcommand = --bootstrap
[    3.427500]  (0)[447:apexd]cutils-trace: Error opening trace file: No such file or directory (2)
[    3.427644]  (0)[447:apexd]apexd-bootstrap: Scanning /system/apex for pre-installed ApexFiles
[    3.428121]  (0)[447:apexd]apexd-bootstrap: Found pre-installed APEX /system/apex/com.android.configinfrastructure.capex
[    3.429645]  (0)[447:apexd]apexd-bootstrap: Found pre-installed APEX /system/apex/com.android.wifi.capex
[    3.431256]  (0)[447:apexd]apexd-bootstrap: Found pre-installed APEX /system/apex/com.android.uwb.capex
[    3.433228]  (0)[447:apexd]apexd-bootstrap: Found pre-installed APEX /system/apex/com.android.appsearch.capex
[    3.434597]  (0)[447:apexd]apexd-bootstrap: Found pre-installed APEX /system/apex/com.android.adservices.capex
[    3.435930]  (0)[447:apexd]apexd-bootstrap: Found pre-installed APEX /system/apex/com.android.cellbroadcast.capex
[    3.437765]  (0)[447:apexd]apexd-bootstrap: Found pre-installed APEX /system/apex/com.android.media.capex
[    3.465614] -(6)[328:dc_trim_thread]mt635x_auxadc_read_raw: 251 callbacks suppressed
[    3.465620]  (6)[328:dc_trim_thread]mt635x-auxadc mt635x-auxadc: name:HPOFS_CAL, channel=9, adc_out=0x73c9, adc_result=29641
[    3.468221]  (6)[328:dc_trim_thread]mt635x-auxadc mt635x-auxadc: name:HPOFS_CAL, channel=9, adc_out=0x73c6, adc_result=29638
[    3.470821]  (6)[328:dc_trim_thread]mt635x-auxadc mt635x-auxadc: name:HPOFS_CAL, channel=9, adc_out=0x73cb, adc_result=29643
[    3.473413]  (6)[328:dc_trim_thread]mt635x-auxadc mt635x-auxadc: name:HPOFS_CAL, channel=9, adc_out=0x73c8, adc_result=29640
[    3.476019]  (6)[328:dc_trim_thread]mt635x-auxadc mt635x-auxadc: name:HPOFS_CAL, channel=9, adc_out=0x73c6, adc_result=29638
[    3.514887]  (6)[328:dc_trim_thread]mt6359-sound mt6359_snd: get_hp_dctrim_offset(), get on_valueR
[    3.521549]  (6)[49:kworker/6:1][sensor_devinfo] read_oplus_custom 442 : read success = 336
[    3.521560]  (6)[49:kworker/6:1][sensor_devinfo] sensor_read_oplus_custom 492 : acc[787,-168,-110],gyro[0,0,0],ps[2097,50,341,0,0,0],als[1082], bar[0]
[    3.521563]  (6)[49:kworker/6:1][mtk_nanohub]scp power down, we can not access scp
[    3.521565]  (6)[49:kworker/6:1][sensor_devinfo] init_sensorlist_info 759 : sensor(0) not register
[    3.521568]  (6)[49:kworker/6:1][mtk_nanohub]scp power down, we can not access scp
[    3.521570]  (6)[49:kworker/6:1][sensor_devinfo] init_sensorlist_info 759 : sensor(3) not register
[    3.521572]  (6)[49:kworker/6:1][mtk_nanohub]scp power down, we can not access scp
[    3.521574]  (6)[49:kworker/6:1][sensor_devinfo] init_sensorlist_info 759 : sensor(1) not register
[    3.521576]  (6)[49:kworker/6:1][mtk_nanohub]scp power down, we can not access scp
[    3.521579]  (6)[49:kworker/6:1][sensor_devinfo] init_sensorlist_info 759 : sensor(4) not register
[    3.521580]  (6)[49:kworker/6:1][mtk_nanohub]scp power down, we can not access scp
[    3.521583]  (6)[49:kworker/6:1][sensor_devinfo] init_sensorlist_info 759 : sensor(7) not register
[    3.521585]  (6)[49:kworker/6:1][mtk_nanohub]scp power down, we can not access scp
[    3.521587]  (6)[49:kworker/6:1][sensor_devinfo] init_sensorlist_info 759 : sensor(5) not register
[    3.521589]  (6)[49:kworker/6:1][mtk_nanohub]scp power down, we can not access scp
[    3.521591]  (6)[49:kworker/6:1][sensor_devinfo] init_sensorlist_info 759 : sensor(98) not register
[    3.521594]  (6)[49:kworker/6:1][sensor_devinfo] sensor_devinfo_work 1152 : scp access err , try 5
[    3.600441]  (3)[328:dc_trim_thread]mt6359-sound mt6359_snd: get_hp_dctrim_offset(), get off_valueR
[    3.675748]  (6)[328:dc_trim_thread]mt6359-sound mt6359_snd: stop_trim_hardware(), ++
[    3.710794]  (0)[328:dc_trim_thread]mt6359-sound mt6359_snd: stop_trim_hardware(), --
[    3.710826]  (0)[328:dc_trim_thread]mt6359-sound mt6359_snd: get_hp_dctrim_offset(), R_offset = -6, L_offset = -7
[    3.710836]  (0)[328:dc_trim_thread]mt6359-sound mt6359_snd: calculate_lr_finetrim_code(), step1 finetrim(R/L) = (-6/-7)
[    3.715559]  (1)[498:apexd]EXT4-fs (loop0): mounted filesystem without journal. Opts: (null)
[    3.724058]  (1)[328:dc_trim_thread]mt6359-sound mt6359_snd: start_trim_hardware(), ++
[    3.751883]  (3)[497:apexd]EXT4-fs (loop1): mounted filesystem without journal. Opts: (null)
[    3.761291]  (3)[328:dc_trim_thread]mt6359-sound mt6359_snd: start_trim_hardware(), --
[    3.761350]  (3)[328:dc_trim_thread]mt6359-sound mt6359_snd: get_hp_dctrim_offset(), get on_valueL
[    3.787386]  (1)[495:apexd]EXT4-fs (loop2): mounted filesystem without journal. Opts: (null)
[    3.835775]  (6)[328:dc_trim_thread]mt6359-sound mt6359_snd: get_hp_dctrim_offset(), get off_valueL
[    3.864198]  (1)[496:apexd]EXT4-fs (loop3): mounted filesystem without journal. Opts: (null)
[    3.884275]  (4)[447:apexd]apexd: 59 output lines suppressed due to ratelimiting
[    3.892917]  (1)[507:init]KernelSU: mark no sucompat checks for pid: '507', exec: '/apex/com.android.runtime/bin/linkerconfig'
[    3.911609]  (6)[328:dc_trim_thread]mt6359-sound mt6359_snd: get_hp_dctrim_offset(), get on_valueR
[    3.967513]  (0)[445:init]BOOTPROF:      3967.505624:INIT:early-init
[    3.968078]  (2)[292:mddp_rx]port ccci_0_200 read data fail when md_state = 0
[    3.971346]  (0)[445:init][Power/PPM] (0x100)(-1)(0)(0-7)(0)(0)(6)(6) (0)(0)(2)(2) 
[    3.987619]  (6)[328:dc_trim_thread]mt6359-sound mt6359_snd: get_hp_dctrim_offset(), get off_valueR
[    3.993090]  (6)[508:init]KernelSU: mark no sucompat checks for pid: '508', exec: '/system/bin/prng_seeder'
[    3.999776]  (0)[509:init]KernelSU: mark no sucompat checks for pid: '509', exec: '/vendor/bin/boringssl_self_test32'
[    4.063631]  (1)[328:dc_trim_thread]mt6359-sound mt6359_snd: stop_trim_hardware(), ++
[    4.079708]  (0)[510:init]KernelSU: mark no sucompat checks for pid: '510', exec: '/vendor/bin/boringssl_self_test64'
[    4.099133]  (1)[328:dc_trim_thread]mt6359-sound mt6359_snd: stop_trim_hardware(), --
[    4.099159]  (1)[328:dc_trim_thread]mt6359-sound mt6359_snd: get_hp_dctrim_offset(), R_offset = -6, L_offset = 3
[    4.099165]  (1)[328:dc_trim_thread]mt6359-sound mt6359_snd: calculate_lr_finetrim_code(), step2 finetrim(R/L) = (-6/3)
[    4.099181]  (1)[328:dc_trim_thread]mt6359-sound mt6359_snd: calculate_lr_finetrim_code(), result finetrim_code(R/L) = (0x0/0x3)
[    4.099186]  (1)[328:dc_trim_thread]enable_trim_circuit: set 0
[    4.099202]  (1)[328:dc_trim_thread]mt6359-sound mt6359_snd: get_hp_trim_offset(), after trim_code R:(0x0/0x11), L:(0x3/0x1)
[    4.099211]  (1)[328:dc_trim_thread]accdet_late_init()  now init accdet!
[    4.102255]  (1)[328:dc_trim_thread]accdet_init() done.
[    4.102349]  (1)[328:dc_trim_thread]accdet_init_once() set analog moisture.
[    4.102408]  (1)[328:dc_trim_thread]accdet_init_once() done.
[    4.102501]  (6)[512:init]
[    4.102501] accdet (0x268a)=0x1040 (0x268c)=0x67 (0x26ac)=0x1000 (0x26ae)=0x7(0x26b0)=0x500 (0x26b4)=0x80
[    4.102501] accdet (0x26b6)=0x0 (0x26ba)=0xff(0x26bc)=0xff (0x26c0)=0x3000 (0x26c4)=0x0 (0x26ba)=0xff
[    4.102501] accdet (0x2526)=0x0 (0x2528)=0x3004 (0x252a)=0x0 (0x252c)=0x8f
[    4.102501] accdet (0x252e)=0x3020 (0x2530)=0x4 (0x2532)=0x103 (0x2534)=0x0
[    4.102501]  304
[    4.128040]  (6)[512:init]KernelSU: mark no sucompat checks for pid: '512', exec: '/vendor/bin/chipinfo'
[    4.131568]  (6)[513:init]KernelSU: mark no sucompat checks for pid: '513', exec: '/odm/bin/oplus_performance.sh'
[    4.337597]  (6)[1:init]Registered swp emulation handler
[    4.341311]  (6)[530:init]KernelSU: mark no sucompat checks for pid: '530', exec: '/system/bin/logd'
[    4.345734]  (7)[531:init]KernelSU: mark no sucompat checks for pid: '531', exec: '/system/bin/lmkd'
[    4.348309]  (7)[532:init]KernelSU: mark no sucompat checks for pid: '532', exec: '/system/bin/servicemanager'
[    4.351440]  (7)[533:init]KernelSU: mark no sucompat checks for pid: '533', exec: '/system/system_ext/bin/hwservicemanager'
[    4.354177]  (7)[534:init]KernelSU: mark no sucompat checks for pid: '534', exec: '/vendor/bin/vndservicemanager'
[    4.355880]  (0)[445:init]BOOTPROF:      4355.873548:INIT:init
[    4.355907]  (7)[530:logd]logd: libprocessgroup: A JoinCgroup action in the Frozen profile is used for controller freezer in the cgroup v2 hierarchy and will be ignored
[    4.355923]  (7)[530:logd]logd: libprocessgroup: A JoinCgroup action in the Unfrozen profile is used for controller freezer in the cgroup v2 hierarchy and will be ignored
[    4.356096]  (2)[531:lmkd]psi_write: new:000000007575efb9
[    4.356151]  (2)[531:lmkd]psi_write: new:0000000043223ed2
[    4.359164]  (0)[530:logd]logd.auditd: start
[    4.359189]  (0)[530:logd]logd.klogd: 4355203384
[    4.362714]  (7)[532:servicemanager]servicemanager: Starting sm instance on /dev/binder
[    4.362781]  (7)[532:servicemanager]binder: 532:532 ioctl 40046210 7ffd314374 returned -22
[    4.368866]  (0)[532:servicemanager]SELinux: SELinux: Loaded service context from:
[    4.369040]  (0)[532:servicemanager]SELinux: 		/system/etc/selinux/plat_service_contexts
[    4.369066]  (0)[532:servicemanager]SELinux: 		/system_ext/etc/selinux/system_ext_service_contexts
[    4.369088]  (0)[532:servicemanager]SELinux: 		/vendor/etc/selinux/vendor_service_contexts
[    4.372571]  (2)[533:hwservicemanage]binder: 533:533 ioctl 40046210 7ff4dad6f4 returned -22
[    4.374151]  (1)[540:init]KernelSU: mark no sucompat checks for pid: '540', exec: '/system/bin/boringssl_self_test32'
[    4.380040]  (5)[534:vndservicemanag]binder: 534:534 ioctl 40046210 7fd9c8b3e4 returned -22
[    4.412850]  (6)[541:init]KernelSU: mark no sucompat checks for pid: '541', exec: '/system/bin/boringssl_self_test64'
[    4.415995]  (7)[50:kworker/7:1]oplus_custome_sync_work is called
[    4.416475]  (7)[50:kworker/7:1]opluscustom_read OPLUS_CUSTOM partition is illegal nMagicNum1:0x0!
[    4.416480]  (7)[50:kworker/7:1]opluscustom_read OPLUS_CUSTOM partition with error config magic number nMagicNum2:0x0!
[    4.416482]  (7)[50:kworker/7:1]oplus_custome_sync_work:rc = 0
[    4.418729]  (0)[530:logd]logd: Loaded bug_map file: /system_ext/etc/selinux/bug_map
[    4.418969]  (0)[530:logd]logd: Loaded bug_map file: /vendor/etc/selinux/selinux_denial_metadata
[    4.419297]  (0)[530:logd]logd: Ignored bug_map definition in /system/etc/selinux/bug_map: 'dnsmasq netd fifo_file b/77868789', (scontext, tcontext, tclass) denial combination is already tagged with bug metadata 'b/77868789'
[    4.419316]  (0)[530:logd]logd: Ignored bug_map definition in /system/etc/selinux/bug_map: 'dnsmasq netd unix_stream_socket b/77868789', (scontext, tcontext, tclass) denial combination is already tagged with bug metadata 'b/77868789'
[    4.419333]  (0)[530:logd]logd: Ignored bug_map definition in /system/etc/selinux/bug_map: 'gmscore_app system_data_file dir b/146166941', (scontext, tcontext, tclass) denial combination is already tagged with bug metadata 'b/146166941'
[    4.419351]  (0)[530:logd]logd: Ignored bug_map definition in /system/etc/selinux/bug_map: 'init app_data_file file b/77873135', (scontext, tcontext, tclass) denial combination is already tagged with bug metadata 'b/77873135'
[    4.442547]  (2)[445:init]BOOTPROF:      4442.543163:INIT:late-init
[    4.450574]  (6)[1:init][ftrace]tracing_on is toggled to 0
[    4.456334]  (6)[542:init]KernelSU: mark no sucompat checks for pid: '542', exec: '/system/bin/vold'
[    4.457382]  (2)[445:init]BOOTPROF:      4457.378471:INIT:early-fs
[    4.458051]  (3)[445:init]BOOTPROF:      4458.047702:INIT:fs
[    4.458715]  (3)[445:init]BOOTPROF:      4458.711164:INIT:Mount_START
[    4.466272]  (7)[1:init]EXT4-fs (sdc51): Ignoring removed nomblk_io_submit option
[    4.468668]  (7)[1:init]EXT4-fs (sdc51): recovery complete
[    4.468836]  (7)[1:init]EXT4-fs (sdc51): mounted filesystem with ordered data mode. Opts: errors=remount-ro,nomblk_io_submit
[    4.471607]  (1)[545:init]KernelSU: mark no sucompat checks for pid: '545', exec: '/system/bin/e2fsck'
[    4.480988]  (6)[1:init]e2fsck: e2fsck 1.46.6 (1-Feb-2023)
[    4.482348]  (6)[1:init]e2fsck: Pass 1: Checking inodes, blocks, and sizes
[    4.483888]  (7)[1:init]e2fsck: Pass 2: Checking directory structure
[    4.484760]  (7)[1:init]e2fsck: Pass 3: Checking directory connectivity
[    4.484802]  (7)[1:init]e2fsck: Pass 4: Checking reference counts
[    4.486809]  (2)[1:init]e2fsck: Pass 5: Checking group summary information
[    4.489112]  (7)[542:vold]vold: [libfstab] Warning: unknown flag: resize
[    4.490911]  (6)[542:vold]binder: 542:542 ioctl 40046210 7fded032f4 returned -22
[    4.490971]  (6)[542:vold]binder: 542:542 ioctl 40046210 7fded03264 returned -22
[    4.491249]  (6)[542:vold]binder: context.name[binder] tr.size:124 service:vold
[    4.491402]  (1)[532:servicemanager]cutils-trace: Error opening trace file: No such file or directory (2)
[    4.491421]  (2)[1:init]e2fsck: /dev/block/by-name/cache: 16/110592 files (0.0% non-contiguous), 7588/110592 blocks
[    4.493654]  (4)[1:init]EXT4-fs (sdc51): mounted filesystem with ordered data mode. Opts: noauto_da_alloc,discard
[    4.499390]  (2)[1:init]EXT4-fs (sdc17): Ignoring removed nomblk_io_submit option
[    4.502081]  (5)[1:init]EXT4-fs (sdc17): recovery complete
[    4.502327]  (5)[1:init]EXT4-fs (sdc17): mounted filesystem with ordered data mode. Opts: errors=remount-ro,nomblk_io_submit
[    4.507313]  (7)[554:init]KernelSU: mark no sucompat checks for pid: '554', exec: '/system/bin/e2fsck'
[    4.513020]  (4)[1:init]e2fsck: e2fsck 1.46.6 (1-Feb-2023)
[    4.514493]  (4)[1:init]e2fsck: Pass 1: Checking inodes, blocks, and sizes
[    4.515757]  (4)[1:init]e2fsck: Pass 2: Checking directory structure
[    4.522533]  (4)[1:init]EXT4-fs (sdc17): mounted filesystem with ordered data mode. Opts: noauto_da_alloc,commit=1,nodelalloc
[    4.525674]  (7)[1:init]EXT4-fs (sdc18): Ignoring removed nomblk_io_submit option
[    4.527514]  (7)[1:init]EXT4-fs (sdc18): recovery complete
[    4.527704]  (7)[1:init]EXT4-fs (sdc18): mounted filesystem with ordered data mode. Opts: errors=remount-ro,nomblk_io_submit
[    4.530551]  (7)[559:init]KernelSU: mark no sucompat checks for pid: '559', exec: '/system/bin/e2fsck'
[    4.544012]  (6)[49:kworker/6:1][mtk_nanohub]scp power down, we can not access scp
[    4.544020]  (6)[49:kworker/6:1][sensor_devinfo] init_sensorlist_info 759 : sensor(0) not register
[    4.544023]  (6)[49:kworker/6:1][mtk_nanohub]scp power down, we can not access scp
[    4.544025]  (6)[49:kworker/6:1][sensor_devinfo] init_sensorlist_info 759 : sensor(3) not register
[    4.544027]  (6)[49:kworker/6:1][mtk_nanohub]scp power down, we can not access scp
[    4.544029]  (6)[49:kworker/6:1][sensor_devinfo] init_sensorlist_info 759 : sensor(1) not register
[    4.544031]  (6)[49:kworker/6:1][mtk_nanohub]scp power down, we can not access scp
[    4.544033]  (6)[49:kworker/6:1][sensor_devinfo] init_sensorlist_info 759 : sensor(4) not register
[    4.544035]  (6)[49:kworker/6:1][mtk_nanohub]scp power down, we can not access scp
[    4.544037]  (6)[49:kworker/6:1][sensor_devinfo] init_sensorlist_info 759 : sensor(7) not register
[    4.544040]  (6)[49:kworker/6:1][mtk_nanohub]scp power down, we can not access scp
[    4.544042]  (6)[49:kworker/6:1][sensor_devinfo] init_sensorlist_info 759 : sensor(5) not register
[    4.544044]  (6)[49:kworker/6:1][mtk_nanohub]scp power down, we can not access scp
[    4.544046]  (6)[49:kworker/6:1][sensor_devinfo] init_sensorlist_info 759 : sensor(98) not register
[    4.544049]  (6)[49:kworker/6:1][sensor_devinfo] sensor_devinfo_work 1152 : scp access err , try 4
[    4.546119]  (2)[1:init]EXT4-fs (sdc18): mounted filesystem with ordered data mode. Opts: noauto_da_alloc,commit=1,nodelalloc
[    4.549594]  (3)[1:init]EXT4-fs (sdc14): Ignoring removed nomblk_io_submit option
[    4.551022]  (3)[1:init]EXT4-fs (sdc14): recovery complete
[    4.551041]  (3)[1:init]EXT4-fs (sdc14): mounted filesystem with ordered data mode. Opts: errors=remount-ro,nomblk_io_submit
[    4.555561]  (0)[566:init]KernelSU: mark no sucompat checks for pid: '566', exec: '/system/bin/e2fsck'
[    4.577915]  (5)[1:init]EXT4-fs (sdc14): mounted filesystem with ordered data mode. Opts: noauto_da_alloc,commit=1,nodelalloc
[    4.581329]  (3)[1:init]EXT4-fs (sdc13): Ignoring removed nomblk_io_submit option
[    4.583714]  (3)[1:init]EXT4-fs (sdc13): recovery complete
[    4.583934]  (3)[1:init]EXT4-fs (sdc13): mounted filesystem with ordered data mode. Opts: errors=remount-ro,nomblk_io_submit
[    4.588629]  (0)[571:init]KernelSU: mark no sucompat checks for pid: '571', exec: '/system/bin/e2fsck'
[    4.607152]  (3)[1:init]EXT4-fs (sdc13): mounted filesystem with ordered data mode. Opts: noauto_da_alloc,commit=1,nodelalloc
[    4.610632]  (1)[1:init]EXT4-fs (sdc16): Ignoring removed nomblk_io_submit option
[    4.612923]  (1)[1:init]EXT4-fs (sdc16): recovery complete
[    4.613147]  (1)[1:init]EXT4-fs (sdc16): mounted filesystem with ordered data mode. Opts: errors=remount-ro,nomblk_io_submit
[    4.617649]  (0)[576:init]KernelSU: mark no sucompat checks for pid: '576', exec: '/system/bin/e2fsck'
[    4.631369]  (1)[1:init]EXT4-fs (sdc16): mounted filesystem with ordered data mode. Opts: noauto_da_alloc,commit=1,nodelalloc
[    4.648202]  (7)[579:init]KernelSU: mark no sucompat checks for pid: '579', exec: '/system/bin/tune2fs'
[    4.667386]  (7)[445:init]BOOTPROF:      4667.376087:INIT:Mount_END
[    4.670618]  (7)[580:init]KernelSU: mark no sucompat checks for pid: '580', exec: '/vendor/bin/sh'
[    4.676084]  (1)[581:init]KernelSU: mark no sucompat checks for pid: '581', exec: '/system/bin/vdc'
[    4.693432]  (7)[581:vdc]binder: 581:581 ioctl 40046210 7fee4f93d4 returned -22
[    4.706252]  (2)[445:init]BOOTPROF:      4706.247164:INIT:post-fs
[    4.711102]  (7)[580:sh]zram0: detected capacity change from 0 to 3221225472
[    4.722927]  (7)[445:init]gadgets_make name=g1
[    4.724247]  (7)[445:init]os_desc_use_store Use OS DESC
[    4.725692]  (7)[445:init]function_make name=accessory.gs2
[    4.726048]  (7)[445:init]function_make name=audio_source.gs3
[    4.726421]  (7)[445:init]function_make name=ffs.adb
[    4.726435]  (7)[445:init]file system registered
[    4.726711]  (7)[445:init]function_make name=ffs.mtp
[    4.727270]  (7)[445:init]function_make name=ffs.ptp
[    4.727550]  (7)[445:init]function_make name=rndis.gs4
[    4.727566]  (7)[445:init]gether_setup_name_default - qmult:30
[    4.727570]  (7)[445:init]using random self ethernet address
[    4.727573]  (7)[445:init]using random host ethernet address
[    4.727851]  (7)[445:init]function_make name=midi.gs5
[    4.728215]  (7)[445:init]function_make name=acm.gs0
[    4.728264]  (7)[445:init]acm_alloc_instance opts->port_num=0
[    4.728545]  (7)[445:init]function_make name=acm.gs1
[    4.728592]  (7)[445:init]acm_alloc_instance opts->port_num=1
[    4.728856]  (7)[445:init]function_make name=acm.gs2
[    4.728901]  (7)[445:init]acm_alloc_instance opts->port_num=2
[    4.729169]  (7)[445:init]function_make name=acm.gs3
[    4.729218]  (7)[445:init]acm_alloc_instance opts->port_num=3
[    4.729510]  (7)[445:init]function_make name=mass_storage.usb0
[    4.729523]  (7)[445:init]Mass Storage Function, version: 2009/09/11
[    4.729526]  (7)[445:init]LUN: removable file: (no medium)
[    4.729808]  (7)[445:init]function_make name=hid.gs0
[    4.730117]  (7)[445:init]function_make name=via_modem.gs0
[    4.730384]  (7)[445:init]function_make name=via_ets.gs0
[    4.730763]  (7)[445:init]function_make name=via_atc.gs0
[    4.731579]  (0)[445:init]config_desc_make name=b.1
[    4.733505]  (0)[445:init]os_desc_b_vendor_code_store Vendor Code=1
[    4.738368]  (7)[587:swapon]Adding 3145724k swap on /dev/block/zram0.  Priority:-2 extents:1 across:3145724k SS
[    4.744665]  (1)[590:init]KernelSU: mark no sucompat checks for pid: '590', exec: '/vendor/bin/aee_aedv'
[    4.749578]  (0)[591:init]KernelSU: mark no sucompat checks for pid: '591', exec: '/vendor/bin/aee_aedv64'
[    4.752820]  (0)[592:init]KernelSU: mark no sucompat checks for pid: '592', exec: '/system/bin/recovery-refresh'
[    4.754734]  (7)[593:init]KernelSU: mark no sucompat checks for pid: '593', exec: '/system/bin/vndk-detect'
[    4.803525]  (6)[609:init]KernelSU: mark no sucompat checks for pid: '609', exec: '/system/bin/twrp.sh'
[    4.810511]  (7)[610:init]KernelSU: mark no sucompat checks for pid: '610', exec: '/system/bin/vndk-detect'
[    4.851368]  (7)[623:init]KernelSU: mark no sucompat checks for pid: '623', exec: '/system/bin/rw-system.sh'
[    4.915532]  (7)[637:mount]EXT4-fs (dm-1): couldn't mount RDWR because of unsupported optional features (4000)
[    4.915600]  (7)[637:mount]EXT4-fs (dm-1): re-mounted. Opts: 
[    4.965494]  (6)[647:mount]EXT4-fs (dm-1): re-mounted. Opts: 
[    4.992009]  (6)[292:mddp_rx]port ccci_0_200 read data fail when md_state = 0
[    5.561425]  (6)[237:scp_power_reset][mtk_nanohub]mtk_nanohub_send_dram_info_to_hub success
[    5.561839]  (6)[237:scp_power_reset][mtk_nanohub]set_cust fail!
[    5.561842]  (6)[237:scp_power_reset][mtk_nanohub]type(6) not registered
[    5.561978]  (6)[237:scp_power_reset][mtk_nanohub]set_cust fail!
[    5.561980]  (6)[237:scp_power_reset][mtk_nanohub]type(72) not registered
[    5.562075]  (6)[237:scp_power_reset][mtk_nanohub]set_cust fail!
[    5.562077]  (6)[237:scp_power_reset][mtk_nanohub]type(73) not registered
[    5.562914]  (6)[237:scp_power_reset][mtk_nanohub]set_cust fail!
[    5.562917]  (6)[237:scp_power_reset][mtk_nanohub]type(98) not registered
[    5.562991]  (6)[237:scp_power_reset][mtk_nanohub]set_cust fail!
[    5.562993]  (6)[237:scp_power_reset][mtk_nanohub]type(99) not registered
[    5.563065]  (6)[237:scp_power_reset][mtk_nanohub]set_cust fail!
[    5.563068]  (6)[237:scp_power_reset][mtk_nanohub]type(100) not registered
[    5.563151]  (6)[237:scp_power_reset][mtk_nanohub]set_cust fail!
[    5.563153]  (6)[237:scp_power_reset][mtk_nanohub]type(101) not registered
[    5.568502]  (6)[49:kworker/6:1][sensor_devinfo] init_sensorlist_info 766 : sensor(lis2hh12) register
[    5.568576]  (6)[49:kworker/6:1][sensor_devinfo] init_sensorlist_info 766 : sensor(oem-pseudo-gyro) register
[    5.568685]  (6)[49:kworker/6:1][sensor_devinfo] init_sensorlist_info 766 : sensor(mmc5603) register
[    5.568763]  (6)[49:kworker/6:1][sensor_devinfo] init_sensorlist_info 766 : sensor(stk33502) register
[    5.568844]  (6)[49:kworker/6:1][sensor_devinfo] init_sensorlist_info 766 : sensor(stk33502) register
[    5.568909]  (6)[49:kworker/6:1][mtk_nanohub]set_cust fail!
[    5.568912]  (6)[49:kworker/6:1][sensor_devinfo] init_sensorlist_info 759 : sensor(5) not register
[    5.568980]  (6)[49:kworker/6:1][mtk_nanohub]set_cust fail!
[    5.568982]  (6)[49:kworker/6:1][sensor_devinfo] init_sensorlist_info 759 : sensor(98) not register
[    5.571267]  (6)[49:kworker/6:1][sensor_devinfo] oplus_als_cali_data_init 948 : call 
[    5.571575]  (6)[49:kworker/6:1][sensor_devinfo] oplus_get_dts_feature 207 : device_name = stk33502
[    5.571577]  (6)[49:kworker/6:1][sensor_devinfo] oplus_get_dts_feature 216 : feature_addr -24455916, len = 4
[    5.571581]  (6)[49:kworker/6:1][sensor_devinfo] oplus_als_cali_data_init 967 : row_coe = 90
[    5.571866]  (6)[49:kworker/6:1][sensor_devinfo] oplus_get_dts_feature 207 : device_name = stk33502
[    5.571868]  (6)[49:kworker/6:1][sensor_devinfo] oplus_get_dts_feature 213 : get prop fail 
[    5.571872]  (6)[49:kworker/6:1][sensor_devinfo] oplus_als_cali_data_init 975 : gold_als_factor = 1001
[    5.572188]  (6)[49:kworker/6:1][sensor_devinfo] oplus_get_dts_feature 198 : get /odm/rear_cct_1 fail
[    5.572189]  (6)[49:kworker/6:1][sensor_devinfo] oplus_als_cali_data_init 983 : gold_rear_als_factor = 1001
[    5.572480]  (6)[49:kworker/6:1][sensor_devinfo] oplus_get_dts_feature 204 : get device_name prop fail 
[    5.572482]  (6)[49:kworker/6:1][sensor_devinfo] get_accgyro_cali_version 926 : gyro_cali_version = 1
[    5.572761]  (6)[49:kworker/6:1][sensor_devinfo] oplus_get_dts_feature 204 : get device_name prop fail 
[    5.573050]  (6)[49:kworker/6:1][sensor_devinfo] oplus_get_dts_feature 198 : get /odm/rear_cct_1 fail
[    5.573337]  (6)[49:kworker/6:1][sensor_devinfo] get_acc_gyro_cali_nv_adapt_q_flag 320 : get cali_nv_adapt_q fail
[    5.573338]  (6)[49:kworker/6:1][sensor_devinfo] sensor_devinfo_work 1239 : success 
[    5.573824]  (6)[49:kworker/6:1][sensor_devinfo] read_oplus_custom 442 : read success = 336
[    5.573829]  (6)[49:kworker/6:1][sensor_devinfo] sensor_read_oplus_custom 492 : acc[787,-168,-110],gyro[0,0,0],ps[2097,50,341,0,0,0],als[1082], bar[0]
[    5.574341]  (6)[49:kworker/6:1][sensor_devinfo] init_sensorlist_info 766 : sensor(lis2hh12) register
[    5.574414]  (6)[49:kworker/6:1][sensor_devinfo] init_sensorlist_info 766 : sensor(oem-pseudo-gyro) register
[    5.574525]  (6)[49:kworker/6:1][sensor_devinfo] init_sensorlist_info 766 : sensor(mmc5603) register
[    5.574597]  (6)[49:kworker/6:1][sensor_devinfo] init_sensorlist_info 766 : sensor(stk33502) register
[    5.574667]  (6)[49:kworker/6:1][sensor_devinfo] init_sensorlist_info 766 : sensor(stk33502) register
[    5.574744]  (6)[49:kworker/6:1][mtk_nanohub]set_cust fail!
[    5.574746]  (6)[49:kworker/6:1][sensor_devinfo] init_sensorlist_info 759 : sensor(5) not register
[    5.574810]  (6)[49:kworker/6:1][mtk_nanohub]set_cust fail!
[    5.574812]  (6)[49:kworker/6:1][sensor_devinfo] init_sensorlist_info 759 : sensor(98) not register
[    5.576381]  (6)[49:kworker/6:1][sensor_devinfo] oplus_als_cali_data_init 948 : call 
[    5.576383]  (6)[49:kworker/6:1][sensor_devinfo] oplus_als_cali_data_init 950 : has been inited
[    5.576672]  (6)[49:kworker/6:1][sensor_devinfo] oplus_get_dts_feature 204 : get device_name prop fail 
[    5.576675]  (6)[49:kworker/6:1][sensor_devinfo] get_accgyro_cali_version 926 : gyro_cali_version = 1
[    5.576953]  (6)[49:kworker/6:1][sensor_devinfo] oplus_get_dts_feature 204 : get device_name prop fail 
[    5.577243]  (6)[49:kworker/6:1][sensor_devinfo] oplus_get_dts_feature 198 : get /odm/rear_cct_1 fail
[    5.577529]  (6)[49:kworker/6:1][sensor_devinfo] get_acc_gyro_cali_nv_adapt_q_flag 320 : get cali_nv_adapt_q fail
[    5.577531]  (6)[49:kworker/6:1][sensor_devinfo] sensor_devinfo_work 1239 : success 
[    6.016009]  (6)[292:mddp_rx]port ccci_0_200 read data fail when md_state = 0
[    6.369863]  (6)[307:kworker/u16:2]VMCH: voltage operation not allowed
[    6.369971]  (6)[307:kworker/u16:2]mt6360_ldo_enable: sdcard_det_en=1, sdcard_hlact=0
[    6.370787]  (6)[307:kworker/u16:2]mt6360_ldo_enable: sdcard_det_en=1, sdcard_hlact=0
[    6.370969]  (6)[307:kworker/u16:2][msdc]msdc1 power on
[    6.400249]  (6)[307:kworker/u16:2][msdc]msdc1 -> !!! Set<260KHz> Source<191999KHz> -> sclk<259KHz> timing<0> mode<0> div<185> hs400_div_dis<0>
[    6.401577]  (6)[307:kworker/u16:2][msdc]msdc1 -> !!! Set<400KHz> Source<191999KHz> -> sclk<399KHz> timing<0> mode<0> div<120> hs400_div_dis<0>
[    6.420144]  (6)[49:kworker/6:1][msdc]msdc1 -> Card insert<1> Block bad card<0>, mrq<          (null)> claimed<1> pwrcnt<0> trigger card event<0> <- msdc_ops_get_cd() : L<4516> PID<kworker/6:1><0x31>
[    6.434052]  (6)[49:kworker/6:1][msdc][msdc_command_resp_polling]: msdc1 CMD<8> MSDC_INT_CMDTMO Arg<0x000001aa>
[    6.434112]  (6)[49:kworker/6:1][msdc]msdc1 -> XXX CMD<8><0x1aa> Error<-110> Resp<0x0> <- msdc_dump_trans_error() : L<3827> PID<kworker/6:1><0x31>
[    6.434541]  (6)[49:kworker/6:1][msdc][msdc_command_resp_polling]: msdc1 CMD<8> MSDC_INT_CMDTMO Arg<0x000001aa>
[    6.434599]  (6)[49:kworker/6:1][msdc]msdc1 -> XXX CMD<8><0x1aa> Error<-110> Resp<0x0> <- msdc_dump_trans_error() : L<3827> PID<kworker/6:1><0x31>
[    6.435028]  (6)[49:kworker/6:1][msdc][msdc_command_resp_polling]: msdc1 CMD<8> MSDC_INT_CMDTMO Arg<0x000001aa>
[    6.435086]  (6)[49:kworker/6:1][msdc]msdc1 -> XXX CMD<8><0x1aa> Error<-110> Resp<0x0> <- msdc_dump_trans_error() : L<3827> PID<kworker/6:1><0x31>
[    6.435513]  (6)[49:kworker/6:1][msdc][msdc_command_resp_polling]: msdc1 CMD<8> MSDC_INT_CMDTMO Arg<0x000001aa>
[    6.435574]  (6)[49:kworker/6:1][msdc]msdc1 -> XXX CMD<8><0x1aa> Error<-110> Resp<0x0> <- msdc_dump_trans_error() : L<3827> PID<kworker/6:1><0x31>
[    6.436004]  (6)[49:kworker/6:1][msdc][msdc_command_resp_polling]: msdc1 CMD<55> MSDC_INT_CMDTMO Arg<0x00000000>
[    6.436069]  (6)[49:kworker/6:1][msdc]msdc1 -> XXX CMD<55><0x0> Error<-110> Resp<0x0> <- msdc_dump_trans_error() : L<3827> PID<kworker/6:1><0x31>
[    6.436499]  (6)[49:kworker/6:1][msdc][msdc_command_resp_polling]: msdc1 CMD<55> MSDC_INT_CMDTMO Arg<0x00000000>
[    6.436556]  (6)[49:kworker/6:1][msdc]msdc1 -> XXX CMD<55><0x0> Error<-110> Resp<0x0> <- msdc_dump_trans_error() : L<3827> PID<kworker/6:1><0x31>
[    6.436983]  (6)[49:kworker/6:1][msdc][msdc_command_resp_polling]: msdc1 CMD<55> MSDC_INT_CMDTMO Arg<0x00000000>
[    6.437044]  (6)[49:kworker/6:1][msdc]msdc1 -> XXX CMD<55><0x0> Error<-110> Resp<0x0> <- msdc_dump_trans_error() : L<3827> PID<kworker/6:1><0x31>
[    6.437471]  (6)[49:kworker/6:1][msdc][msdc_command_resp_polling]: msdc1 CMD<55> MSDC_INT_CMDTMO Arg<0x00000000>
[    6.437531]  (6)[49:kworker/6:1][msdc]msdc1 -> XXX CMD<55><0x0> Error<-110> Resp<0x0> <- msdc_dump_trans_error() : L<3827> PID<kworker/6:1><0x31>
[    6.437958]  (6)[49:kworker/6:1][msdc][msdc_command_resp_polling]: msdc1 CMD<55> MSDC_INT_CMDTMO Arg<0x00000000>
[    6.438019]  (6)[49:kworker/6:1][msdc]msdc1 -> XXX CMD<55><0x0> Error<-110> Resp<0x0> <- msdc_dump_trans_error() : L<3827> PID<kworker/6:1><0x31>
[    6.438446]  (6)[49:kworker/6:1][msdc][msdc_command_resp_polling]: msdc1 CMD<55> MSDC_INT_CMDTMO Arg<0x00000000>
[    6.438507]  (6)[49:kworker/6:1][msdc]msdc1 -> XXX CMD<55><0x0> Error<-110> Resp<0x0> <- msdc_dump_trans_error() : L<3827> PID<kworker/6:1><0x31>
[    6.438933]  (6)[49:kworker/6:1][msdc][msdc_command_resp_polling]: msdc1 CMD<55> MSDC_INT_CMDTMO Arg<0x00000000>
[    6.438994]  (6)[49:kworker/6:1][msdc]msdc1 -> XXX CMD<55><0x0> Error<-110> Resp<0x0> <- msdc_dump_trans_error() : L<3827> PID<kworker/6:1><0x31>
[    6.439421]  (6)[49:kworker/6:1][msdc][msdc_command_resp_polling]: msdc1 CMD<55> MSDC_INT_CMDTMO Arg<0x00000000>
[    6.439481]  (6)[49:kworker/6:1][msdc]msdc1 -> XXX CMD<55><0x0> Error<-110> Resp<0x0> <- msdc_dump_trans_error() : L<3827> PID<kworker/6:1><0x31>
[    6.439908]  (6)[49:kworker/6:1][msdc][msdc_command_resp_polling]: msdc1 CMD<55> MSDC_INT_CMDTMO Arg<0x00000000>
[    6.439969]  (6)[49:kworker/6:1][msdc]msdc1 -> XXX CMD<55><0x0> Error<-110> Resp<0x0> <- msdc_dump_trans_error() : L<3827> PID<kworker/6:1><0x31>
[    6.440396]  (6)[49:kworker/6:1][msdc][msdc_command_resp_polling]: msdc1 CMD<55> MSDC_INT_CMDTMO Arg<0x00000000>
[    6.440457]  (6)[49:kworker/6:1][msdc]msdc1 -> XXX CMD<55><0x0> Error<-110> Resp<0x0> <- msdc_dump_trans_error() : L<3827> PID<kworker/6:1><0x31>
[    6.440886]  (6)[49:kworker/6:1][msdc][msdc_command_resp_polling]: msdc1 CMD<55> MSDC_INT_CMDTMO Arg<0x00000000>
[    6.440944]  (6)[49:kworker/6:1][msdc]msdc1 -> XXX CMD<55><0x0> Error<-110> Resp<0x0> <- msdc_dump_trans_error() : L<3827> PID<kworker/6:1><0x31>
[    6.441371]  (6)[49:kworker/6:1][msdc][msdc_command_resp_polling]: msdc1 CMD<55> MSDC_INT_CMDTMO Arg<0x00000000>
[    6.441432]  (6)[49:kworker/6:1][msdc]msdc1 -> XXX CMD<55><0x0> Error<-110> Resp<0x0> <- msdc_dump_trans_error() : L<3827> PID<kworker/6:1><0x31>
[    6.441858]  (6)[49:kworker/6:1][msdc][msdc_command_resp_polling]: msdc1 CMD<55> MSDC_INT_CMDTMO Arg<0x00000000>
[    6.441919]  (6)[49:kworker/6:1][msdc]msdc1 -> XXX CMD<55><0x0> Error<-110> Resp<0x0> <- msdc_dump_trans_error() : L<3827> PID<kworker/6:1><0x31>
[    6.442346]  (6)[49:kworker/6:1][msdc][msdc_command_resp_polling]: msdc1 CMD<55> MSDC_INT_CMDTMO Arg<0x00000000>
[    6.442406]  (6)[49:kworker/6:1][msdc]msdc1 -> XXX CMD<55><0x0> Error<-110> Resp<0x0> <- msdc_dump_trans_error() : L<3827> PID<kworker/6:1><0x31>
[    6.442833]  (6)[49:kworker/6:1][msdc][msdc_command_resp_polling]: msdc1 CMD<55> MSDC_INT_CMDTMO Arg<0x00000000>
[    6.442894]  (6)[49:kworker/6:1][msdc]msdc1 -> XXX CMD<55><0x0> Error<-110> Resp<0x0> <- msdc_dump_trans_error() : L<3827> PID<kworker/6:1><0x31>
[    6.443321]  (6)[49:kworker/6:1][msdc][msdc_command_resp_polling]: msdc1 CMD<55> MSDC_INT_CMDTMO Arg<0x00000000>
[    6.443381]  (6)[49:kworker/6:1][msdc]msdc1 -> XXX CMD<55><0x0> Error<-110> Resp<0x0> <- msdc_dump_trans_error() : L<3827> PID<kworker/6:1><0x31>
[    6.443811]  (6)[49:kworker/6:1][msdc][msdc_command_resp_polling]: msdc1 CMD<1> MSDC_INT_CMDTMO Arg<0x00000000>
[    6.443869]  (6)[49:kworker/6:1][msdc]msdc1 -> XXX CMD<1><0x0> Error<-110> Resp<0x0> <- msdc_dump_trans_error() : L<3827> PID<kworker/6:1><0x31>
[    6.444296]  (6)[49:kworker/6:1][msdc][msdc_command_resp_polling]: msdc1 CMD<1> MSDC_INT_CMDTMO Arg<0x00000000>
[    6.444356]  (6)[49:kworker/6:1][msdc]msdc1 -> XXX CMD<1><0x0> Error<-110> Resp<0x0> <- msdc_dump_trans_error() : L<3827> PID<kworker/6:1><0x31>
[    6.444784]  (6)[49:kworker/6:1][msdc][msdc_command_resp_polling]: msdc1 CMD<1> MSDC_INT_CMDTMO Arg<0x00000000>
[    6.444844]  (6)[49:kworker/6:1][msdc]msdc1 -> XXX CMD<1><0x0> Error<-110> Resp<0x0> <- msdc_dump_trans_error() : L<3827> PID<kworker/6:1><0x31>
[    6.445271]  (6)[49:kworker/6:1][msdc][msdc_command_resp_polling]: msdc1 CMD<1> MSDC_INT_CMDTMO Arg<0x00000000>
[    6.445331]  (6)[49:kworker/6:1][msdc]msdc1 -> XXX CMD<1><0x0> Error<-110> Resp<0x0> <- msdc_dump_trans_error() : L<3827> PID<kworker/6:1><0x31>
[    6.445372]  (6)[49:kworker/6:1][msdc]msdc power off
[    6.445736]  (6)[49:kworker/6:1][msdc]msdc power off
[    6.445921]  (6)[49:kworker/6:1][msdc]msdc1 power off
[    6.458137]  (6)[49:kworker/6:1]VMCH: voltage operation not allowed
[    6.458231]  (6)[49:kworker/6:1]mt6360_ldo_enable: sdcard_det_en=1, sdcard_hlact=0
[    6.458860]  (6)[49:kworker/6:1]mt6360_ldo_enable: sdcard_det_en=1, sdcard_hlact=0
[    6.459037]  (6)[49:kworker/6:1][msdc]msdc1 power on
[    6.492220]  (6)[49:kworker/6:1][msdc]msdc1 -> !!! Set<260KHz> Source<191999KHz> -> sclk<259KHz> timing<0> mode<0> div<185> hs400_div_dis<0>
[    6.493538]  (6)[49:kworker/6:1][msdc]msdc1 -> !!! Set<300KHz> Source<191999KHz> -> sclk<299KHz> timing<0> mode<0> div<160> hs400_div_dis<0>
[    6.530185]  (6)[49:kworker/6:1][msdc][msdc_command_resp_polling]: msdc1 CMD<8> MSDC_INT_CMDTMO Arg<0x000001aa>
[    6.530268]  (6)[49:kworker/6:1][msdc]msdc1 -> XXX CMD<8><0x1aa> Error<-110> Resp<0x0> <- msdc_dump_trans_error() : L<3827> PID<kworker/6:1><0x31>
[    6.530837]  (6)[49:kworker/6:1][msdc][msdc_command_resp_polling]: msdc1 CMD<8> MSDC_INT_CMDTMO Arg<0x000001aa>
[    6.530917]  (6)[49:kworker/6:1][msdc]msdc1 -> XXX CMD<8><0x1aa> Error<-110> Resp<0x0> <- msdc_dump_trans_error() : L<3827> PID<kworker/6:1><0x31>
[    6.531487]  (6)[49:kworker/6:1][msdc][msdc_command_resp_polling]: msdc1 CMD<8> MSDC_INT_CMDTMO Arg<0x000001aa>
[    6.531567]  (6)[49:kworker/6:1][msdc]msdc1 -> XXX CMD<8><0x1aa> Error<-110> Resp<0x0> <- msdc_dump_trans_error() : L<3827> PID<kworker/6:1><0x31>
[    6.532137]  (6)[49:kworker/6:1][msdc][msdc_command_resp_polling]: msdc1 CMD<8> MSDC_INT_CMDTMO Arg<0x000001aa>
[    6.532218]  (6)[49:kworker/6:1][msdc]msdc1 -> XXX CMD<8><0x1aa> Error<-110> Resp<0x0> <- msdc_dump_trans_error() : L<3827> PID<kworker/6:1><0x31>
[    6.532787]  (6)[49:kworker/6:1][msdc][msdc_command_resp_polling]: msdc1 CMD<55> MSDC_INT_CMDTMO Arg<0x00000000>
[    6.532868]  (6)[49:kworker/6:1][msdc]msdc1 -> XXX CMD<55><0x0> Error<-110> Resp<0x0> <- msdc_dump_trans_error() : L<3827> PID<kworker/6:1><0x31>
[    6.533437]  (6)[49:kworker/6:1][msdc][msdc_command_resp_polling]: msdc1 CMD<55> MSDC_INT_CMDTMO Arg<0x00000000>
[    6.533529]  (6)[49:kworker/6:1][msdc]msdc1 -> XXX CMD<55><0x0> Error<-110> Resp<0x0> <- msdc_dump_trans_error() : L<3827> PID<kworker/6:1><0x31>
[    6.534098]  (6)[49:kworker/6:1][msdc][msdc_command_resp_polling]: msdc1 CMD<55> MSDC_INT_CMDTMO Arg<0x00000000>
[    6.534178]  (6)[49:kworker/6:1][msdc]msdc1 -> XXX CMD<55><0x0> Error<-110> Resp<0x0> <- msdc_dump_trans_error() : L<3827> PID<kworker/6:1><0x31>
[    6.534757]  (6)[49:kworker/6:1][msdc][msdc_command_resp_polling]: msdc1 CMD<55> MSDC_INT_CMDTMO Arg<0x00000000>
[    6.534837]  (6)[49:kworker/6:1][msdc]msdc1 -> XXX CMD<55><0x0> Error<-110> Resp<0x0> <- msdc_dump_trans_error() : L<3827> PID<kworker/6:1><0x31>
[    6.535414]  (6)[49:kworker/6:1][msdc][msdc_command_resp_polling]: msdc1 CMD<55> MSDC_INT_CMDTMO Arg<0x00000000>
[    6.535497]  (6)[49:kworker/6:1][msdc]msdc1 -> XXX CMD<55><0x0> Error<-110> Resp<0x0> <- msdc_dump_trans_error() : L<3827> PID<kworker/6:1><0x31>
[    6.536074]  (6)[49:kworker/6:1][msdc][msdc_command_resp_polling]: msdc1 CMD<55> MSDC_INT_CMDTMO Arg<0x00000000>
[    6.536157]  (6)[49:kworker/6:1][msdc]msdc1 -> XXX CMD<55><0x0> Error<-110> Resp<0x0> <- msdc_dump_trans_error() : L<3827> PID<kworker/6:1><0x31>
[    6.536727]  (6)[49:kworker/6:1][msdc][msdc_command_resp_polling]: msdc1 CMD<55> MSDC_INT_CMDTMO Arg<0x00000000>
[    6.536807]  (6)[49:kworker/6:1][msdc]msdc1 -> XXX CMD<55><0x0> Error<-110> Resp<0x0> <- msdc_dump_trans_error() : L<3827> PID<kworker/6:1><0x31>
[    6.537377]  (6)[49:kworker/6:1][msdc][msdc_command_resp_polling]: msdc1 CMD<55> MSDC_INT_CMDTMO Arg<0x00000000>
[    6.537457]  (6)[49:kworker/6:1][msdc]msdc1 -> XXX CMD<55><0x0> Error<-110> Resp<0x0> <- msdc_dump_trans_error() : L<3827> PID<kworker/6:1><0x31>
[    6.538027]  (6)[49:kworker/6:1][msdc][msdc_command_resp_polling]: msdc1 CMD<55> MSDC_INT_CMDTMO Arg<0x00000000>
[    6.538107]  (6)[49:kworker/6:1][msdc]msdc1 -> XXX CMD<55><0x0> Error<-110> Resp<0x0> <- msdc_dump_trans_error() : L<3827> PID<kworker/6:1><0x31>
[    6.538677]  (6)[49:kworker/6:1][msdc][msdc_command_resp_polling]: msdc1 CMD<55> MSDC_INT_CMDTMO Arg<0x00000000>
[    6.538757]  (6)[49:kworker/6:1][msdc]msdc1 -> XXX CMD<55><0x0> Error<-110> Resp<0x0> <- msdc_dump_trans_error() : L<3827> PID<kworker/6:1><0x31>
[    6.539327]  (6)[49:kworker/6:1][msdc][msdc_command_resp_polling]: msdc1 CMD<55> MSDC_INT_CMDTMO Arg<0x00000000>
[    6.539407]  (6)[49:kworker/6:1][msdc]msdc1 -> XXX CMD<55><0x0> Error<-110> Resp<0x0> <- msdc_dump_trans_error() : L<3827> PID<kworker/6:1><0x31>
[    6.539977]  (6)[49:kworker/6:1][msdc][msdc_command_resp_polling]: msdc1 CMD<55> MSDC_INT_CMDTMO Arg<0x00000000>
[    6.540068]  (6)[49:kworker/6:1][msdc]msdc1 -> XXX CMD<55><0x0> Error<-110> Resp<0x0> <- msdc_dump_trans_error() : L<3827> PID<kworker/6:1><0x31>
[    6.540637]  (6)[49:kworker/6:1][msdc][msdc_command_resp_polling]: msdc1 CMD<55> MSDC_INT_CMDTMO Arg<0x00000000>
[    6.540717]  (6)[49:kworker/6:1][msdc]msdc1 -> XXX CMD<55><0x0> Error<-110> Resp<0x0> <- msdc_dump_trans_error() : L<3827> PID<kworker/6:1><0x31>
[    6.541287]  (6)[49:kworker/6:1][msdc][msdc_command_resp_polling]: msdc1 CMD<55> MSDC_INT_CMDTMO Arg<0x00000000>
[    6.541368]  (6)[49:kworker/6:1][msdc]msdc1 -> XXX CMD<55><0x0> Error<-110> Resp<0x0> <- msdc_dump_trans_error() : L<3827> PID<kworker/6:1><0x31>
[    6.541937]  (6)[49:kworker/6:1][msdc][msdc_command_resp_polling]: msdc1 CMD<55> MSDC_INT_CMDTMO Arg<0x00000000>
[    6.542017]  (6)[49:kworker/6:1][msdc]msdc1 -> XXX CMD<55><0x0> Error<-110> Resp<0x0> <- msdc_dump_trans_error() : L<3827> PID<kworker/6:1><0x31>
[    6.542587]  (6)[49:kworker/6:1][msdc][msdc_command_resp_polling]: msdc1 CMD<55> MSDC_INT_CMDTMO Arg<0x00000000>
[    6.542667]  (6)[49:kworker/6:1][msdc]msdc1 -> XXX CMD<55><0x0> Error<-110> Resp<0x0> <- msdc_dump_trans_error() : L<3827> PID<kworker/6:1><0x31>
[    6.543237]  (6)[49:kworker/6:1][msdc][msdc_command_resp_polling]: msdc1 CMD<1> MSDC_INT_CMDTMO Arg<0x00000000>
[    6.543317]  (6)[49:kworker/6:1][msdc]msdc1 -> XXX CMD<1><0x0> Error<-110> Resp<0x0> <- msdc_dump_trans_error() : L<3827> PID<kworker/6:1><0x31>
[    6.543887]  (6)[49:kworker/6:1][msdc][msdc_command_resp_polling]: msdc1 CMD<1> MSDC_INT_CMDTMO Arg<0x00000000>
[    6.543967]  (6)[49:kworker/6:1][msdc]msdc1 -> XXX CMD<1><0x0> Error<-110> Resp<0x0> <- msdc_dump_trans_error() : L<3827> PID<kworker/6:1><0x31>
[    6.544537]  (6)[49:kworker/6:1][msdc][msdc_command_resp_polling]: msdc1 CMD<1> MSDC_INT_CMDTMO Arg<0x00000000>
[    6.544617]  (6)[49:kworker/6:1][msdc]msdc1 -> XXX CMD<1><0x0> Error<-110> Resp<0x0> <- msdc_dump_trans_error() : L<3827> PID<kworker/6:1><0x31>
[    6.545187]  (6)[49:kworker/6:1][msdc][msdc_command_resp_polling]: msdc1 CMD<1> MSDC_INT_CMDTMO Arg<0x00000000>
[    6.545267]  (6)[49:kworker/6:1][msdc]msdc1 -> XXX CMD<1><0x0> Error<-110> Resp<0x0> <- msdc_dump_trans_error() : L<3827> PID<kworker/6:1><0x31>
[    6.545308]  (6)[49:kworker/6:1][msdc]msdc power off
[    6.545678]  (6)[49:kworker/6:1][msdc]msdc power off
[    6.545864]  (6)[49:kworker/6:1][msdc]msdc1 power off
[    6.558118]  (6)[49:kworker/6:1]VMCH: voltage operation not allowed
[    6.558211]  (6)[49:kworker/6:1]mt6360_ldo_enable: sdcard_det_en=1, sdcard_hlact=0
[    6.558835]  (6)[49:kworker/6:1]mt6360_ldo_enable: sdcard_det_en=1, sdcard_hlact=0
[    6.559013]  (6)[49:kworker/6:1][msdc]msdc1 power on
[    6.588280]  (6)[49:kworker/6:1][msdc]msdc1 -> !!! Set<260KHz> Source<191999KHz> -> sclk<259KHz> timing<0> mode<0> div<185> hs400_div_dis<0>
[    6.589678]  (6)[49:kworker/6:1][msdc]msdc1 -> !!! Set<260KHz> Source<191999KHz> -> sclk<259KHz> timing<0> mode<0> div<185> hs400_div_dis<0>
[    6.622349]  (6)[49:kworker/6:1][msdc][msdc_command_resp_polling]: msdc1 CMD<8> MSDC_INT_CMDTMO Arg<0x000001aa>
[    6.622446]  (6)[49:kworker/6:1][msdc]msdc1 -> XXX CMD<8><0x1aa> Error<-110> Resp<0x0> <- msdc_dump_trans_error() : L<3827> PID<kworker/6:1><0x31>
[    6.623104]  (6)[49:kworker/6:1][msdc][msdc_command_resp_polling]: msdc1 CMD<8> MSDC_INT_CMDTMO Arg<0x000001aa>
[    6.623197]  (6)[49:kworker/6:1][msdc]msdc1 -> XXX CMD<8><0x1aa> Error<-110> Resp<0x0> <- msdc_dump_trans_error() : L<3827> PID<kworker/6:1><0x31>
[    6.623856]  (6)[49:kworker/6:1][msdc][msdc_command_resp_polling]: msdc1 CMD<8> MSDC_INT_CMDTMO Arg<0x000001aa>
[    6.623949]  (6)[49:kworker/6:1][msdc]msdc1 -> XXX CMD<8><0x1aa> Error<-110> Resp<0x0> <- msdc_dump_trans_error() : L<3827> PID<kworker/6:1><0x31>
[    6.623989]  (2)[0:swapper/2][name:spm&][SPM] MCUSYSOFF Didn't enter low power scenario
[    6.623992]  (4)[0:swapper/4][mtk_net][rtnl_lock]There is no process hold rtnl lock
[    6.624608]  (6)[49:kworker/6:1][msdc][msdc_command_resp_polling]: msdc1 CMD<8> MSDC_INT_CMDTMO Arg<0x000001aa>
[    6.624700]  (6)[49:kworker/6:1][msdc]msdc1 -> XXX CMD<8><0x1aa> Error<-110> Resp<0x0> <- msdc_dump_trans_error() : L<3827> PID<kworker/6:1><0x31>
[    6.625359]  (6)[49:kworker/6:1][msdc][msdc_command_resp_polling]: msdc1 CMD<55> MSDC_INT_CMDTMO Arg<0x00000000>
[    6.625452]  (6)[49:kworker/6:1][msdc]msdc1 -> XXX CMD<55><0x0> Error<-110> Resp<0x0> <- msdc_dump_trans_error() : L<3827> PID<kworker/6:1><0x31>
[    6.626110]  (6)[49:kworker/6:1][msdc][msdc_command_resp_polling]: msdc1 CMD<55> MSDC_INT_CMDTMO Arg<0x00000000>
[    6.626204]  (6)[49:kworker/6:1][msdc]msdc1 -> XXX CMD<55><0x0> Error<-110> Resp<0x0> <- msdc_dump_trans_error() : L<3827> PID<kworker/6:1><0x31>
[    6.626862]  (6)[49:kworker/6:1][msdc][msdc_command_resp_polling]: msdc1 CMD<55> MSDC_INT_CMDTMO Arg<0x00000000>
[    6.626955]  (6)[49:kworker/6:1][msdc]msdc1 -> XXX CMD<55><0x0> Error<-110> Resp<0x0> <- msdc_dump_trans_error() : L<3827> PID<kworker/6:1><0x31>
[    6.627613]  (6)[49:kworker/6:1][msdc][msdc_command_resp_polling]: msdc1 CMD<55> MSDC_INT_CMDTMO Arg<0x00000000>
[    6.627707]  (6)[49:kworker/6:1][msdc]msdc1 -> XXX CMD<55><0x0> Error<-110> Resp<0x0> <- msdc_dump_trans_error() : L<3827> PID<kworker/6:1><0x31>
[    6.628365]  (6)[49:kworker/6:1][msdc][msdc_command_resp_polling]: msdc1 CMD<55> MSDC_INT_CMDTMO Arg<0x00000000>
[    6.628458]  (6)[49:kworker/6:1][msdc]msdc1 -> XXX CMD<55><0x0> Error<-110> Resp<0x0> <- msdc_dump_trans_error() : L<3827> PID<kworker/6:1><0x31>
[    6.629117]  (6)[49:kworker/6:1][msdc][msdc_command_resp_polling]: msdc1 CMD<55> MSDC_INT_CMDTMO Arg<0x00000000>
[    6.629210]  (6)[49:kworker/6:1][msdc]msdc1 -> XXX CMD<55><0x0> Error<-110> Resp<0x0> <- msdc_dump_trans_error() : L<3827> PID<kworker/6:1><0x31>
[    6.629868]  (6)[49:kworker/6:1][msdc][msdc_command_resp_polling]: msdc1 CMD<55> MSDC_INT_CMDTMO Arg<0x00000000>
[    6.629961]  (6)[49:kworker/6:1][msdc]msdc1 -> XXX CMD<55><0x0> Error<-110> Resp<0x0> <- msdc_dump_trans_error() : L<3827> PID<kworker/6:1><0x31>
[    6.630620]  (6)[49:kworker/6:1][msdc][msdc_command_resp_polling]: msdc1 CMD<55> MSDC_INT_CMDTMO Arg<0x00000000>
[    6.630713]  (6)[49:kworker/6:1][msdc]msdc1 -> XXX CMD<55><0x0> Error<-110> Resp<0x0> <- msdc_dump_trans_error() : L<3827> PID<kworker/6:1><0x31>
[    6.631371]  (6)[49:kworker/6:1][msdc][msdc_command_resp_polling]: msdc1 CMD<55> MSDC_INT_CMDTMO Arg<0x00000000>
[    6.631464]  (6)[49:kworker/6:1][msdc]msdc1 -> XXX CMD<55><0x0> Error<-110> Resp<0x0> <- msdc_dump_trans_error() : L<3827> PID<kworker/6:1><0x31>
[    6.632123]  (6)[49:kworker/6:1][msdc][msdc_command_resp_polling]: msdc1 CMD<55> MSDC_INT_CMDTMO Arg<0x00000000>
[    6.632216]  (6)[49:kworker/6:1][msdc]msdc1 -> XXX CMD<55><0x0> Error<-110> Resp<0x0> <- msdc_dump_trans_error() : L<3827> PID<kworker/6:1><0x31>
[    6.632875]  (6)[49:kworker/6:1][msdc][msdc_command_resp_polling]: msdc1 CMD<55> MSDC_INT_CMDTMO Arg<0x00000000>
[    6.632968]  (6)[49:kworker/6:1][msdc]msdc1 -> XXX CMD<55><0x0> Error<-110> Resp<0x0> <- msdc_dump_trans_error() : L<3827> PID<kworker/6:1><0x31>
[    6.633626]  (6)[49:kworker/6:1][msdc][msdc_command_resp_polling]: msdc1 CMD<55> MSDC_INT_CMDTMO Arg<0x00000000>
[    6.633719]  (6)[49:kworker/6:1][msdc]msdc1 -> XXX CMD<55><0x0> Error<-110> Resp<0x0> <- msdc_dump_trans_error() : L<3827> PID<kworker/6:1><0x31>
[    6.634378]  (6)[49:kworker/6:1][msdc][msdc_command_resp_polling]: msdc1 CMD<55> MSDC_INT_CMDTMO Arg<0x00000000>
[    6.634471]  (6)[49:kworker/6:1][msdc]msdc1 -> XXX CMD<55><0x0> Error<-110> Resp<0x0> <- msdc_dump_trans_error() : L<3827> PID<kworker/6:1><0x31>
[    6.635129]  (6)[49:kworker/6:1][msdc][msdc_command_resp_polling]: msdc1 CMD<55> MSDC_INT_CMDTMO Arg<0x00000000>
[    6.635222]  (6)[49:kworker/6:1][msdc]msdc1 -> XXX CMD<55><0x0> Error<-110> Resp<0x0> <- msdc_dump_trans_error() : L<3827> PID<kworker/6:1><0x31>
[    6.635881]  (6)[49:kworker/6:1][msdc][msdc_command_resp_polling]: msdc1 CMD<55> MSDC_INT_CMDTMO Arg<0x00000000>
[    6.635974]  (6)[49:kworker/6:1][msdc]msdc1 -> XXX CMD<55><0x0> Error<-110> Resp<0x0> <- msdc_dump_trans_error() : L<3827> PID<kworker/6:1><0x31>
[    6.636632]  (6)[49:kworker/6:1][msdc][msdc_command_resp_polling]: msdc1 CMD<55> MSDC_INT_CMDTMO Arg<0x00000000>
[    6.636725]  (6)[49:kworker/6:1][msdc]msdc1 -> XXX CMD<55><0x0> Error<-110> Resp<0x0> <- msdc_dump_trans_error() : L<3827> PID<kworker/6:1><0x31>
[    6.637384]  (6)[49:kworker/6:1][msdc][msdc_command_resp_polling]: msdc1 CMD<1> MSDC_INT_CMDTMO Arg<0x00000000>
[    6.637477]  (6)[49:kworker/6:1][msdc]msdc1 -> XXX CMD<1><0x0> Error<-110> Resp<0x0> <- msdc_dump_trans_error() : L<3827> PID<kworker/6:1><0x31>
[    6.638136]  (6)[49:kworker/6:1][msdc][msdc_command_resp_polling]: msdc1 CMD<1> MSDC_INT_CMDTMO Arg<0x00000000>
[    6.638229]  (6)[49:kworker/6:1][msdc]msdc1 -> XXX CMD<1><0x0> Error<-110> Resp<0x0> <- msdc_dump_trans_error() : L<3827> PID<kworker/6:1><0x31>
[    6.638887]  (6)[49:kworker/6:1][msdc][msdc_command_resp_polling]: msdc1 CMD<1> MSDC_INT_CMDTMO Arg<0x00000000>
[    6.638980]  (6)[49:kworker/6:1][msdc]msdc1 -> XXX CMD<1><0x0> Error<-110> Resp<0x0> <- msdc_dump_trans_error() : L<3827> PID<kworker/6:1><0x31>
[    6.639639]  (6)[49:kworker/6:1][msdc][msdc_command_resp_polling]: msdc1 CMD<1> MSDC_INT_CMDTMO Arg<0x00000000>
[    6.639732]  (6)[49:kworker/6:1][msdc]msdc1 -> XXX CMD<1><0x0> Error<-110> Resp<0x0> <- msdc_dump_trans_error() : L<3827> PID<kworker/6:1><0x31>
[    6.639771]  (6)[49:kworker/6:1][msdc]msdc power off
[    6.640143]  (6)[49:kworker/6:1][msdc]msdc power off
[    6.640324]  (6)[49:kworker/6:1][msdc]msdc1 power off
[    6.640327]  (6)[49:kworker/6:1][msdc][msdc_set_power_mode]: msdc1 power off at clk 260000hz set block_bad_card = 1
[    6.880430]  (1)[113:kworker/1:1]last full = 0, full = 0
[    6.882514] -(1)[113:kworker/1:1]mt635x_auxadc_read_raw: 162 callbacks suppressed
[    6.882522]  (1)[113:kworker/1:1]mt635x-auxadc mt635x-auxadc: name:BATADC, channel=0, adc_out=0x4b91, adc_result=3719
[    6.884456]  (1)[113:kworker/1:1]mt635x-auxadc mt635x-auxadc: name:BATADC, channel=0, adc_out=0x4bc1, adc_result=3728
[    6.886439]  (1)[113:kworker/1:1]mt635x-auxadc mt635x-auxadc: name:BATADC, channel=0, adc_out=0x4bc6, adc_result=3729
[    6.917576]  (1)[113:kworker/1:1][OPLUS_CHG][oplus_chg_get_battery_data][Battery]oplus_chg_get_battery_data,				chip->soc[-1],retry_counts[2]
[    6.919805]  (1)[113:kworker/1:1][OPLUS_CHG][oplus_chg_print_log]CHGR[ 0 / 0 / 0 / 3 / 0 ], BAT[ 1 / 0 / 0 / 0 / 1 / 0 ], GAUGE[ 0 / 0 / 3709 / 3719 / 711 / -1 / 50 / 50 / 0 / 0 / 0 / 0 / 0 / 0 / 0 / 0 / 0 / 0 / 0 / 0 / 0 / 0 / 0 /], STATUS[ 0x0 / 0 / 0 / 0 / 0 / 0x0 ], OTHER[ 0 / 1 / 7 / 0 / 0/ 0 / -2740 ], VOOCPHY[ 0 / 0 / 0 / 0 / 0 / 0x0 / 0 ]
[    7.039991]  (6)[292:mddp_rx]port ccci_0_200 read data fail when md_state = 0
[    7.647996]  (7)[50:kworker/7:1][ccci1/sys]swtp_send_tx_power to MD1,state=0,ret=-304
[    8.063992]  (6)[292:mddp_rx]port ccci_0_200 read data fail when md_state = 0
[    9.087991]  (6)[292:mddp_rx]port ccci_0_200 read data fail when md_state = 0
[    9.664000]  (7)[50:kworker/7:1][ccci1/sys]swtp_send_tx_power to MD1,state=0,ret=-304
[    9.952001]  (7)[332:kworker/7:2]usb_state<DISCONNECTED>
[    9.955984]  (6)[0:swapper/6][mtk_net][rtnl_lock]There is no process hold rtnl lock
[   10.115991]  (6)[292:mddp_rx]port ccci_0_200 read data fail when md_state = 0
[   10.976783]  (6)[307:kworker/u16:2]mt635x-auxadc mt635x-auxadc: name:VBIF, channel=11, adc_out=0x9ff, adc_result=2811
[   10.977118]  (6)[307:kworker/u16:2][CH3_DBG] bat_cur = -4373
[   10.978281]  (6)[307:kworker/u16:2]mt635x-auxadc mt635x-auxadc: name:BAT_TEMP, channel=3, adc_out=0x2f4, adc_result=830
[   10.978550]  (6)[307:kworker/u16:2]mtk_bif_is_hw_exist: do not have bif driver
[   10.978637]  (6)[307:kworker/u16:2][force_get_tbat] tbat_precise bat_temperature_val:37
[   11.135993]  (6)[292:mddp_rx]port ccci_0_200 read data fail when md_state = 0
[   11.254184]  (6)[323:battery_thread][fg_bat_nafg][fgauge_get_nag_dltv_thr] nag_c_dltv_thr [0]
[   11.254199]  (6)[323:battery_thread][fg_bat_nafg][fgauge_get_nag_dltv_thr_reg] nag_c_dltv_thr_reg[0] 26_16[0x0] 15_00[0x0]
[   11.488004]  (6)[366:cmdq_sec_late_i][cmdq] g_cmdq_cnt:1 g_cmdq:0 pa:0x0000000010228000
[   11.488051]  (6)[366:cmdq_sec_late_i][cmdq] cmdq_sec_mtee_setup_context a0:0xbc00000b cmdq_mtee:0
[   11.488054]  (6)[366:cmdq_sec_late_i][cmdq] cmdq_sec_mtee_open_session cmdq_mtee:0 not support
[   11.488056]  (6)[366:cmdq_sec_late_i][cmdq] cmdq_sec_mtee_allocate_wsm cmdq_mtee:0 not support
[   11.505948]  (6)[323:battery_thread]mt635x-auxadc mt635x-auxadc: name:BATADC, channel=0, adc_out=0x4c18, adc_result=3745
[   11.506031]  (7)[50:kworker/7:1][fg_nafg_thr_monitor] nafg threshold value error[0], reset nafg
[   11.679995]  (7)[50:kworker/7:1][ccci1/sys]swtp_send_tx_power to MD1,state=0,ret=-304
[   11.743987]  (2)[0:swapper/2][name:spm&][SPM] MCUSYSOFF Didn't enter low power scenario
[   11.744080]  (1)[113:kworker/1:1]tcpc_event_init_work typec attach new = 0
[   11.744117]  (6)[106:pd_dbg_info]///PD dbg info 177d
[   11.744121]  (6)[106:pd_dbg_info]<   11.744>line-877: mt6360_enable_usbid_polling sbu_polling_en=0, en=1 
[   11.744121] <   11.744>line-882: mt6360_enable_usbid_polling water_
[   11.744122]  (6)[106:pd_dbg_info]detect_switch_status is false, set polling false
[   11.755989]  (6)[323:battery_thread]nafg_check_corner:corner:0 nag_vbat:0 nag_zcv:0 get_c_dltv_mv:0 setto_cdltv_thr_mv:0, diff:0, RG[0x0,0x0]
[   12.000283]  (1)[113:kworker/1:1]last full = 0, full = 0
[   12.002376]  (1)[113:kworker/1:1]mt635x-auxadc mt635x-auxadc: name:BATADC, channel=0, adc_out=0x4c1d, adc_result=3746
[   12.004451]  (1)[113:kworker/1:1]mt635x-auxadc mt635x-auxadc: name:BATADC, channel=0, adc_out=0x4c26, adc_result=3747
[   12.006422]  (1)[113:kworker/1:1]mt635x-auxadc mt635x-auxadc: name:BATADC, channel=0, adc_out=0x4c1e, adc_result=3746
[   12.008016]  (6)[323:battery_thread]GM3log-nafg 11 11 0 0 0 0 0 0
[   12.160009]  (6)[292:mddp_rx]port ccci_0_200 read data fail when md_state = 0
[   12.249945]  (6)[323:battery_thread]mt635x-auxadc mt635x-auxadc: name:BATADC, channel=0, adc_out=0x4c0f, adc_result=3743
[   12.249951]  (6)[323:battery_thread][read_nafg_vbat] i:6 nag_vbat_reg 0x0 nag_vbat_mv 0:0 3743, nag_zcv:0,_zcv_reg:0x0,thr:0,_thr_reg:0x0
[   12.249991]  (6)[323:battery_thread][read_nafg_vbat1] 0 0 2 0 0 0 0 0 0 0
[   12.250031]  (6)[323:battery_thread][read_nafg_vbat2] 1 0 1 0 0 0 0 0 0 0
[   12.250036]  (6)[323:battery_thread][fg_nafg_int_handler][fg_bat_nafg] [0:0:0]
[   12.250881]  (6)[323:battery_thread]mt635x-auxadc mt635x-auxadc: name:VBIF, channel=11, adc_out=0x9ff, adc_result=2811
[   12.251090]  (6)[323:battery_thread][CH3_DBG] bat_cur = -4324
[   12.252469]  (6)[323:battery_thread][force_get_tbat] tbat_precise bat_temperature_val:37
[   12.252473]  (6)[323:battery_thread][fg_bat_temp_int_sw_check] tmp 37 lt 65535 ht 65535
[   12.253541]  (6)[323:battery_thread][CH3_DBG] bat_cur = -4388
[   12.254965]  (6)[323:battery_thread][force_get_tbat] tbat_precise bat_temperature_val:37
[   12.255925]  (6)[323:battery_thread]zcvf, no update time:0 96 avgc:0 avgc_thread
[   12.257056]  (6)[323:battery_thread][fg_bat_temp_int_internal][FG_TEMP_INT] T[37] V[65535 65535] C[65535 65535] h[10044 9605]
[   12.257327]  (6)[323:battery_thread]zcvf, no update time:0 96 avgc:0 avgc_thread
[   12.257662]  (6)[323:battery_thread][fgauge_read_boot_battery_plug_out_status] rtc_invalid 0 plugout 0 bat_plug_out_time 0 sp3:0x96 pl:0 0
[   12.281074]  (1)[113:kworker/1:1][OPLUS_CHG][oplus_chg_get_battery_data][Battery]oplus_chg_get_battery_data,				chip->soc[-1],retry_counts[3]
[   12.282028]  (1)[113:kworker/1:1][OPLUS_CHG][oplus_chg_print_log]CHGR[ 0 / 0 / 0 / 3 / 0 ], BAT[ 1 / 0 / 0 / 0 / 1 / 0 ], GAUGE[ 374 / 374 / 3736 / 3736 / 433 / -1 / 50 / 50 / 0 / 0 / 0 / 0 / 0 / 0 / 0 / 0 / 0 / 0 / 0 / 0 / 0 / 0 / 0 /], STATUS[ 0x0 / 0 / 0 / 0 / 0 / 0x0 ], OTHER[ 0 / 1 / 7 / 0 / 0/ 0 / -2740 ], VOOCPHY[ 0 / 0 / 0 / 0 / 0 / 0x0 / 0 ]
[   12.359285]  (6)[323:battery_thread][CH3_DBG] bat_cur = -4406
[   12.360783]  (6)[323:battery_thread][force_get_tbat] tbat_precise bat_temperature_val:37
[   12.360786]  (6)[323:battery_thread]lbat 0 0 0 0
[   12.360790]  (6)[323:battery_thread]car[2028,0,0,0,0, cycle_car:2043,ncar:0] c:0 4608 vbat:3742 vbus:0 soc:-1 -1 gm3:0 0 0 0
[   12.361070]  (6)[323:battery_thread]tmp:37 65535 65535 hcar2:65535 lcar2:65535 time:12 sw_iavg:0 -352 1 nafg_m:0 0 0
[   12.612018]  (6)[323:battery_thread]GM3log-nint-nafg 12 12 0 0 0 0 0 0
[   12.854825]  (6)[323:battery_thread][read_nafg_vbat] i:6 nag_vbat_reg 0x0 nag_vbat_mv 0:0 3743, nag_zcv:0,_zcv_reg:0x0,thr:0,_thr_reg:0x0
[   12.854869]  (6)[323:battery_thread][read_nafg_vbat1] 0 0 2 0 0 0 0 0 0 0
[   12.854911]  (6)[323:battery_thread][read_nafg_vbat2] 1 0 1 0 0 0 0 0 0 0
[   13.187993]  (6)[292:mddp_rx]port ccci_0_200 read data fail when md_state = 0
[   13.283983]  (6)[0:swapper/6][mtk_net][rtnl_lock]There is no process hold rtnl lock
[   14.207991]  (6)[292:mddp_rx]port ccci_0_200 read data fail when md_state = 0
[   15.071994]  (7)[50:kworker/7:1]usb_state<DISCONNECTED>
[   15.231991]  (6)[292:mddp_rx]port ccci_0_200 read data fail when md_state = 0
[   16.100737] -(6)[307:kworker/u16:2]mt635x_auxadc_read_raw: 8 callbacks suppressed
[   16.100742]  (6)[307:kworker/u16:2]mt635x-auxadc mt635x-auxadc: name:VBIF, channel=11, adc_out=0x9fc, adc_result=2808
[   16.101018]  (6)[307:kworker/u16:2][CH3_DBG] bat_cur = -4315
[   16.102189]  (6)[307:kworker/u16:2]mt635x-auxadc mt635x-auxadc: name:BAT_TEMP, channel=3, adc_out=0x2f5, adc_result=831
[   16.102507]  (6)[307:kworker/u16:2][force_get_tbat] tbat_precise bat_temperature_val:37
[   16.255993]  (6)[292:mddp_rx]port ccci_0_200 read data fail when md_state = 0
[   16.587991]  (6)[378:wdtk-6][wdk-c] cpu=6,lbit=0x40,cbit=0xff,7,1,1489652003,0,0,[16587987731,15000000]
[   16.588000]  (4)[376:wdtk-4][wdk-c] cpu=4,lbit=0x50,cbit=0xff,7,1,1489652003,0,0,[16587995500,14999992]
[   16.588005]  (3)[375:wdtk-3][wdk-c] cpu=3,lbit=0x58,cbit=0xff,7,1,1489652003,0,0,[16587999500,14999988]
[   16.588009]  (5)[377:wdtk-5][wdk-c] cpu=5,lbit=0x78,cbit=0xff,7,1,1489652003,0,0,[16588003116,14999985]
[   16.588012]  (6)[378:wdtk-6][thread:378][RT:16588007192] 2026-09-12 01:17:27.701524 UTC;android time 2026-09-12 01:17:27.701524
[   16.588015]  (1)[373:wdtk-1][wdk-c] cpu=1,lbit=0x7a,cbit=0xff,7,1,1489652003,0,0,[16588009962,14999978]
[   16.588018]  (7)[379:wdtk-7][wdk-c] cpu=7,lbit=0xfa,cbit=0xff,7,1,1489652003,0,0,[16588013577,14999974]
[   16.588022]  (0)[372:wdtk-0][wdk-c] cpu=0,lbit=0xfb,cbit=0xff,7,1,1489652003,0,0,[16588016116,14999972]
[   16.588025]  (2)[374:wdtk-2][wdk-k] cpu=2,lbit=0xff,cbit=0xff,7,1,1489652003,0,0,[16588019808,14999968]
[   16.607983]  (6)[0:swapper/6][mtk_net][rtnl_lock]There is no process hold rtnl lock
[   16.863996]  (2)[0:swapper/2][name:spm&][SPM] MCUSYSOFF Didn't enter low power scenario
[   17.284009]  (6)[292:mddp_rx]port ccci_0_200 read data fail when md_state = 0
[   17.412994]  (6)[1:init]init: Control message: Processed ctl.stop for 'console' from pid: 845 (setprop ctl.stop console)
[   17.448243]  (6)[444:init]init: Unable to set property 'ro.product.first_api_level' from uid:0 gid:0 pid:852: Read-only property was already set
[   17.512833]  (6)[49:kworker/6:1][TP]touchpanel: tp_fw_update_work: fw_name = tp/21037/FW_NF_ILI9882N_INX.img
[   17.512844]  (6)[49:kworker/6:1][TP]touchpanel: fw_name_fae is tp/21037/FW_NF_ILI9882N_INX_FAE.img
[   17.512994]  (0)[563:logd.auditd]type=1400 audit(1789175848.624:5): avc:  denied  { associate } for  comm="rw-system.sh" name="tp_fw_update" scontext=u:object_r:proc_touchpanel_file:s0 tcontext=u:object_r:proc:s0 tclass=filesystem permissive=0
[   17.514022]  (6)[49:kworker/6:1]ilitek,ili7807s spi4.0: Direct firmware load for tp/21037/FW_NF_ILI9882N_INX_FAE.img failed with error -2
[   17.514026]  (6)[49:kworker/6:1]ilitek,ili7807s spi4.0: Falling back to user helper
[   17.515464]  (6)[869:ueventd]ueventd: firmware: loading 'tp/21037/FW_NF_ILI9882N_INX_FAE.img' for '/devices/platform/11018000.spi4/spi_master/spi4/spi4.0/firmware/tp!21037!FW_NF_ILI9882N_INX_FAE.img'
[   17.517782]  (6)[49:kworker/6:1][TP]touchpanel: retry times 0
[   17.517790]  (6)[49:kworker/6:1][TP]ILITEK: [INFO](ilitek_fw_update, 2821): ilitek_fw_update start
[   17.517864]  (6)[49:kworker/6:1][TP]ILITEK: [INFO](copy_fw_to_buffer, 2807): copy_fw_to_buffer fw->size=358761
[   17.517867]  (6)[49:kworker/6:1][TP]ILITEK: [INFO](ili_reset_ctrl, 2248): TP HW RST
[   17.517870]  (6)[49:kworker/6:1][TP]ILITEK: [INFO](ili_tp_reset, 2382): edge delay = 10
[   17.524085]  (7)[869:ueventd]ueventd: loading /devices/platform/11018000.spi4/spi_master/spi4/spi4.0/firmware/tp!21037!FW_NF_ILI9882N_INX_FAE.img took 8ms
[   17.534036]  (6)[49:kworker/6:1][TP]ILITEK: [INFO](ili_ic_get_info, 951): CHIP: PID = 988217
[   17.534042]  (6)[49:kworker/6:1][TP]ILITEK: [INFO](ilitek_tddi_ic_check_support, 88): ILITEK CHIP 98821700 found.
[   17.534122]  (6)[49:kworker/6:1][TP]ILITEK: [INFO](ilitek_tdd_fw_hex_open, 971): oplus fw update already request firmware
[   17.537208]  (6)[49:kworker/6:1][TP]ILITEK: [INFO](ilitek_fw_calc_file_crc, 573): Content of fw file is correct
[   17.537225]  (6)[49:kworker/6:1][TP]ILITEK: [INFO](ilitek_tddi_fw_update_block_info, 645): ==== Gesture loader info ====
[   17.537228]  (6)[49:kworker/6:1][TP]ILITEK: [INFO](ilitek_tddi_fw_update_block_info, 647): gesture move to ap addr => start = 0xffffffff, ap_end = 0xffffffff, ap_len = 0x0
[   17.537231]  (6)[49:kworker/6:1][TP]ILITEK: [INFO](ilitek_tddi_fw_update_block_info, 649): gesture hex addr => start = 0xffffffff, gesture_end = 0xffffffff, gesture_len = 0x0
[   17.537233]  (6)[49:kworker/6:1][TP]ILITEK: [INFO](ilitek_tddi_fw_update_block_info, 650): =============================
[   17.537236]  (6)[49:kworker/6:1][TP]ILITEK: [INFO](ilitek_tddi_fw_update_block_info, 672): Parsing hex info start addr = 0x13fb0
[   17.537238]  (6)[49:kworker/6:1][TP]ILITEK: [INFO](ilitek_tddi_fw_update_block_info, 678): Parsing hex mp ver addr = 0x1cfe0
[   17.537241]  (6)[49:kworker/6:1][TP]ILITEK: [INFO](ilitek_tddi_fw_update_block_info, 687): New FW Core version = 1040602
[   17.537243]  (6)[49:kworker/6:1][TP]ILITEK: [INFO](ilitek_tddi_fw_update_block_info, 698): report_info_block : nReportByPixel = 0, nIsHostDownload = 0, nIsSPIICE = 0, nIsSPISLAVE = 0
[   17.537246]  (6)[49:kworker/6:1][TP]ILITEK: [INFO](ilitek_tddi_fw_update_block_info, 702): report_info_block : nIsI2C = 0, nReserved00 = 0, nReserved01 = 0, nReserved02 = 0,  nReserved03 = 0
[   17.537249]  (6)[49:kworker/6:1][TP]ILITEK: [INFO](ilitek_tddi_fw_update_block_info, 704): New FW ver = 0x88200400
[   17.537251]  (6)[49:kworker/6:1][TP]ILITEK: [INFO](ilitek_tddi_fw_update_block_info, 706): star_addr = 0x000000, end_addr = 0x01F200, Block Num = 4
[   17.537254]  (6)[49:kworker/6:1][TP]ILITEK: [INFO](ili_reset_ctrl, 2248): TP HW RST
[   17.537257]  (6)[49:kworker/6:1][TP]ILITEK: [INFO](ili_tp_reset, 2382): edge delay = 10
[   17.651031]  (6)[49:kworker/6:1][TP]ILITEK: [INFO](ili_reset_ctrl, 2228): TP IC Code RST 
[   17.651077]  (6)[49:kworker/6:1][TP]ILITEK: [INFO](ili_fw_upgrade, 1081): Upgrade pass
[   17.701081]  (6)[49:kworker/6:1][TP]ILITEK: [ERR](ili_ic_get_fw_ver, 761): melo version AA278II
[   17.701084]  (6)[49:kworker/6:1][TP]ILITEK: [INFO](ili_ic_get_fw_ver, 779): manufacture_info.version: AA278II
[   17.701087]  (6)[49:kworker/6:1][TP]ILITEK: [INFO](ili_fw_upgrade_handler, 1933): FW upgrade pass
[   17.701090]  (6)[49:kworker/6:1][TP]ILITEK: [INFO](ilitek_fw_check, 2770): ilitek_fw_check: call
[   17.701093]  (6)[49:kworker/6:1][TP]ILITEK: [ERR](ili_ic_get_fw_ver, 761): melo version AA278II
[   17.701095]  (6)[49:kworker/6:1][TP]ILITEK: [INFO](ili_ic_get_fw_ver, 779): manufacture_info.version: AA278II
[   17.701097]  (6)[49:kworker/6:1][TP]ILITEK: [INFO](ilitek_fw_check, 2779): firmware_ver = 04
[   17.701146]  (6)[49:kworker/6:1][TP]touchpanel: release all touch point and key, clear tp touch down flag
[   17.704235]  (7)[623:rw-system.sh][TP]touchpanel: fw update finished
[   17.869530]  (0)[563:logd.auditd]type=1400 audit(1789175848.980:6): avc:  denied  { getattr } for  comm="mount" path="/persist" dev="dm-1" ino=46 scontext=u:r:phhsu_daemon:s0 tcontext=u:object_r:persist_file:s0 tclass=dir permissive=1
[   17.869661]  (0)[563:logd.auditd]type=1400 audit(1789175848.980:7): avc:  denied  { mounton } for  comm="mount" path="/persist" dev="dm-1" ino=46 scontext=u:r:phhsu_daemon:s0 tcontext=u:object_r:persist_file:s0 tclass=dir permissive=1
[   17.911997]  (7)[330:rpmb_open]Trustonic TEE: request_send: daemon not connected after 10s, waiting
[   18.304015]  (7)[292:mddp_rx]port ccci_0_200 read data fail when md_state = 0
[   18.593844]  (6)[1:init]init: Service 'exec 8 (/system/bin/rw-system.sh)' (pid 623) exited with status 0 waiting took 13.742000 seconds
[   18.593858]  (6)[1:init]init: Sending signal 9 to service 'exec 8 (/system/bin/rw-system.sh)' (pid 623) process group...
[   18.593984]  (6)[1:init]libprocessgroup: Removed cgroup /sys/fs/cgroup/uid_0/pid_623
[   18.596655]  (6)[1:init]init: Command 'setprop ro.vndk.version ${persist.sys.vndk}' action=post-fs (/system/etc/init/vndk.rc:5) took 0ms and failed: property 'persist.sys.vndk' doesn't exist while expanding '${persist.sys.vndk}'
[   18.596674]  (6)[1:init]init: processing action (post-fs) from (/vendor/etc/init/tee.rc:5)
[   18.597365]  (6)[1:init]init: processing action (late-fs) from (/system/etc/init/hw/init.rc:647)
[   18.597525]  (6)[1:init]init: starting service 'wmt_loader'...
[   18.599304]  (6)[953:init]KernelSU: mark no sucompat checks for pid: '953', exec: '/vendor/bin/wmt_loader'
[   18.599579]  (7)[1:init]init: ... started service 'wmt_loader' has pid 953
[   18.601788]  (7)[954:init]KernelSU: mark no sucompat checks for pid: '954', exec: '/vendor/bin/wmt_launcher'
[   18.605367]  (7)[955:init]KernelSU: mark no sucompat checks for pid: '955', exec: '/system/bin/hw/android.system.suspend-service'
[   18.608617]  (6)[956:init]KernelSU: mark no sucompat checks for pid: '956', exec: '/system/bin/keystore2'
[   18.611149]  (7)[957:init]KernelSU: mark no sucompat checks for pid: '957', exec: '/vendor/bin/hw/android.hardware.keymaster@4.1-service.trustonic'
[   18.614850]  (6)[958:init]KernelSU: mark no sucompat checks for pid: '958', exec: '/system/bin/fsverity_init'
[   18.619568]  (6)[955:android.system.]binder: 955:955 ioctl 40046210 7ffb6255e4 returned -22
[   18.619649]  (6)[955:android.system.]binder: 955:955 ioctl 40046210 7ffb625494 returned -22
[   18.620585]  (0)[955:android.system.]binder: context.name[binder] tr.size:144 service:suspend_control
[   18.621042]  (1)[955:android.system.]binder: context.name[binder] tr.size:164 service:suspend_control_internal
[   18.621395]  (7)[955:android.system.]binder: context.name[binder] tr.size:204 service:android.system.suspend.ISystemS
[   18.621780]  (2)[532:servicemanager]servicemanager: getDeviceHalManifest: Reading VINTF information.
[   18.626953]  (6)[445:init]BOOTPROF:     18626.951736:INIT:late-fs
[   18.627259]  (6)[445:init]BOOTPROF:     18627.257351:INIT:Mount_START --late
[   18.629894]  (7)[532:servicemanager]servicemanager: Loaded APEX Infos from /bootstrap-apex/apex-info-list.xml
[   18.629908]  (7)[532:servicemanager]servicemanager: getDeviceHalManifest: Successfully processed VINTF information
[   18.629914]  (7)[532:servicemanager]servicemanager: getFrameworkHalManifest: Reading VINTF information.
[   18.630345]  (6)[963:init]KernelSU: mark no sucompat checks for pid: '963', exec: '/system/bin/vdc'
[   18.631053]  (7)[532:servicemanager]servicemanager: getFrameworkHalManifest: Successfully processed VINTF information
[   18.631073]  (7)[532:servicemanager]servicemanager: Found android.system.suspend.ISystemSuspend/default in framework VINTF manifest.
[   18.632119]  (6)[955:android.system.]binder: context.name[hwbinder] tr.size:308 service:hwbinderService
[   18.637207]  (6)[963:vdc]binder: 963:963 ioctl 40046210 7fe28e6b54 returned -22
[   18.637721]  (7)[963:vdc]vdc: Waited 0ms for vold
[   18.637981]  (7)[532:servicemanager]servicemanager: Could not find android.hardware.boot.IBootControl/default in the VINTF manifest. No alternative instances declared in VINTF.
[   18.638734]  (6)[542:binder:542_2]vold: Error getting bootctrl v1.0 module.
[   18.642388]  (7)[964:init]KernelSU: mark no sucompat checks for pid: '964', exec: '/system/bin/vdc'
[   18.648424]  (7)[964:vdc]binder: 964:964 ioctl 40046210 7fdc721134 returned -22
[   18.648804]  (7)[964:vdc]vdc: Waited 0ms for vold
[   18.651364]  (7)[532:servicemanager]servicemanager: Since 'android.system.keystore2.IKeystoreService/default' could not be found (requested by debug pid 542), trying to start it as a lazy AIDL service. (if it's not configured to be a lazy service, it may be stuck starting or still starting).
[   18.651527]  (7)[542:binder:542_2]binder: context.name[binder] tr.size:204 service:android.system.keystore2.IKeyst
[   18.652707]  (7)[957:android.hardwar]binder: 957:957 ioctl 40046210 7ffa1e4194 returned -22
[   18.656845]  (7)[212:tee_log]Trustonic TEE: 401(7)|teeKeyMaster4-package-4.1.0-20210303_231146_19876_56ccc
[   18.656853]  (7)[212:tee_log]Trustonic TEE: 401(7)|tlTeeKeymaster_rpmb: Keymaster TA version  401.   0
[   18.656857]  (7)[212:tee_log]Trustonic TEE: 401(7)|tlTeeKeymaster_rpmb: ARMv8 crypto instructions will be used
[   18.656860]  (7)[212:tee_log]Trustonic TEE: 401(7)|tlTeeKeymaster_rpmb: Neon instructions will be used
[   18.658426]  (7)[212:tee_log]Trustonic TEE: 501(6)|teeKeyMaster4-package-4.1.0-20210303_231146_19876_56ccc
[   18.658434]  (7)[212:tee_log]Trustonic TEE: 501(6)|[DrAndroid] 0.0, Build Oct  4 2024, 10:28:21
[   18.658687]  (6)[212:tee_log]Trustonic TEE: 401(6)|[verifiedBoot_GetBootPatchlevel] verifiedBoot_GetBootPatchlevel boot_patchlevel = 135c145
[   18.659846]  (6)[957:android.hardwar]binder: context.name[hwbinder] tr.size:348 service:hwbinderService
[   18.678180]  (7)[956:keystore2]binder: 956:956 ioctl 40046210 7ff3b426d4 returned -22
[   18.678699]  (6)[956:binder:956_2]binder: context.name[binder] tr.size:160 service:android.security.compat
[   18.678825]  (7)[966:keystore2]binder: 956:966 ioctl 40046210 784cdfb394 returned -22
[   18.681795]  (7)[956:binder:956_2]binder: context.name[binder] tr.size:212 service:android.system.keystore2.IKeyst
[   18.681933]  (6)[532:servicemanager]servicemanager: Found android.system.keystore2.IKeystoreService/default in framework VINTF manifest.
[   18.682067]  (6)[956:binder:956_2]binder: context.name[binder] tr.size:156 service:android.security.apc
[   18.682084]  (7)[532:servicemanager]BpBinder: onLastStrongRef automatically unlinking death recipients: 
[   18.682332]  (7)[956:binder:956_2]binder: context.name[binder] tr.size:176 service:android.security.authorization
[   18.682554]  (7)[956:binder:956_2]binder: context.name[binder] tr.size:172 service:android.security.maintenance
[   18.682694]  (7)[956:binder:956_2]binder: context.name[binder] tr.size:164 service:android.security.metrics
[   18.682828]  (7)[956:binder:956_2]binder: context.name[binder] tr.size:176 service:android.security.legacykeystore
[   18.693315]  (6)[542:binder:542_2]fsck.f2fs: Info: Automatic fix mode enabled.
[   18.693909]  (6)[542:binder:542_2]fsck.f2fs: Info: not exist /proc/version!
[   18.694121]  (6)[542:binder:542_2]fsck.f2fs: Info: MKFS version
[   18.694124]  (6)[542:binder:542_2]fsck.f2fs:   "4.14.186+"
[   18.694128]  (6)[542:binder:542_2]fsck.f2fs: Info: FSCK version
[   18.694131]  (6)[542:binder:542_2]fsck.f2fs:   from "4.14.186+"
[   18.694133]  (6)[542:binder:542_2]fsck.f2fs:     to "4.14.186+"
[   18.694149]  (6)[542:binder:542_2]fsck.f2fs: Info: superblock features = 481 :  encrypt quota verity
[   18.694153]  (6)[542:binder:542_2]fsck.f2fs: Info: superblock encrypt level = 0, salt = 00000000000000000000000000000000
[   18.694156]  (6)[542:binder:542_2]fsck.f2fs: Info: Segments per section = 1
[   18.800944]  (7)[542:binder:542_2]F2FS-fs (dm-54): Reduce reserved blocks for root = 55436
[   18.841504]  (7)[542:binder:542_2]F2FS-fs (dm-54): Mounted with checkpoint version = 536f191e
[   18.851042]  (6)[445:init]BOOTPROF:     18851.040429:INIT:Mount_END --late
[   18.853046]  (6)[978:init]KernelSU: mark no sucompat checks for pid: '978', exec: '/system/bin/vdc'
[   18.858460]  (6)[978:vdc]binder: 978:978 ioctl 40046210 7ff7de8a54 returned -22
[   18.863231]  (7)[979:init]KernelSU: mark no sucompat checks for pid: '979', exec: '/system/bin/vdc'
[   18.868633]  (7)[979:vdc]binder: 979:979 ioctl 40046210 7fdddd1874 returned -22
[   18.869012]  (7)[979:vdc]vdc: Waited 0ms for vold
[   18.876736]  (7)[1:init]fscrypt: AES-256-CTS-CBC using implementation "cts(cbc-aes-ce)"
[   18.881751]  (0)[986:init]KernelSU: mark no sucompat checks for pid: '986', exec: '/system/bin/tombstoned'
[   18.885060]  (6)[987:init]KernelSU: mark no sucompat checks for pid: '987', exec: '/system/bin/vdc'
[   18.890434]  (6)[987:vdc]binder: 987:987 ioctl 40046210 7fde643d14 returned -22
[   18.904668]  (6)[212:tee_log]Trustonic TEE: 501(7)|FID_ANDROID_IS_EARLY_BOOT_ENDED
[   18.906816]  (7)[212:tee_log]Trustonic TEE: 501(7)|FID_ANDROID_EARLY_BOOT_ENDED
[   18.906856]  (7)[212:tee_log]Trustonic TEE: 501(7)|[DrAndroid] Early Boot Ended
[   18.907551]  (6)[542:binder:542_2]vold: keystore2 Keystore earlyBootEnded returned service specific error: -68
[   18.913840]  (0)[990:init]KernelSU: mark no sucompat checks for pid: '990', exec: '/system/bin/logd'
[   18.918754]  (7)[991:init]KernelSU: mark no sucompat checks for pid: '991', exec: '/system/bin/apexd'
[   18.928452]  (6)[991:apexd]apexd: Started. subcommand = (null)
[   18.928592]  (6)[991:apexd]binder: 991:991 ioctl 40046210 7fc488e2f4 returned -22
[   18.929194]  (6)[991:apexd]apexd: Scanning /system/apex for pre-installed ApexFiles
[   18.929332]  (6)[991:apexd]apexd: Found pre-installed APEX /system/apex/com.android.configinfrastructure.capex
[   18.929553]  (6)[991:apexd]apexd: Found pre-installed APEX /system/apex/com.android.wifi.capex
[   18.929710]  (6)[991:apexd]apexd: Found pre-installed APEX /system/apex/com.android.uwb.capex
[   18.929820]  (6)[991:apexd]apexd: Found pre-installed APEX /system/apex/com.android.appsearch.capex
[   18.929952]  (6)[991:apexd]apexd: Found pre-installed APEX /system/apex/com.android.adservices.capex
[   18.930002]  (1)[538:logd.control]logd: logd reinit
[   18.930075]  (6)[991:apexd]apexd: Found pre-installed APEX /system/apex/com.android.cellbroadcast.capex
[   18.930180]  (6)[991:apexd]apexd: Found pre-installed APEX /system/apex/com.android.media.capex
[   18.930269]  (6)[991:apexd]apexd: Found pre-installed APEX /system/apex/com.android.permission.capex
[   18.931939]  (0)[538:logd.control]logd: FrameworkListener: read() failed (Connection reset by peer)
[   18.937739]  (7)[992:init]KernelSU: mark no sucompat checks for pid: '992', exec: '/bin/rm'
[   18.956358]  (6)[993:init]KernelSU: mark no sucompat checks for pid: '993', exec: '/system/bin/chattr'
[   19.036057]  (6)[995:apexd]EXT4-fs (loop4): mounted filesystem without journal. Opts: (null)
[   19.067733]  (7)[994:apexd]EXT4-fs (loop5): mounted filesystem without journal. Opts: (null)
[   19.103790]  (7)[999:apexd]EXT4-fs (loop6): mounted filesystem without journal. Opts: (null)
[   19.134593]  (6)[1000:apexd]EXT4-fs (loop7): mounted filesystem without journal. Opts: (null)
[   19.179834]  (6)[1001:apexd]EXT4-fs (loop8): mounted filesystem without journal. Opts: (null)
[   19.216278]  (6)[996:apexd]EXT4-fs (loop9): mounted filesystem without journal. Opts: (null)
[   19.255805]  (6)[997:apexd]EXT4-fs (loop10): mounted filesystem without journal. Opts: (null)
[   19.292257]  (7)[998:apexd]EXT4-fs (loop11): mounted filesystem without journal. Opts: (null)
[   19.328027]  (7)[292:mddp_rx]port ccci_0_200 read data fail when md_state = 0
[   19.339667]  (7)[1003:apexd]EXT4-fs (loop12): mounted filesystem without journal. Opts: (null)
[   19.363472]  (6)[1002:apexd]EXT4-fs (loop13): mounted filesystem without journal. Opts: (null)
[   19.404302]  (6)[1005:apexd]EXT4-fs (loop14): mounted filesystem without journal. Opts: (null)
[   19.430752]  (6)[1007:apexd]EXT4-fs (loop15): mounted filesystem without journal. Opts: (null)
[   19.475832]  (7)[1006:apexd]EXT4-fs (loop16): mounted filesystem without journal. Opts: (null)
[   19.507776]  (7)[1008:apexd]EXT4-fs (loop17): mounted filesystem without journal. Opts: (null)
[   19.538482]  (6)[1009:apexd]EXT4-fs (loop18): mounted filesystem without journal. Opts: (null)
[   19.568289]  (7)[1011:apexd]EXT4-fs (loop19): mounted filesystem without journal. Opts: (null)
[   19.604095]  (6)[1012:apexd]EXT4-fs (loop20): mounted filesystem without journal. Opts: (null)
[   19.634627]  (7)[1010:apexd]EXT4-fs (loop21): mounted filesystem without journal. Opts: (null)
[   19.680224]  (6)[1014:apexd]EXT4-fs (loop22): mounted filesystem without journal. Opts: (null)
[   19.710093]  (6)[1016:apexd]device-mapper: verity: sha256 using implementation "sha256-ce"
[   19.724576]  (6)[1016:apexd]EXT4-fs (dm-53): mounted filesystem without journal. Opts: (null)
[   19.742085]  (7)[1017:apexd]device-mapper: verity: sha256 using implementation "sha256-ce"
[   19.756323]  (6)[1017:apexd]EXT4-fs (dm-52): mounted filesystem without journal. Opts: (null)
[   19.782160]  (6)[1013:apexd]device-mapper: verity: sha256 using implementation "sha256-ce"
[   19.796486]  (7)[1013:apexd]EXT4-fs (dm-46): mounted filesystem without journal. Opts: (null)
[   19.814072]  (6)[1015:apexd]device-mapper: verity: sha256 using implementation "sha256-ce"
[   19.829637]  (6)[1015:apexd]EXT4-fs (dm-48): mounted filesystem without journal. Opts: (null)
[   19.846075]  (7)[1018:apexd]device-mapper: verity: sha256 using implementation "sha256-ce"
[   19.860715]  (7)[1018:apexd]EXT4-fs (dm-43): mounted filesystem without journal. Opts: (null)
[   19.878079]  (7)[1021:apexd]device-mapper: verity: sha256 using implementation "sha256-ce"
[   19.892636]  (7)[1021:apexd]EXT4-fs (dm-41): mounted filesystem without journal. Opts: (null)
[   19.910104]  (7)[1020:apexd]device-mapper: verity: sha256 using implementation "sha256-ce"
[   19.930267]  (6)[1020:apexd]EXT4-fs (dm-42): mounted filesystem without journal. Opts: (null)
[   19.935983]  (7)[0:swapper/7][mtk_net][rtnl_lock]There is no process hold rtnl lock
[   19.942103]  (7)[1022:apexd]device-mapper: verity: sha256 using implementation "sha256-ce"
[   19.960594]  (6)[1022:apexd]EXT4-fs (dm-40): mounted filesystem without journal. Opts: (null)
[   19.990100]  (7)[1019:apexd]device-mapper: verity: sha256 using implementation "sha256-ce"
[   20.004900]  (6)[1019:apexd]EXT4-fs (dm-37): mounted filesystem without journal. Opts: (null)
[   20.022086]  (6)[1023:apexd]device-mapper: verity: sha256 using implementation "sha256-ce"
[   20.032406]  (7)[1023:apexd]EXT4-fs (dm-36): mounted filesystem without journal. Opts: (null)
[   20.054109]  (7)[1026:apexd]device-mapper: verity: sha256 using implementation "sha256-ce"
[   20.072552]  (6)[1026:apexd]EXT4-fs (dm-35): mounted filesystem without journal. Opts: (null)
[   20.090081]  (6)[1024:apexd]device-mapper: verity: sha256 using implementation "sha256-ce"
[   20.104706]  (7)[1024:apexd]EXT4-fs (dm-31): mounted filesystem without journal. Opts: (null)
[   20.122136]  (7)[1029:apexd]device-mapper: verity: sha256 using implementation "sha256-ce"
[   20.140760]  (7)[1029:apexd]EXT4-fs (dm-28): mounted filesystem without journal. Opts: (null)
[   20.154083]  (6)[1031:apexd]device-mapper: verity: sha256 using implementation "sha256-ce"
[   20.168841]  (6)[1031:apexd]EXT4-fs (dm-29): mounted filesystem without journal. Opts: (null)
[   20.186118]  (6)[1028:apexd]device-mapper: verity: sha256 using implementation "sha256-ce"
[   20.192000]  (7)[50:kworker/7:1]usb_state<DISCONNECTED>
[   20.201005]  (7)[1028:apexd]EXT4-fs (dm-27): mounted filesystem without journal. Opts: (null)
[   20.218091]  (7)[1027:apexd]device-mapper: verity: sha256 using implementation "sha256-ce"
[   20.232613]  (7)[1027:apexd]EXT4-fs (dm-26): mounted filesystem without journal. Opts: (null)
[   20.250120]  (6)[1032:apexd]device-mapper: verity: sha256 using implementation "sha256-ce"
[   20.264815]  (6)[1032:apexd]EXT4-fs (dm-17): mounted filesystem without journal. Opts: (null)
[   20.282070]  (6)[1030:apexd]device-mapper: verity: sha256 using implementation "sha256-ce"
[   20.296903]  (7)[1030:apexd]EXT4-fs (dm-24): mounted filesystem without journal. Opts: (null)
[   20.314093]  (6)[1025:apexd]device-mapper: verity: sha256 using implementation "sha256-ce"
[   20.328266]  (6)[1025:apexd]EXT4-fs (dm-20): mounted filesystem without journal. Opts: (null)
[   20.346097]  (6)[1033:apexd]device-mapper: verity: sha256 using implementation "sha256-ce"
[   20.352009]  (7)[292:mddp_rx]port ccci_0_200 read data fail when md_state = 0
[   20.360448]  (7)[1033:apexd]EXT4-fs (dm-22): mounted filesystem without journal. Opts: (null)
[   20.361301]  (6)[991:apexd]binder: context.name[binder] tr.size:136 service:apexservice
[   20.361508]  (6)[991:apexd]binder: context.name[binder] tr.size:156 service:apexservice
[   20.398215]  (7)[1173:init]KernelSU: mark no sucompat checks for pid: '1173', exec: '/apex/com.android.runtime/bin/linkerconfig'
[   20.422779]  (7)[1174:init]KernelSU: mark no sucompat checks for pid: '1174', exec: '/apex/com.android.sdkext/bin/derive_sdk'
[   20.435017]  (6)[1175:init]KernelSU: mark no sucompat checks for pid: '1175', exec: '/system/bin/vdc'
[   20.441705]  (6)[1175:vdc]binder: 1175:1175 ioctl 40046210 7fd8316284 returned -22
[   20.442121]  (6)[1175:vdc]vdc: Waited 0ms for vold
[   21.216817]  (6)[112:kworker/u16:1]mt635x-auxadc mt635x-auxadc: name:VBIF, channel=11, adc_out=0x9fe, adc_result=2810
[   21.217133]  (6)[112:kworker/u16:1][CH3_DBG] bat_cur = -6585
[   21.218304]  (6)[112:kworker/u16:1]mt635x-auxadc mt635x-auxadc: name:BAT_TEMP, channel=3, adc_out=0x2f7, adc_result=833
[   21.218613]  (6)[112:kworker/u16:1][force_get_tbat] tbat_precise bat_temperature_val:37
[   21.376000]  (6)[292:mddp_rx]port ccci_0_200 read data fail when md_state = 0
[   21.705617]  (7)[1177:init]KernelSU: mark no sucompat checks for pid: '1177', exec: '/apex/com.android.sdkext/bin/derive_classpath'
[   21.727971]  (6)[1178:init]KernelSU: mark no sucompat checks for pid: '1178', exec: '/apex/com.android.art/bin/art_boot'
[   21.742466]  (7)[1179:init]KernelSU: mark no sucompat checks for pid: '1179', exec: '/system/bin/odsign'
[   21.759665]  (7)[1179:odsign]binder: 1179:1179 ioctl 40046210 7ff35c09a4 returned -22
[   21.810243]  (7)[1180:odrefresh]fs-verity: sha256 using implementation "sha256-ce"
[   21.904787]  (7)[1181:init]KernelSU: mark no sucompat checks for pid: '1181', exec: '/system/bin/apexd'
[   21.915682]  (7)[1181:apexd]apexd: Started. subcommand = --snapshotde
[   21.915806]  (7)[1181:apexd]binder: 1181:1181 ioctl 40046210 7fe1647694 returned -22
[   21.916704]  (7)[1181:apexd]apexd-snapshotde: Marking APEXd as ready
[   21.924628]  (6)[1182:init]KernelSU: hook_manager: escape to root for init executing ksud: 1182
[   21.939053]  (6)[1182:ksud]KernelSU: ksu fd installed: 5, name: [ksu_driver], for pid 1182
[   21.939060]  (6)[1182:ksud]KernelSU: [1182] install ksu fd: 5
[   21.939069]  (6)[1182:ksud]KernelSU: post-fs-data triggered
[   21.939072]  (6)[1182:ksud]KernelSU: on_post_fs_data!
[   21.939076]  (6)[1182:ksud]KernelSU: vol_detector: exit
[   21.939128]  (3)[1182:ksud]KernelSU: post-fs-data triggered, scanning manager...
[   21.944432]  (3)[1182:ksud]KernelSU: volumedown_pressed_count: 0
[   21.958715]  (1)[536:logd.reader]logd: logdr: UID=0 GID=0 PID=1185 b tail=0 logMask=bf pid=0 start=0ns deadline=0ns
[   21.984006]  (2)[0:swapper/2][name:spm&][SPM] MCUSYSOFF Didn't enter low power scenario
[   22.018690]  (6)[1182:ksud]KernelSU: adding POLICYDB_CONFIG_ANDROID_NETLINK_ROUTE
[   22.020454]  (6)[1182:ksud]SELinux: 32768 avtab hash slots, 102904 rules.
[   22.031088]  (6)[1182:ksud]SELinux: 32768 avtab hash slots, 102904 rules.
[   22.031116]  (6)[1182:ksud]SELinux:  1 users, 4 roles, 3965 types, 0 bools, 1 sens, 1024 cats
[   22.031121]  (6)[1182:ksud]SELinux:  104 classes, 102904 rules
[   22.037343]  (6)[1182:ksud]KernelSU: target type nsfs does not exist
[   22.037350]  (6)[1182:ksud]KernelSU: sepol: cmd #16 failed, cmd=1 subcmd=1.
[   22.037353]  (6)[1182:ksud]KernelSU: target type nsfs does not exist
[   22.037355]  (6)[1182:ksud]KernelSU: sepol: cmd #17 failed, cmd=1 subcmd=1.
[   22.050292]  (6)[1182:ksud]KernelSU: adding POLICYDB_CONFIG_ANDROID_NETLINK_ROUTE
[   22.051977]  (6)[1182:ksud]SELinux: 32768 avtab hash slots, 104912 rules.
[   22.062948]  (6)[1182:ksud]SELinux: 32768 avtab hash slots, 104912 rules.
[   22.062975]  (6)[1182:ksud]SELinux:  1 users, 4 roles, 3967 types, 0 bools, 1 sens, 1024 cats
[   22.062979]  (6)[1182:ksud]SELinux:  104 classes, 104912 rules
[   22.078952]  (6)[1182:ksud]KernelSU: adding POLICYDB_CONFIG_ANDROID_NETLINK_ROUTE
[   22.080714]  (6)[1182:ksud]SELinux: 32768 avtab hash slots, 104912 rules.
[   22.091509]  (6)[1182:ksud]SELinux: 32768 avtab hash slots, 104912 rules.
[   22.091534]  (6)[1182:ksud]SELinux:  1 users, 4 roles, 3967 types, 0 bools, 1 sens, 1024 cats
[   22.091538]  (6)[1182:ksud]SELinux:  104 classes, 104912 rules
[   22.108341]  (6)[1182:ksud]KernelSU: adding POLICYDB_CONFIG_ANDROID_NETLINK_ROUTE
[   22.110015]  (6)[1182:ksud]SELinux: 32768 avtab hash slots, 105590 rules.
[   22.120946]  (6)[1182:ksud]SELinux: 32768 avtab hash slots, 105590 rules.
[   22.120972]  (6)[1182:ksud]SELinux:  1 users, 4 roles, 3969 types, 0 bools, 1 sens, 1024 cats
[   22.120976]  (6)[1182:ksud]SELinux:  104 classes, 105590 rules
[   22.136997]  (6)[1182:ksud]KernelSU: adding POLICYDB_CONFIG_ANDROID_NETLINK_ROUTE
[   22.138715]  (6)[1182:ksud]SELinux: 32768 avtab hash slots, 105591 rules.
[   22.149601]  (6)[1182:ksud]SELinux: 32768 avtab hash slots, 105591 rules.
[   22.149627]  (6)[1182:ksud]SELinux:  1 users, 4 roles, 3969 types, 0 bools, 1 sens, 1024 cats
[   22.149632]  (6)[1182:ksud]SELinux:  104 classes, 105591 rules
[   22.161473]  (6)[1182:ksud]KernelSU: volumedown_pressed_count: 0
[   22.163296]  (6)[1182:ksud]KernelSU: adb_root: set to 0
[   22.163311]  (6)[1182:ksud]KernelSU: su_compat: set to 1
[   22.163319]  (6)[1182:ksud]KernelSU: sulog: set to 0
[   22.163327]  (6)[1182:ksud]KernelSU: selinux_hide: set to 1
[   22.163329]  (6)[1182:ksud]KernelSU: selinux_hide: init selinux hide
[   22.170215]  (6)[1182:ksud]KernelSU: selinux_hide: context_write: 0xffffff8fad4a02b0 [sel_write_context+0x0/0x140]
[   22.170245] -(6)[39:migration/6]KernelSU: patch dst=0xffffff8fae233d80 src=0xffffff801436bd08 len=8
[   22.170249] -(6)[39:migration/6]KernelSU: pgd of 0xffffff8fae233d80 p=0xffffff8fb052b1f0 v=0x1bfffc803
[   22.170250] -(6)[39:migration/6]KernelSU: p4d of 0xffffff8fae233d80 p=0xffffff8fb052b1f0 v=0x1bfffc803
[   22.170253] -(6)[39:migration/6]KernelSU: pud of 0xffffff8fae233d80 p=0xffffff8fb052b1f0 v=0x1bfffc803
[   22.170256] -(6)[39:migration/6]KernelSU: pmd of 0xffffff8fae233d80 p=0xffffffe6bfffcb88 v=0x60000041200f91
[   22.170258] -(6)[39:migration/6]KernelSU: Address 0xffffff8fae233d80 maps to a PMD-level huge page
[   22.170262] -(6)[39:migration/6]KernelSU: phy addr for patch 0xffffff8fae233d80: 0x41233d80
[   22.170264] -(6)[39:migration/6]KernelSU: fixmap addr for patch 0xffffff8fae233d80: 0xffffffbefe7fed80
[   22.170267] -(6)[39:migration/6]KernelSU: patch result=0
[   22.170276]  (6)[1182:ksud]KernelSU: selinux_hide: access_write: 0xffffff8fad4a00f0 [sel_write_access+0x0/0x1c0]
[   22.170302] -(7)[44:migration/7]KernelSU: patch dst=0xffffff8fae233d88 src=0xffffff801436bd08 len=8
[   22.170307] -(7)[44:migration/7]KernelSU: pgd of 0xffffff8fae233d88 p=0xffffff8fb052b1f0 v=0x1bfffc803
[   22.170309] -(7)[44:migration/7]KernelSU: p4d of 0xffffff8fae233d88 p=0xffffff8fb052b1f0 v=0x1bfffc803
[   22.170311] -(7)[44:migration/7]KernelSU: pud of 0xffffff8fae233d88 p=0xffffff8fb052b1f0 v=0x1bfffc803
[   22.170314] -(7)[44:migration/7]KernelSU: pmd of 0xffffff8fae233d88 p=0xffffffe6bfffcb88 v=0x60000041200f91
[   22.170316] -(7)[44:migration/7]KernelSU: Address 0xffffff8fae233d88 maps to a PMD-level huge page
[   22.170320] -(7)[44:migration/7]KernelSU: phy addr for patch 0xffffff8fae233d88: 0x41233d88
[   22.170322] -(7)[44:migration/7]KernelSU: fixmap addr for patch 0xffffff8fae233d88: 0xffffffbefe7fed88
[   22.170325] -(7)[44:migration/7]KernelSU: patch result=0
[   22.170363] -(4)[29:migration/4]KernelSU: patch dst=0xffffff8faeec27d8 src=0xffffff801436bd10 len=8
[   22.170371] -(4)[29:migration/4]KernelSU: pgd of 0xffffff8faeec27d8 p=0xffffff8fb052b1f0 v=0x1bfffc803
[   22.170373] -(4)[29:migration/4]KernelSU: p4d of 0xffffff8faeec27d8 p=0xffffff8fb052b1f0 v=0x1bfffc803
[   22.170378] -(4)[29:migration/4]KernelSU: pud of 0xffffff8faeec27d8 p=0xffffff8fb052b1f0 v=0x1bfffc803
[   22.170383] -(4)[29:migration/4]KernelSU: pmd of 0xffffff8faeec27d8 p=0xffffffe6bfffcbb8 v=0x1bfff9803
[   22.170387] -(4)[29:migration/4]KernelSU: phy addr for patch 0xffffff8faeec27d8: 0x41ec27d8
[   22.170395] -(4)[29:migration/4]KernelSU: fixmap addr for patch 0xffffff8faeec27d8: 0xffffffbefe7fe7d8
[   22.170399] -(4)[29:migration/4]KernelSU: patch result=0
[   22.170429]  (6)[1182:ksud]KernelSU: kernel_umount: set to 1
[   22.198016]  (6)[1194:zn-daemon][I][1194:1194][zn-daemon64]:Zygisk Next Daemon 1.5.0-843-5217106-release
[   22.198074]  (6)[1194:zn-daemon][I][1194:1194][zn-daemon64]:Kernel: 4.14.186+ aarch64
[   22.198201]  (6)[1194:zn-daemon]KernelSU: ksu fd installed: 6, name: [ksu_driver], for pid 1194
[   22.198205]  (6)[1194:zn-daemon]KernelSU: [1194] install ksu fd: 6
[   22.207747]  (6)[1196:sh]KernelSU: ksu_handle_stat su->sh!
[   22.207757]  (6)[1196:sh]KernelSU: ksu_handle_faccessat su->sh!
[   22.207779]  (6)[1196:sh]KernelSU: do_execveat_common su found
[   22.207782]  (6)[1196:sh]KernelSU: Already root, don't escape!
[   22.208162]  (6)[1196:ksud]KernelSU: ksu fd installed: 4, name: [ksu_driver_su], for pid 1196
[   22.212620]  (6)[1196:ksud]KernelSU: ksu fd released
[   22.224988]  (6)[1194:zn-daemon][I][1194:1194][zn-daemon64]:** write prop
[   22.259506]  (6)[1194:zn-daemon][I][1194:1194][zn-daemon64]:** preparing payload ...
[   22.259600]  (6)[1194:zn-daemon][I][1194:1194][zn-daemon64]:** payload prepared
[   22.259634]  (6)[1194:zn-daemon][I][1194:1194][zn-daemon64]:** attaching init ...
[   22.278908]  (7)[1:init]KernelSU: Searching for manager(s)...
[   22.278933]  (7)[1:init]KernelSU: search_manager: dir: /data/app got magic! 0xf2f52010
[   22.281359]  (7)[1:init]KernelSU: cert length overlimit
[   22.281516]  (7)[1:init]KernelSU: Found new base.apk at path: /data/app/~~qt4cZRQQ__dv1d7uJYMQ6A==/com.vivo.easyshare-OVvySQeAHZC4UlKTEw01XQ==/base.apk, is_manager: 0
[   22.282379]  (7)[1:init]KernelSU: sha256: 6faf3c4140407473400934d117815a21af1cfefc5c0bee61c858bc3d72ba6fe5
[   22.282384]  (7)[1:init]KernelSU: Found new base.apk at path: /data/app/~~ol3bbgQXZeQej1RukkvCow==/com.google.android.webview-xuwn3ZvmZq9EOCywVCnFlA==/base.apk, is_manager: 0
[   22.282789]  (7)[1:init]KernelSU: sha256: ea6e97ad6c34f7039a9c6daba732c97d0e098e83ede2b4d52c76eb0184ac7a38
[   22.282793]  (7)[1:init]KernelSU: Found new base.apk at path: /data/app/~~S70cd1f_yHjVZI9Wp4GK7Q==/com.tencent.mobileqq-h0kfzUmQXm5uImoQQoNydg==/base.apk, is_manager: 0
[   22.283142]  (7)[1:init]KernelSU: sha256: 675e09c940ea63c6fde1552eb8c868743335df7fa60f1ef864ebc13612cc957e
[   22.283146]  (7)[1:init]KernelSU: Found new base.apk at path: /data/app/~~2lSaOgTTRGxxuRGAutn_bA==/com.qidian.QDReader-WJfoIsUDqL_jmNjjJUl44g==/base.apk, is_manager: 0
[   22.284429]  (7)[1:init]KernelSU: sha256: a6ef817bfd6c083442a149856e51036f6912c2db6b6009db8127cdd641e295a9
[   22.284433]  (7)[1:init]KernelSU: Found new base.apk at path: /data/app/~~bHNqEwpOGOC_039VvD9A0A==/com.baidu.input-RaD5LrIyyMEpagDKYv5y0Q==/base.apk, is_manager: 0
[   22.284832]  (6)[1:init]KernelSU: sha256: 93ba270f5521139ecafe4bb638ac5b1198bc548f62d9fd8f8580a079faf5910e
[   22.284838]  (6)[1:init]KernelSU: Found new base.apk at path: /data/app/~~eWSZmNSdePpjSEl29AHaIA==/tv.danmaku.bili-9-9H6lxPfOr8k1ckHlYRcQ==/base.apk, is_manager: 0
[   22.285356]  (7)[1:init]KernelSU: sha256: 0a350c6fbf39a939b34d4a4f470a93d961d554890ba8c37ff8ccceba0a3b1d7d
[   22.285361]  (7)[1:init]KernelSU: Found new base.apk at path: /data/app/~~j45YWLkoSlrVea28I_HXUA==/com.smile.gifmaker-BM1x9ylO3JRVgk37K1w1ww==/base.apk, is_manager: 0
[   22.285704]  (7)[1:init]KernelSU: cert length overlimit
[   22.285708]  (7)[1:init]KernelSU: Found new base.apk at path: /data/app/~~UY_IjdDDF4Q9HelIsSSNFw==/vegabobo.dsusideloader-mb14QddZ9rNHAKp7aPUx5w==/base.apk, is_manager: 0
[   22.287100]  (6)[1:init]KernelSU: sha256: a0e94b94858d039e3df455b3a4342527d83b997286bf8220edefd5bf7ae7c008
[   22.287105]  (6)[1:init]KernelSU: Found new base.apk at path: /data/app/~~o3mC0IeRxqYpZHj8KyUf8g==/com.xingye.app-YZ5JvXmBljflncLC-lWxTQ==/base.apk, is_manager: 0
[   22.287501]  (6)[1:init]KernelSU: sha256: 029abab5e32925cf4bb43844e8bdcf596cdd540cf139e4916523991063dc23fd
[   22.287505]  (6)[1:init]KernelSU: Found new base.apk at path: /data/app/~~YtXzlmgBwGEBcyLjjYHUVA==/com.mmbox.xbrowser-wj5sXzkyTtYmOe7x8oxOEg==/base.apk, is_manager: 0
[   22.288182]  (6)[1:init]KernelSU: cert length overlimit
[   22.288187]  (6)[1:init]KernelSU: Found new base.apk at path: /data/app/~~JSFTmN8qMygtdLM7p1h3bw==/com.helyu.smsforwarder-s9J8XN7_bgd9fukYyMhenQ==/base.apk, is_manager: 0
[   22.289102]  (6)[1:init]KernelSU: sha256: dd3923e78df33f08b0fb4a533ab1e860425ca7f6777fbe14f85a6cf5687143d6
[   22.289242]  (6)[1:init]KernelSU: Found new base.apk at path: /data/app/~~_9_z1f938VMcZpHCLO4WJg==/com.xunmeng.pinduoduo-veFENRedHoTtYjlrfs7xGQ==/base.apk, is_manager: 0
[   22.289682]  (6)[1:init]KernelSU: sha256: b7dc883e7678d6c618569e48a1c8c267a134a75f8bcb763510c8bffb3b90b077
[   22.289686]  (6)[1:init]KernelSU: Found new base.apk at path: /data/app/~~nfN8EVYNra0IWhXDsKj90g==/com.v2ray.ang-IZ8pN_n-WHMi52R6I3TCNg==/base.apk, is_manager: 0
[   22.290594]  (6)[1:init]KernelSU: sha256: fc30c5efbe58593dbf1432c8dd1c6206006e44effa8c7b76a4303118cbb97bde
[   22.290599]  (6)[1:init]KernelSU: Found new base.apk at path: /data/app/~~NF1SH2Z9-mjIVz6x7ClfQA==/com.ai.assistance.operit-ctnSm_O74wOoHaaxQlQyrw==/base.apk, is_manager: 0
[   22.291594]  (7)[1:init]KernelSU: sha256: 300ab8bfa69376f483fea8a5d999333aeb594ec0ce832eda4a6db830792a6bf6
[   22.291599]  (7)[1:init]KernelSU: Found new base.apk at path: /data/app/~~TKhoNT8G7oLqpSAwjmyO_w==/com.realtech.xiaocan-X4WJd9X1fh0DtB3yVQfkAg==/base.apk, is_manager: 0
[   22.291892]  (7)[1:init]KernelSU: sha256: 8501dd29dc8b452391ff427936591e19c4bdc1bdd9f15ee8e5ace4e8b74cc96b
[   22.291896]  (7)[1:init]KernelSU: Found new base.apk at path: /data/app/~~Vo2k1aosiwYhD35WCXHriw==/bin.mt.plus-RQ_JibwPLHih9THLebeasg==/base.apk, is_manager: 0
[   22.292325]  (7)[1:init]KernelSU: sha256: c5e9bc4c5cc7a34482c627cb9a76b88e30b509d0da3ba54a66274200e19c2743
[   22.292330]  (7)[1:init]KernelSU: Found new base.apk at path: /data/app/~~NEvHldpZtdYikm9NhfmgKg==/com.taobao.taobao-u5Z6FjqsCjQZpsDdNTgj4w==/base.apk, is_manager: 0
[   22.292808]  (6)[1:init]KernelSU: sha256: b6da01480eefd5fbf2cd3771b8d1021ec791304bdd6c4bf41d3faabad48ee5e1
[   22.292813]  (6)[1:init]KernelSU: Found new base.apk at path: /data/app/~~FZOu6cunzekmQF3c0H1MAQ==/com.termux-43wWgaZeelwt7JY_FjbjpQ==/base.apk, is_manager: 0
[   22.293569]  (6)[1:init]KernelSU: sha256: 389b49f7832f53e9017923220aa85e14dfaa4886ecd7428818bf339543cf498a
[   22.293574]  (6)[1:init]KernelSU: Found new base.apk at path: /data/app/~~T_OZQP5T6l6Amvgj3RYRpA==/com.eg.android.AlipayGphone-5dnCeQ1McFFec4eH04Hi9g==/base.apk, is_manager: 0
[   22.294011]  (6)[1:init]KernelSU: sha256: 268b5590e868fb08bae7e0ac413564cd1ff88f5ccff74af9dbd0dc918e30db30
[   22.294015]  (6)[1:init]KernelSU: Found new base.apk at path: /data/app/~~yAgX5fuy5Qw2cc9KJ74DEA==/moe.shizuku.privileged.api-cpR41EmGsQDDCf-sIqdhWQ==/base.apk, is_manager: 0
[   22.294683]  (6)[1:init]KernelSU: sha256: 8037a13b154927d4a8e5649e294dab6c09a5296693578e2d5d02ece32a9678dc
[   22.294687]  (6)[1:init]KernelSU: Found new base.apk at path: /data/app/~~dTCUF6z1xugWhyikNFFpVg==/com.coolapk.market-1MHgzq9E5XuGmEkZKlmbuw==/base.apk, is_manager: 0
[   22.295025]  (6)[1:init]KernelSU: sha256: 27184049741e79a82071aab60ba411ef7eb30362bbdefa913595d296043438e5
[   22.295029]  (6)[1:init]KernelSU: Found new base.apk at path: /data/app/~~ZKWWwSYJhKNN07Qyt_p7cQ==/com.byyoung.setting-OVQjPxLaIf-ViRrobsIEpA==/base.apk, is_manager: 0
[   22.295366]  (6)[1:init]KernelSU: sha256: 3df7f89d3b8d1315f05710c914fccbcf3a4e24980afddccb8dcebde90836a390
[   22.295370]  (6)[1:init]KernelSU: Found new base.apk at path: /data/app/~~yRlVJbTXJfnNFwzYI1eETA==/mark.via-UZjn-l4btqdW6U7McNVQ2A==/base.apk, is_manager: 0
[   22.295974]  (6)[1:init]KernelSU: cert length overlimit
[   22.295978]  (6)[1:init]KernelSU: Found new base.apk at path: /data/app/~~qtMq8r9Hyt06qlHTM8bOfw==/com.mediatek.ims-Q9XzpTs01m0OaefyTDirrg==/base.apk, is_manager: 0
[   22.296788]  (6)[1:init]KernelSU: sha256: f11162530685794fe708d0f974633edcfcc2816b1286d91ffba4b599c9b3236a
[   22.296793]  (6)[1:init]KernelSU: Found new base.apk at path: /data/app/~~K7aeSA5vnczJ_4CGJJ0UIA==/com.netease.mail-VA8MLEGKbwQfWg3DKOBznw==/base.apk, is_manager: 0
[   22.297210]  (6)[1:init]KernelSU: sha256: b36c0b80cb2417e7fe4c3df01a2d163a7d8443604dd276a2bc1ab0d325102e3e
[   22.297215]  (6)[1:init]KernelSU: Found new base.apk at path: /data/app/~~T29uDgcM_njokWuk641Mcg==/com.autonavi.minimap-2tujcvDTrKPf3psSuYedJg==/base.apk, is_manager: 0
[   22.297609]  (6)[1:init]KernelSU: sha256: 54254d2be09daef48dedc2b4a4f497d153e14ed9d70814fc9c360ee9240827f7
[   22.297612]  (6)[1:init]KernelSU: Found new base.apk at path: /data/app/~~48gZSYkVCXRkeQxgfA505g==/com.netease.cloudmusic-zrpKARzHI2zHo5BaxjV7fQ==/base.apk, is_manager: 0
[   22.298061]  (6)[1:init]KernelSU: sha256: 2ed0f436b521566f9a86be5b5776fff90ff6dce57355a76a3181233aa434c722
[   22.298064]  (6)[1:init]KernelSU: Found new base.apk at path: /data/app/~~YP2tbmC64j8ACI9d8JyLgQ==/com.mrl.pixiv--e5xcrZEjEw9VQ3ttYntSw==/base.apk, is_manager: 0
[   22.298823]  (6)[1:init]KernelSU: sha256: 49c1522548ebacd46ce322b6fd47f6092bb745d0f88082145caf35e14dcc38e1
[   22.298828]  (6)[1:init]KernelSU: Found new base.apk at path: /data/app/~~Z--D4UXnopneRq835s37VQ==/org.telegram.messenger.web-GjshKQn4OhLipHm6WAN4Xw==/base.apk, is_manager: 0
[   22.299232]  (6)[1:init]KernelSU: sha256: 58e4bb482ad28011ced23d0261895f9ae68081b5bb2f4fc1b9252f92393ab853
[   22.299235]  (6)[1:init]KernelSU: Found new base.apk at path: /data/app/~~yWQxq0-vtFNmKe4OBCAfJA==/com.baidu.baidutranslate-LfBHR0j9tUaq_pSwwB97Yw==/base.apk, is_manager: 0
[   22.299664]  (6)[1:init]KernelSU: sha256: 35caf9c5e4859a36a75a0645b5e8faf16adbdc48e28ae393671e6b859edf3d43
[   22.299668]  (6)[1:init]KernelSU: Found new base.apk at path: /data/app/~~7cSFe-hddyrAxjCdxq50bg==/org.frknkrc44.hma_oss-Lr_CHl2gZtemklEROF-mzg==/base.apk, is_manager: 0
[   22.300497]  (6)[1:init]KernelSU: sha256: caa41dc4d38e2843e1c18ed22de0232dda449c6e4ea71e9622de5b1d50640c97
[   22.300503]  (6)[1:init]KernelSU: Found new base.apk at path: /data/app/~~hvlx0weslVnFcHS7xYngrQ==/com.nange.widgettodo-ZZHtcjlyQXxSowVD9asiSw==/base.apk, is_manager: 0
[   22.301254]  (6)[1:init]KernelSU: sha256: 9bd06727e62796c0130eb6dab39b73157451582cbd138e86c468acc395d14165
[   22.301259]  (6)[1:init]KernelSU: Found new base.apk at path: /data/app/~~61znZU8sSufqFYHg1Y4NCA==/com.google.android.gms-ut0-zls9vBdpZGL8tSUCXQ==/base.apk, is_manager: 0
[   22.301657]  (6)[1:init]KernelSU: sha256: 9bd06727e62796c0130eb6dab39b73157451582cbd138e86c468acc395d14165
[   22.301661]  (6)[1:init]KernelSU: Found new base.apk at path: /data/app/~~Hbce9Zv8N_6TLBmeWeSNww==/com.android.vending-CMWAEsLekl-XMEAGvDKiMw==/base.apk, is_manager: 0
[   22.302074]  (6)[1:init]KernelSU: sha256: a5fdbfa8a769a9f2041c7f6706a52b8d981c0f12a6f10e989a9f583a43ed217d
[   22.302078]  (6)[1:init]KernelSU: Found new base.apk at path: /data/app/~~acryoc3AVj0UBc-rZgFBaw==/com.jingdong.app.mall-s8StF_MJP8dSRII2n3SoHA==/base.apk, is_manager: 0
[   22.302865]  (6)[1:init]KernelSU: cert length overlimit
[   22.302869]  (6)[1:init]KernelSU: Found new base.apk at path: /data/app/~~gJt5bZZY1z2Hj9WkTyYAJQ==/com.azure.authenticator-pZegVjSFENsCTklul_M2Jg==/base.apk, is_manager: 0
[   22.303431]  (6)[1:init]KernelSU: sha256: e4c15e30502f8da0e878e0fe73877403b8d99f8f761809507a6512ecfed84909
[   22.303435]  (6)[1:init]KernelSU: Found new base.apk at path: /data/app/~~q8-QS47ZX02SIwpULCfNqw==/com.taobao.idlefish-lqNNPXltcmLLlMOPJleejg==/base.apk, is_manager: 0
[   22.304271]  (6)[1:init]KernelSU: cert length overlimit
[   22.304275]  (6)[1:init]KernelSU: Found new base.apk at path: /data/app/~~31TqlXnQ7GKBfx7yg0FwFA==/com.microsoft.emmx-2RYfgPW5F4BIOfT6fSISFw==/base.apk, is_manager: 0
[   22.304997]  (6)[1:init]KernelSU: sha256: bc5142effd1f1b9f1cce3b37cc904fd3f348ea21b6aeb4179c050a1460ac704d
[   22.305002]  (6)[1:init]KernelSU: Found new base.apk at path: /data/app/~~skOEpWJbqBf_P2EDnXWXyw==/com.didjdk.adbhelper-4qXAzJVqBx39gjirLKkhsw==/base.apk, is_manager: 0
[   22.305351]  (6)[1:init]KernelSU: sha256: 7fd4117268d3b615e2c910fd64c46f5fcf6796d172f1b423872e25ba61971b4b
[   22.305355]  (6)[1:init]KernelSU: Found new base.apk at path: /data/app/~~W7tFZlU2agzlR0sXsMbyzA==/com.operit.edgeoaidfix-kx_4LJ6El_NNv0xmyCtdWQ==/base.apk, is_manager: 0
[   22.306016]  (7)[1:init]KernelSU: cert length overlimit
[   22.306021]  (7)[1:init]KernelSU: Found new base.apk at path: /data/app/~~_wFwURWS5zjpoJQ5dUFcag==/com.microsoft.rdc.androidx-xCuv7d_KU3JoMzcc3WDvZA==/base.apk, is_manager: 0
[   22.307007]  (6)[1:init]KernelSU: Found new base.apk at path: /data/app/~~xuWnHut0BKz_Srk4SK79Rg==/com.ss.android.ugc.aweme-xo4IXawci2pmyLgeuukneQ==/base.apk, is_manager: 0
[   22.307612]  (7)[1:init]KernelSU: sha256: 7e4eaa9b14140bc00ff764c45627d86f87259c95bf007467b0237823c220a26f
[   22.307616]  (7)[1:init]KernelSU: Found new base.apk at path: /data/app/~~B-J-omCS9_Y-tjKbdSt_Gw==/have.fun-vP4NnGGnH9sv_VtuffMk3w==/base.apk, is_manager: 0
[   22.309077]  (7)[1:init]KernelSU: sha256: 692f0450c877c1a4c1be2725f89d4c9c84cfefb484d1e85b3dfcfda2c876e30a
[   22.309082]  (7)[1:init]KernelSU: Found new base.apk at path: /data/app/~~UQU_NNCElaCi5MCLEmIBgw==/com.julanling.jobbunting-0udGhfmCm3m-2XF5kcPVRQ==/base.apk, is_manager: 0
[   22.309832]  (6)[1:init]KernelSU: cert length overlimit
[   22.309837]  (6)[1:init]KernelSU: Found new base.apk at path: /data/app/~~Q1Tf-pnp2kaBq3ncDkzltw==/com.miui.weather2-rp0xNs-xx3j7Rqgi_I5jWA==/base.apk, is_manager: 0
[   22.310499]  (6)[1:init]KernelSU: sha256: 1a2c440dab0be43b8f00a07f6abc9227a30df563dd8b42f161723de8183b0e8b
[   22.310503]  (6)[1:init]KernelSU: Found new base.apk at path: /data/app/~~UkkEDEW4OTsfItF2Ah9vMA==/com.mukapp.miweathertool-aNxWPn23kgc3QCGPf9RzYw==/base.apk, is_manager: 0
[   22.311243]  (6)[1:init]KernelSU: sha256: 0fe4ff85c215918396dadc7cd8ce6963339af33d37751a56e54c7206b63a3c7c
[   22.311246]  (6)[1:init]KernelSU: Found new base.apk at path: /data/app/~~rrh1bgnrpJ5dlBe2mXRoVA==/com.tencent.mm-gLQApokfeCguCGRg-SzzzQ==/base.apk, is_manager: 0
[   22.311763]  (6)[1:init]KernelSU: cert length overlimit
[   22.311767]  (6)[1:init]KernelSU: Found new base.apk at path: /data/app/~~YpxvVnSI028C4_V0jEdI5Q==/io.github.qauxv-b_YG6NirNS9JOtECd57Kyg==/base.apk, is_manager: 0
[   22.312463]  (6)[1:init]KernelSU: sha256: 83f9f14c3432915c85c833915fe5f2db6de31c4ceb3bc92e33d341a527dbacdc
[   22.312468]  (6)[1:init]KernelSU: Found new base.apk at path: /data/app/~~N_7N7wy0A-aRTJj16X7YgA==/com.cainiao.wireless-Njvay8MJ7x48lAFO5rXGTg==/base.apk, is_manager: 0
[   22.313182]  (6)[1:init]KernelSU: sha256: 0b66624117621bb9bc3e7d12a1fe5436794cf8999b0253d9ff9bec71e0932178
[   22.313187]  (6)[1:init]KernelSU: Found new base.apk at path: /data/app/~~tpTvsXArBZ0w38Bg3kO_1w==/com.beike.rentplat-vU-ODAgZ3gFALg5bwFaEaQ==/base.apk, is_manager: 0
[   22.313961]  (6)[1:init]KernelSU: sha256: 6a575c5f6df9139ee158dbef22f7329056b260754d3912a95902a3694b6e13f4
[   22.313965]  (6)[1:init]KernelSU: Found new base.apk at path: /data/app/~~EQxpaVnZHa0M8FtsZB27yA==/com.jee.calc-9DYvt7gdkuBJbDRAE54UGw==/base.apk, is_manager: 0
[   22.315261]  (6)[1:init]KernelSU: sha256: d75c1fa2b9ae867ce688a8adc6deac7cd6ba96f43a751fd10a200fa5974ac636
[   22.315404]  (6)[1:init]KernelSU: Found new base.apk at path: /data/app/~~HAw1fGinKPxokFUElUeusQ==/io.dcloud.H576E6CC7-A8MMqNQF9ZT1n5e2s_UIIw==/base.apk, is_manager: 0
[   22.316074]  (6)[1:init]KernelSU: sha256: 45b5ea26b2a8bf6efd79d5d9532ed8d1cbcbe80a2629dd39d889d1209b7cca2d
[   22.316217]  (6)[1:init]KernelSU: Found new base.apk at path: /data/app/~~SkenKzoVuMwIKw7683kG-A==/com.github.zly2006.zhplus.lite-zVLozUh7AMl6Bg76PEeOQw==/base.apk, is_manager: 0
[   22.316707]  (7)[1:init]KernelSU: sha256: a23b96780b5ac77b38c058ec16e13b4bcf39de044cd590a79f0dad2c1e73fd40
[   22.316712]  (7)[1:init]KernelSU: Found new base.apk at path: /data/app/~~xGvu1iQTo7vdcHKXXm_9Ew==/io.github.xalsace.qqbypass-Xw2tcFIGRLGZo7xw0N0esQ==/base.apk, is_manager: 0
[   22.317117]  (7)[1:init]KernelSU: sha256: 9e7c319e0c34f58c07c589abadd73d70dca0451aead9e8c382abbad764fb89e8
[   22.317122]  (7)[1:init]KernelSU: Found new base.apk at path: /data/app/~~WrOAifQE4qKnZaXIlB35ug==/io.github.twyora.douyinenhancer-1IzFpCv_b3HSn4-WCjzdQw==/base.apk, is_manager: 0
[   22.318137]  (7)[1:init]KernelSU: sha256: 02ae074095c0bc33dbd431355b565a171cb817a5d0152cd7920af0f75f022c2c
[   22.318141]  (7)[1:init]KernelSU: Found new base.apk at path: /data/app/~~AENgxJQ_nZJvAefoLwSdCg==/com.hpbr.bosszhipin-fvl4KKBt4AOdkefO3zv3iQ==/base.apk, is_manager: 0
[   22.318582]  (7)[1:init]KernelSU: sha256: 90005773d508a3049b39c5a1333316d1dab9e79cfe4ee718340976f417197528
[   22.318586]  (7)[1:init]KernelSU: Found new base.apk at path: /data/app/~~ByjftouSrnhx9z7cYXQb8A==/me.mapleaf.calendar-piMeRC6O0ppQr_54fc6oww==/base.apk, is_manager: 0
[   22.319729]  (7)[1:init]KernelSU: sha256: 6ae17c3c515e364b188a06268a005f13be7af68797dba341a5efa8532d25c69c
[   22.319733]  (7)[1:init]KernelSU: Found new base.apk at path: /data/app/~~NJcdOR6BujCvbVO_nT1CHw==/com.hpbr.directhires-dXhIXMSGJZ5ddGkbhahPLA==/base.apk, is_manager: 0
[   22.320747]  (7)[1:init]KernelSU: sha256: 5dff6b05761447a5bdf919ea88fc6fdf20d301e30b2315415c4d368ec0fbda45
[   22.320752]  (7)[1:init]KernelSU: Found new base.apk at path: /data/app/~~0LlYvOj4qZAHeBrbJrCqZQ==/com.valvesoftware.android.steam.community-27n1mgXyM3oUSeJ4CnZTxA==/base.apk, is_manager: 0
[   22.321116]  (7)[1:init]KernelSU: sha256: d3469712b6214462764a1d8d3e5cbe1d6819a0b629791b9f4101867821f1df64
[   22.323494]  (7)[1:init]KernelSU: Found new base.apk at path: /data/app/~~pvjLcAIM3Yi00py9dHTU9w==/com.resukisu.resukisu-Ch2gzKyZ7OMuce13Lv8rOQ==/base.apk, is_manager: 1
[   22.323497]  (7)[1:init]KernelSU: manager pkg: com.resukisu.resukisu
[   22.323506]  (7)[1:init]KernelSU: Crowning manager: com.resukisu.resukisu uid=10262, signature_index=0
[   22.323509]  (7)[1:init]KernelSU: Manager search finished
[   22.323512]  (7)[1:init]KernelSU: boot not completed, skip prune
[   22.323840]  (7)[1:init]KernelSU: allowlist version: 4
[   22.323844]  (7)[1:init]KernelSU: load_allow_uid, name: com.termux, uid: 10245, allow: 1
[   22.323848]  (7)[1:init]KernelSU: set root profile, key: com.termux, uid: 10245, gid: 0, context: u:r:ksu:s0
[   22.323850]  (7)[1:init]KernelSU: load_allow_uid, name: $, uid: 9999, allow: 0
[   22.323853]  (7)[1:init]KernelSU: set app profile, key: $, uid: 9999, umount modules: 1
[   22.323856]  (7)[1:init]KernelSU: load_allow_uid, name: com.byyoung.setting, uid: 10248, allow: 1
[   22.323859]  (7)[1:init]KernelSU: set root profile, key: com.byyoung.setting, uid: 10248, gid: 0, context: u:r:ksu:s0
[   22.323862]  (7)[1:init]KernelSU: load_allow_uid, name: com.ai.assistance.operit, uid: 10235, allow: 1
[   22.323864]  (7)[1:init]KernelSU: set root profile, key: com.ai.assistance.operit, uid: 10235, gid: 0, context: u:r:ksu:s0
[   22.323867]  (7)[1:init]KernelSU: load_allow_uid, name: bin.mt.plus, uid: 10243, allow: 1
[   22.323870]  (7)[1:init]KernelSU: set root profile, key: bin.mt.plus, uid: 10243, gid: 0, context: u:r:ksu:s0
[   22.323873]  (7)[1:init]KernelSU: load_allow_uid, name: vegabobo.dsusideloader, uid: 10238, allow: 1
[   22.323876]  (7)[1:init]KernelSU: set root profile, key: vegabobo.dsusideloader, uid: 10238, gid: 0, context: u:r:ksu:s0
[   22.323878]  (7)[1:init]KernelSU: load_allow_uid, name: com.google.android.webview, uid: 10228, allow: 0
[   22.323881]  (7)[1:init]KernelSU: set app profile, key: com.google.android.webview, uid: 10228, umount modules: 1
[   22.323883]  (7)[1:init]KernelSU: ksu_show_allow_list
[   22.323886]  (7)[1:init]KernelSU: uid :10245, allow: 1
[   22.323888]  (7)[1:init]KernelSU: uid :9999, allow: 0
[   22.323890]  (7)[1:init]KernelSU: uid :10248, allow: 1
[   22.323892]  (7)[1:init]KernelSU: uid :10235, allow: 1
[   22.323894]  (7)[1:init]KernelSU: uid :10243, allow: 1
[   22.323896]  (7)[1:init]KernelSU: uid :10238, allow: 1
[   22.323898]  (7)[1:init]KernelSU: uid :10228, allow: 0
[   22.324162]  (6)[1194:zn-daemon][I][1194:1194][zn-daemon64]:** init attached
[   22.324206]  (6)[1194:zn-daemon][I][1194:1194][zn-daemon64]:** loading payload ...
[   22.325693]  (6)[1194:zn-daemon][I][1194:1194][zn-daemon64]:libpayload base: 7f89f2d000
[   22.325744]  (6)[1194:zn-daemon][I][1194:1194][zn-daemon64]:** payload loaded
[   22.361810]  (0)[1199:zn-daemon][I][1199:1199][zn-daemon64]:** daemon launched
[   22.361821]  (6)[1194:zn-daemon]zn-daemon: 26 output lines suppressed due to ratelimiting
[   22.362084]  (6)[1199:zn-daemon][I][1199:1199][zn-daemon64]:** stop klog
[   22.404003]  (6)[292:mddp_rx]port ccci_0_200 read data fail when md_state = 0
[   22.792887]  (7)[1257:hybrid-mount]KernelSU: ksu fd installed: 5, name: [ksu_driver], for pid 1257
[   22.792894]  (7)[1257:hybrid-mount]KernelSU: [1257] install ksu fd: 5
[   22.853822]  (7)[1257:hybrid-mount]EXT4-fs (loop43): mounted filesystem with ordered data mode. Opts: 
[   22.853924]  (7)[1257:hybrid-mount]KernelSU: do_nuke_ext4_sysfs: /mnt/hm_5L38j8gGuX
[   23.008151]  (1)[113:kworker/1:1]last full = 0, full = 0
[   23.010254]  (1)[113:kworker/1:1]mt635x-auxadc mt635x-auxadc: name:BATADC, channel=0, adc_out=0x4b06, adc_result=3692
[   23.012257]  (1)[113:kworker/1:1]mt635x-auxadc mt635x-auxadc: name:BATADC, channel=0, adc_out=0x4afc, adc_result=3690
[   23.014230]  (1)[113:kworker/1:1]mt635x-auxadc mt635x-auxadc: name:BATADC, channel=0, adc_out=0x4b1c, adc_result=3696
[   23.045649]  (1)[113:kworker/1:1][OPLUS_CHG][oplus_chg_get_battery_data][Battery]oplus_chg_get_battery_data,				chip->soc[-1],retry_counts[4]
[   23.048156]  (1)[113:kworker/1:1][OPLUS_CHG][oplus_chg_print_log]CHGR[ 0 / 0 / 0 / 3 / 0 ], BAT[ 1 / 0 / 0 / 0 / 1 / 0 ], GAUGE[ 371 / 371 / 3682 / 3686 / 906 / -1 / 50 / 50 / 0 / 0 / 0 / 0 / 0 / 0 / 0 / 0 / 0 / 0 / 0 / 0 / 0 / 0 / 0 /], STATUS[ 0x0 / 0 / 0 / 0 / 0 / 0x0 ], OTHER[ 0 / 1 / 7 / 0 / 0/ 0 / -2740 ], VOOCPHY[ 0 / 0 / 0 / 0 / 0 / 0x0 / 0 ]
[   23.263990]  (6)[0:swapper/6][mtk_net][rtnl_lock]There is no process hold rtnl lock
[   23.266849]  (7)[1257:hybrid-mount]KernelSU: ksu fd released
[   23.272357]  (6)[1264:ksud]KernelSU: ksu fd installed: 5, name: [ksu_driver], for pid 1264
[   23.272364]  (6)[1264:ksud]KernelSU: [1264] install ksu fd: 5
[   23.272371]  (6)[1264:ksud]KernelSU: module mounted!
[   23.272373]  (6)[1264:ksud]KernelSU: on_module_mounted!
[   23.272678]  (6)[1264:ksud]KernelSU: ksu fd released
[   23.273486]  (7)[1182:ksud]KernelSU: volumedown_pressed_count: 0
[   23.277613]  (7)[1182:ksud]KernelSU: ksu fd released
[   23.277763]  (6)[1:init]init: Service 'exec 16 (/data/adb/ksud post-fs-data)' (pid 1182) exited with status 0 waiting took 1.353000 seconds
[   23.277775]  (6)[1:init]init: Sending signal 9 to service 'exec 16 (/data/adb/ksud post-fs-data)' (pid 1182) process group...
[   23.277911]  (6)[1:init]libprocessgroup: Removed cgroup /sys/fs/cgroup/uid_0/pid_1182
[   23.278323]  (6)[1:init]init: processing action (post-fs-data) from (/system/etc/init/hw/init.usb.rc:6)
[   23.278511]  (6)[1:init]init: Verified that /data/adb has the encryption policy d05f29513f24373eaa86c1125db9a4bb v2 modes 1/4 flags 0xa
[   23.278524]  (6)[1:init]init: processing action (post-fs-data) from (/vendor/etc/init/hw/init.mt6833.rc:222)
[   23.278737]  (6)[445:init]BOOTPROF:     23278.736055:INIT:post-fs-data
[   23.278853]  (6)[1:init]init: start_waiting_for_property("vendor.all.modules.ready", "1"): already set
[   23.278998]  (6)[445:init]BOOTPROF:     23278.997670:modprobe: Load_Module_DONE
[   23.309429]  (7)[1:init]init: processing action (post-fs-data) from (/vendor/etc/init/hw/init_connectivity.rc:3)
[   23.309928]  (7)[1:init]init: processing action (post-fs-data) from (/vendor/etc/init/hw/init.connectivity.common.rc:3)
[   23.311791]  (7)[1:init]init: processing action (post-fs-data) from (/vendor/etc/init/hw/init.project.rc:8)
[   23.314724]  (7)[445:init]BOOTPROF:     23314.722285:post-fs-data: on modem start
[   23.318440]  (7)[1266:init]KernelSU: mark no sucompat checks for pid: '1266', exec: '/system/bin/clean_scratch_files'
[   23.320878]  (6)[1267:init]KernelSU: mark no sucompat checks for pid: '1267', exec: '/system/bin/otapreopt_slot'
[   23.344228]  (6)[1270:init]KernelSU: mark no sucompat checks for pid: '1270', exec: '/system/bin/recovery-persist'
[   23.428005]  (6)[292:mddp_rx]port ccci_0_200 read data fail when md_state = 0
[   23.432716]  (7)[445:init]init: Top-level directory needs encryption action, eg mkdir /data/vendor_de <mode> <uid> <gid> encryption=Require
[   23.433188]  (7)[445:init]init: Top-level directory needs encryption action, eg mkdir /data/vendor_de <mode> <uid> <gid> encryption=Require
[   23.435554] -(7)[445:init]SELinux:  Context u:object_r:oppo_fingerprint_file:s0 is not valid (left unmapped).
[   23.436160] -(7)[445:init]SELinux:  Context u:object_r:silead_fpd_data_file:s0 is not valid (left unmapped).
[   23.436869]  (7)[445:init]init: Top-level directory needs encryption action, eg mkdir /data/vendor_de <mode> <uid> <gid> encryption=Require
[   23.440959]  (6)[1271:init]KernelSU: mark no sucompat checks for pid: '1271', exec: '/odm/bin/engineer_vendor_shell.sh'
[   23.537611]  (6)[1284:init]KernelSU: mark no sucompat checks for pid: '1284', exec: '/apex/com.android.tethering/bin/netbpfload'
[   23.549440]  (6)[1284:netbpfload]NetBpfLoad: NetBpfLoad '/apex/com.android.tethering/bin/netbpfload' starting...
[   23.549502]  (6)[1284:netbpfload]NetBpfLoad: /system/etc/init/netbpfload.rc exists.
[   23.549512]  (6)[1284:netbpfload]NetBpfLoad: NetBpfLoad api:10000/34 kver:40e00ba platform:0 mainline:1 rc:01
[   23.549884]  (6)[1284:netbpfload]NetBpfLoad: Found Tethering Apex mounted from blockdev /dev/block/dm-22
[   23.550112]  (6)[1284:netbpfload]NetBpfLoad: Tethering APEX version 350090000
[   23.550203]  (6)[1284:netbpfload]NetBpfLoad: write('/proc/sys/kernel/unprivileged_bpf_disabled', '0
[   23.550207]  (6)[1284:netbpfload]NetBpfLoad: ', 2) -> Invalid argument
[   23.550915]  (6)[1284:netbpfload]NetBpfLoader: Loading optional ELF object /apex/com.android.tethering/etc/bpf/test.o with license Apache 2.0
[   23.550937]  (6)[1284:netbpfload]NetBpfLoader: Section bpfloader_min_ver value is 2 [0x2]
[   23.550955]  (6)[1284:netbpfload]NetBpfLoader: Section bpfloader_max_ver value is 25 [0x19]
[   23.573079]  (7)[1284:bpfloader]bpfloader: 221 output lines suppressed due to ratelimiting
[   23.578657]  (7)[1284:bpfloader]LibBpfLoader: Loading critical for BPF Ringbuf test ELF object /system/etc/bpf/bpfRingbufProg.o with license Apache 2.0
[   23.578682]  (7)[1284:bpfloader]LibBpfLoader: Section bpfloader_min_ver value is 37 [0x25]
[   23.578700]  (7)[1284:bpfloader]LibBpfLoader: Section bpfloader_max_ver value is 65536 [0x10000]
[   23.578716]  (7)[1284:bpfloader]LibBpfLoader: Couldn't find section bpfloader_min_required_ver (defaulting to 0 [0x0]).
[   23.578733]  (7)[1284:bpfloader]LibBpfLoader: Section size_of_bpf_map_def value is 120 [0x78]
[   23.578750]  (7)[1284:bpfloader]LibBpfLoader: Section size_of_bpf_prog_def value is 92 [0x5c]
[   23.578754]  (7)[1284:bpfloader]LibBpfLoader: BpfLoader version 0x00029 processing ELF object /system/etc/bpf/bpfRingbufProg.o with ver [0x00025,0x10000)
[   23.578888]  (7)[1284:bpfloader]LibBpfLoader: Loaded code section 3 (skfilter_ringbuf_test)
[   23.578952]  (7)[1284:bpfloader]LibBpfLoader: Loaded relo section 3 (.relskfilter/ringbuf_test)
[   23.578959]  (7)[1284:bpfloader]LibBpfLoader: Adding section 3 to cs list
[   23.587855]  (6)[1284:bpfloader]bpfloader: 138 output lines suppressed due to ratelimiting
[   23.590973]  (6)[1285:init]KernelSU: mark no sucompat checks for pid: '1285', exec: '/system/bin/update_verifier'
[   23.603785]  (0)[1286:init]KernelSU: mark no sucompat checks for pid: '1286', exec: '/apex/com.android.os.statsd/bin/statsd'
[   23.606580]  (6)[1287:init]KernelSU: mark no sucompat checks for pid: '1287', exec: '/system/bin/netd'
[   23.612806]  (6)[445:init]BOOTPROF:     23612.804132:INIT:zygote-start
[   23.613293]  (6)[445:init]BOOTPROF:     23613.291132:INIT:early-boot
[   23.624965]  (2)[1288:init]KernelSU: exec zygote, /data prepared, second_stage: 1
[   23.624981]  (2)[1288:init]KernelSU: on_post_fs_data already done
[   23.631631]  (7)[1293:init]KernelSU: mark no sucompat checks for pid: '1293', exec: '/system/bin/phh-on-data.sh'
[   23.639837]  (0)[1286:statsd]binder: 1286:1286 ioctl 40046210 7fc5ac1814 returned -22
[   23.641256]  (0)[1286:binder:1286_2]binder: context.name[binder] tr.size:124 service:stats
[   23.643207]  (6)[532:servicemanager]SELinux: SELinux: Loaded service context from:
[   23.643255]  (6)[532:servicemanager]SELinux: 		/system/etc/selinux/plat_service_contexts
[   23.643266]  (6)[532:servicemanager]SELinux: 		/system_ext/etc/selinux/system_ext_service_contexts
[   23.643275]  (6)[532:servicemanager]SELinux: 		/vendor/etc/selinux/vendor_service_contexts
[   23.699935]  (1)[1308:init]KernelSU: mark no sucompat checks for pid: '1308', exec: '/system/bin/hw/android.hardware.bluetooth.audio-service-system'
[   23.705555]  (7)[1309:init]KernelSU: mark no sucompat checks for pid: '1309', exec: '/system/system_ext/bin/hw/android.hidl.allocator@1.0-service'
[   23.708331]  (6)[1310:init]KernelSU: mark no sucompat checks for pid: '1310', exec: '/vendor/bin/hw/android.hardware.audio.service.mediatek'
[   23.713268]  (7)[1311:init]KernelSU: mark no sucompat checks for pid: '1311', exec: '/vendor/bin/hw/android.hardware.bluetooth@1.1-service-mediatek'
[   23.719505]  (7)[1312:init]KernelSU: mark no sucompat checks for pid: '1312', exec: '/vendor/bin/hw/android.hardware.drm@1.4-service.clearkey'
[   23.719566]  (7)[1313:init]KernelSU: mark no sucompat checks for pid: '1313', exec: '/vendor/bin/hw/android.hardware.drm@1.4-service.widevine'
[   23.723807]  (3)[1315:init]KernelSU: mark no sucompat checks for pid: '1315', exec: '/vendor/bin/hw/android.hardware.gatekeeper@1.0-service'
[   23.726265]  (7)[1309:android.hidl.al]binder: 1309:1309 ioctl 40046210 7ffc7ec644 returned -22
[   23.727472]  (1)[1309:android.hidl.al]binder: context.name[hwbinder] tr.size:308 service:hwbinderService
[   23.729437]  (1)[1316:init]KernelSU: mark no sucompat checks for pid: '1316', exec: '/vendor/bin/hw/android.hardware.gnss-service.mediatek'
[   23.733823]  (7)[1317:init]KernelSU: mark no sucompat checks for pid: '1317', exec: '/vendor/bin/hw/android.hardware.graphics.allocator@4.0-service-mediatek'
[   23.739343]  (2)[1318:init]KernelSU: mark no sucompat checks for pid: '1318', exec: '/vendor/bin/hw/android.hardware.graphics.composer@2.1-service'
[   23.743165]  (1)[1319:init]KernelSU: mark no sucompat checks for pid: '1319', exec: '/vendor/bin/hw/android.hardware.health@2.1-service'
[   23.745876]  (6)[1320:init]KernelSU: mark no sucompat checks for pid: '1320', exec: '/vendor/bin/hw/android.hardware.media.c2@1.2-mediatek'
[   23.746900]  (7)[1315:android.hardwar]binder: 1315:1315 ioctl 40046210 7fe9de3684 returned -22
[   23.750976]  (7)[1321:init]KernelSU: mark no sucompat checks for pid: '1321', exec: '/vendor/bin/hw/android.hardware.memtrack@1.0-service'
[   23.753273]  (1)[1322:init]KernelSU: mark no sucompat checks for pid: '1322', exec: '/vendor/bin/hw/android.hardware.secure_element@1.2-service-mediatek'
[   23.758022]  (1)[1323:init]KernelSU: mark no sucompat checks for pid: '1323', exec: '/vendor/bin/hw/android.hardware.sensors@2.0-service.multihal-mediatek'
[   23.758311]  (6)[1311:android.hardwar]binder: 1311:1311 ioctl 40046210 7fdd918924 returned -22
[   23.760402]  (6)[1324:init]KernelSU: mark no sucompat checks for pid: '1324', exec: '/vendor/bin/hw/android.hardware.thermal@2.0-service.mtk'
[   23.763349]  (0)[1325:init]KernelSU: mark no sucompat checks for pid: '1325', exec: '/vendor/bin/hw/android.hardware.usb@1.2-service-mediatekv2'
[   23.775079]  (1)[1326:init]KernelSU: mark no sucompat checks for pid: '1326', exec: '/vendor/bin/hw/vtservice_hidl'
[   23.783175]  (6)[1311:android.hardwar]binder: context.name[hwbinder] tr.size:348 service:hwbinderService
[   23.788476]  (2)[1330:init]KernelSU: mark no sucompat checks for pid: '1330', exec: '/vendor/bin/lbs_hidl_service'
[   23.797385]  (6)[1324:android.hardwar]binder: 1324:1324 ioctl 40046210 7fe0a5d4a4 returned -22
[   23.798113]  (7)[1317:android.hardwar]binder: 1317:1317 ioctl 40046210 7fe44e40c4 returned -22
[   23.799961]  (7)[1319:android.hardwar]binder: 1319:1319 ioctl 40046210 7ffa9a6ce4 returned -22
[   23.800955]  (6)[1332:init]KernelSU: mark no sucompat checks for pid: '1332', exec: '/vendor/bin/hw/android.hardware.lights-service.mediatek'
[   23.803513]  (6)[1333:init]KernelSU: mark no sucompat checks for pid: '1333', exec: '/vendor/bin/hw/vendor.mediatek.hardware.mtkpower@1.0-service'
[   23.804478]  (6)[1324:android.hardwar]binder: context.name[hwbinder] tr.size:348 service:hwbinderService
[   23.807111]  (3)[1321:android.hardwar]binder: 1321:1321 ioctl 40046210 7fd6424b24 returned -22
[   23.812703]  (6)[1319:android.hardwar]healthd: BatteryCycleCountPath not found
[   23.816421]  (5)[1321:android.hardwar]binder: context.name[hwbinder] tr.size:308 service:hwbinderService
[   23.818800]  (7)[1325:android.hardwar]binder: 1325:1325 ioctl 40046210 7ff9d4ee94 returned -22
[   23.819220]  (6)[1319:android.hardwar]binder: context.name[hwbinder] tr.size:348 service:hwbinderService
[   23.819900]  (6)[1335:init]KernelSU: mark no sucompat checks for pid: '1335', exec: '/vendor/bin/hw/vendor.mediatek.hardware.nvram@1.1-service'
[   23.820397] -(6)[1319:health@2.1-serv]alarmtimer_enqueue, 83816417232
[   23.821268]  (6)[1319:health@2.1-serv]healthd: battery l=50 v=3 t=37.1 h=2 st=4 c=1195 fc=0 chg=
[   23.821899] -(6)[1319:health@2.1-serv]alarmtimer_enqueue, 623817918078
[   23.825360]  (0)[1326:vtservice_hidl]binder: 1326:1326 ioctl 40046210 7ffd5037c4 returned -22
[   23.831301]  (6)[1316:android.hardwar]binder: 1316:1316 ioctl 40046210 7fe11db5e4 returned -22
[   23.834676]  (7)[1332:android.hardwar]binder: 1332:1332 ioctl 40046210 7fd5785014 returned -22
[   23.834843]  (7)[1336:init]KernelSU: mark no sucompat checks for pid: '1336', exec: '/vendor/bin/hw/vendor.mediatek.hardware.nwk_opt@1.0-service'
[   23.836393]  (2)[1326:vtservice_hidl]binder: context.name[hwbinder] tr.size:308 service:hwbinderService
[   23.838002]  (6)[1330:lbs_hidl_servic]binder: 1330:1330 ioctl 40046210 7ff17e1d34 returned -22
[   23.839730]  (7)[1332:android.hardwar]binder: context.name[binder] tr.size:192 service:android.hardware.light.ILights/
[   23.840682]  (5)[532:servicemanager]servicemanager: getDeviceHalManifest: Reloading VINTF information.
[   23.841039]  (6)[1312:android.hardwar]binder: 1312:1312 ioctl 40046210 7ff50a5714 returned -22
[   23.841072]  (5)[532:servicemanager]servicemanager: getDeviceHalManifest: Reading VINTF information.
[   23.841779]  (6)[1325:android.hardwar]binder: context.name[hwbinder] tr.size:428 service:hwbinderService
[   23.842085]  (1)[1313:android.hardwar]binder: 1313:1313 ioctl 40046210 7fddd172e4 returned -22
[   23.842260]  (3)[1339:init]KernelSU: mark no sucompat checks for pid: '1339', exec: '/vendor/bin/hw/vendor.trustonic.tee@1.1-service'
[   23.843134]  (6)[1312:android.hardwar]binder: context.name[hwbinder] tr.size:468 service:hwbinderService
[   23.843837]  (3)[1313:android.hardwar]binder: context.name[hwbinder] tr.size:468 service:hwbinderService
[   23.844386]  (4)[1318:android.hardwar]binder: 1318:1318 ioctl 40046210 7fcef1a134 returned -22
[   23.844483]  (3)[1325:usb@1.2-service]binder: context.name[hwbinder] tr.size:348 service:hwbinderService
[   23.844786]  (6)[1312:drm@1.4-service]binder: context.name[hwbinder] tr.size:468 service:hwbinderService
[   23.845313]  (4)[1318:android.hardwar]binder: 1318:1318 ioctl 40046210 7fcef1a114 returned -22
[   23.845913]  (6)[1330:lbs_hidl_servic]binder: context.name[hwbinder] tr.size:308 service:hwbinderService
[   23.848147]  (0)[1308:android.hardwar]binder: 1308:1308 ioctl 40046210 7fd76582e4 returned -22
[   23.848305]  (0)[1308:android.hardwar]binder: 1308:1308 ioctl 40046210 7fd76582d4 returned -22
[   23.848780]  (4)[1313:drm@1.4-service]binder: context.name[hwbinder] tr.size:468 service:hwbinderService
[   23.849053]  (7)[1330:lbs_hidl_servic]binder: context.name[hwbinder] tr.size:308 service:hwbinderService
[   23.850191]  (2)[1330:lbs_hidl_servic]binder: context.name[hwbinder] tr.size:308 service:hwbinderService
[   23.850459]  (7)[1352:init]KernelSU: mark no sucompat checks for pid: '1352', exec: '/vendor/bin/hw/android.hardware.vibrator-service.mediatek'
[   23.850924]  (4)[1330:lbs_hidl_servic]binder: context.name[hwbinder] tr.size:308 service:hwbinderService
[   23.851044]  (1)[1323:android.hardwar]binder: 1323:1323 ioctl 40046210 7fc651a454 returned -22
[   23.851617]  (4)[1330:lbs_hidl_servic]binder: context.name[hwbinder] tr.size:308 service:hwbinderService
[   23.852410]  (4)[1330:lbs_hidl_servic]binder: context.name[hwbinder] tr.size:308 service:hwbinderService
[   23.852959]  (4)[1330:lbs_hidl_servic]binder: context.name[hwbinder] tr.size:308 service:hwbinderService
[   23.853441]  (4)[1330:lbs_hidl_servic]binder: context.name[hwbinder] tr.size:308 service:hwbinderService
[   23.853929]  (4)[1330:lbs_hidl_servic]binder: context.name[hwbinder] tr.size:308 service:hwbinderService
[   23.854409]  (4)[1330:lbs_hidl_servic]binder: context.name[hwbinder] tr.size:308 service:hwbinderService
[   23.854471]  (6)[532:servicemanager]servicemanager: Loaded APEX Infos from /apex/apex-info-list.xml
[   23.854486]  (6)[532:servicemanager]servicemanager: getDeviceHalManifest: Successfully processed VINTF information
[   23.854504]  (6)[532:servicemanager]servicemanager: Found android.hardware.light.ILights/default in device VINTF manifest.
[   23.854858]  (6)[1308:android.hardwar]binder: context.name[binder] tr.size:256 service:android.hardware.bluetooth.audi
[   23.854933]  (4)[1330:lbs_hidl_servic]binder: context.name[hwbinder] tr.size:308 service:hwbinderService
[   23.854998]  (3)[1316:binder:1316_2]binder: context.name[binder] tr.size:184 service:android.hardware.gnss.IGnss/def
[   23.855019]  (6)[532:servicemanager]servicemanager: Found android.hardware.bluetooth.audio.IBluetoothAudioProviderFactory/sysbta in framework VINTF manifest.
[   23.855426]  (6)[1316:binder:1316_2]binder: 1316:1316 ioctl 40046210 7fe11db624 returned -22
[   23.855496]  (4)[1330:lbs_hidl_servic]binder: context.name[hwbinder] tr.size:308 service:hwbinderService
[   23.856073]  (4)[1330:lbs_hidl_servic]binder: context.name[hwbinder] tr.size:308 service:hwbinderService
[   23.856717]  (6)[1330:lbs_hidl_servic]binder: context.name[hwbinder] tr.size:308 service:hwbinderService
[   23.857082]  (6)[1330:lbs_hidl_servic]binder: context.name[hwbinder] tr.size:308 service:hwbinderService
[   23.857224]  (7)[1317:android.hardwar]binder: context.name[hwbinder] tr.size:308 service:hwbinderService
[   23.857560]  (6)[1330:lbs_hidl_servic]binder: context.name[hwbinder] tr.size:308 service:hwbinderService
[   23.857889]  (6)[1330:lbs_hidl_servic]binder: context.name[hwbinder] tr.size:308 service:hwbinderService
[   23.858177]  (6)[1330:lbs_hidl_servic]binder: context.name[hwbinder] tr.size:308 service:hwbinderService
[   23.858444]  (6)[1330:lbs_hidl_servic]binder: context.name[hwbinder] tr.size:308 service:hwbinderService
[   23.858699]  (6)[1330:lbs_hidl_servic]binder: context.name[hwbinder] tr.size:308 service:hwbinderService
[   23.871074]  (7)[1336:vendor.mediatek]binder: 1336:1336 ioctl 40046210 7fea6293d4 returned -22
[   23.873379]  (4)[1336:vendor.mediatek]binder: context.name[hwbinder] tr.size:308 service:hwbinderService
[   23.873764]  (1)[1316:binder:1316_2]binder: context.name[hwbinder] tr.size:428 service:hwbinderService
[   23.878589]  (6)[1361:init]KernelSU: mark no sucompat checks for pid: '1361', exec: '/odm/bin/hw/vendor.oplus.hardware.cammidasservice@1.0-service'
[   23.888315]  (1)[1362:init]KernelSU: mark no sucompat checks for pid: '1362', exec: '/odm/bin/hw/vendor.oplus.hardware.charger@1.0-service'
[   23.890764]  (4)[1335:vendor.mediatek]binder: 1335:1335 ioctl 40046210 7feaacccd4 returned -22
[   23.897443]  (6)[1322:android.hardwar]binder: 1322:1322 ioctl 40046210 7fdfe365a4 returned -22
[   23.900172]  (5)[1335:vendor.mediatek]binder: context.name[hwbinder] tr.size:348 service:hwbinderService
[   23.900680]  (6)[1363:init]KernelSU: mark no sucompat checks for pid: '1363', exec: '/odm/bin/hw/vendor.oplus.hardware.cryptoeng@1.0-service'
[   23.902004]  (6)[1322:android.hardwar]binder: context.name[hwbinder] tr.size:388 service:hwbinderService
[   23.902355]  (6)[1365:mtkPowerAIDL]binder: 1333:1365 ioctl 40046210 72b4bfba14 returned -22
[   23.902696]  (6)[1352:android.hardwar]binder: 1352:1352 ioctl 40046210 7fe4ecf004 returned -22
[   23.902713]  (7)[1364:mtkPowerService]binder: 1333:1364 ioctl 40046210 7335540ab4 returned -22
[   23.903451]  (7)[1352:android.hardwar]binder: context.name[binder] tr.size:200 service:android.hardware.vibrator.IVibr
[   23.904687]  (6)[1352:android.hardwar]binder: context.name[binder] tr.size:216 service:android.hardware.vibrator.IVibr
[   23.905056]  (3)[1323:android.hardwar][mtk_nanohub]mtk_nanohub_config [1]
[   23.905358]  (6)[1322:secure_element@]binder: context.name[hwbinder] tr.size:388 service:hwbinderService
[   23.907023]  (2)[1339:vendor.trustoni]binder: 1339:1339 ioctl 40046210 7fc9fd8ce4 returned -22
[   23.907116]  (6)[1308:android.hardwar]binder: context.name[hwbinder] tr.size:308 service:hwbinderService
[   23.908956]  (2)[1323:android.hardwar][mtk_nanohub]mtk_nanohub_config [4]
[   23.909116]  (7)[1369:init]KernelSU: mark no sucompat checks for pid: '1369', exec: '/odm/bin/hw/vendor.oplus.hardware.displaypanelfeature@1.0-service'
[   23.909688]  (3)[1361:vendor.oplus.ha]binder: 1361:1361 ioctl 40046210 7fde652334 returned -22
[   23.910775]  (6)[1339:vendor.trustoni]binder: context.name[hwbinder] tr.size:348 service:hwbinderService
[   23.912375]  (5)[1361:vendor.oplus.ha]binder: context.name[hwbinder] tr.size:308 service:hwbinderService
[   23.913085]  (7)[1371:init]KernelSU: mark no sucompat checks for pid: '1371', exec: '/odm/bin/hw/vendor.oplus.hardware.gameopt@1.0-service'
[   23.913440]  (6)[1339:tee@1.1-service]binder: context.name[hwbinder] tr.size:308 service:hwbinderService
[   23.914696]  (2)[1323:android.hardwar][mtk_nanohub]mtk_nanohub_config [2]
[   23.917497]  (3)[1323:android.hardwar][sensor_devinfo] sensor_feature_read_func 1398 : Ptr2UINT32(p) = 3 
[   23.917729]  (3)[1323:android.hardwar][sensor_devinfo] sensor_feature_read_func 1398 : Ptr2UINT32(p) = 3 
[   23.920580]  (7)[1374:init]KernelSU: mark no sucompat checks for pid: '1374', exec: '/odm/bin/hw/vendor.oplus.hardware.misc@1.0-service'
[   23.924131]  (6)[1377:init]KernelSU: mark no sucompat checks for pid: '1377', exec: '/odm/bin/hw/vendor.oplus.hardware.oplusSensor@1.0-service'
[   23.927702]  (5)[1379:init]KernelSU: mark no sucompat checks for pid: '1379', exec: '/odm/bin/hw/vendor.oplus.hardware.orms.ormsHalService@1.0-service'
[   23.929644]  (7)[1362:vendor.oplus.ha]binder: 1362:1362 ioctl 40046210 7fc07d64a4 returned -22
[   23.931344]  (4)[1362:vendor.oplus.ha]binder: context.name[hwbinder] tr.size:308 service:hwbinderService
[   23.931831]  (6)[1380:init]KernelSU: mark no sucompat checks for pid: '1380', exec: '/odm/bin/hw/vendor.oplus.hardware.performance@1.0-service'
[   23.938377]  (1)[1308:android.hardwar]binder: context.name[hwbinder] tr.size:308 service:hwbinderService
[   23.938422]  (7)[1377:vendor.oplus.ha]binder: 1377:1377 ioctl 40046210 7fd47159a4 returned -22
[   23.938976]  (7)[1377:vendor.oplus.ha][sensor_devinfo] sensor_feature_read_func 1398 : Ptr2UINT32(p) = 3 
[   23.939050]  (7)[1377:vendor.oplus.ha][sensor_devinfo] sensor_feature_read_func 1398 : Ptr2UINT32(p) = 3 
[   23.939174]  (6)[1369:vendor.oplus.ha]binder: 1369:1369 ioctl 40046210 7ffdcb60e4 returned -22
[   23.939181]  (7)[1377:vendor.oplus.ha][sensor_devinfo] als_cali_read_func 819 : Ptr2UINT32(p) = 6 
[   23.939271]  (7)[1377:vendor.oplus.ha][sensor_devinfo] als_cali_write 864 : node1 = 1,val = 0
[   23.939308]  (7)[1377:vendor.oplus.ha][sensor_devinfo] als_cali_write 864 : node1 = 2,val = 0
[   23.939340]  (7)[1377:vendor.oplus.ha][sensor_devinfo] als_cali_write 864 : node1 = 3,val = 0
[   23.939372]  (7)[1377:vendor.oplus.ha][sensor_devinfo] als_cali_write 864 : node1 = 4,val = 0
[   23.939402]  (7)[1377:vendor.oplus.ha][sensor_devinfo] als_cali_write 864 : node1 = 5,val = 1082
[   23.939439]  (6)[1369:vendor.oplus.ha]binder: 1369:1369 ioctl 40046210 7ffdcb60c4 returned -22
[   23.950511]  (2)[1385:init]KernelSU: mark no sucompat checks for pid: '1385', exec: '/odm/bin/hw/vendor.oplus.hardware.stability.oplus_project@1.0-service'
[   23.952438]  (2)[1369:vendor.oplus.ha]binder: context.name[vndbinder] tr.size:136 service:dp.service
[   23.953320]  (7)[1310:android.hardwar]binder: 1310:1310 ioctl 40046210 ff9551f8 returned -22
[   23.953581]  (7)[1310:android.hardwar]binder: 1310:1310 ioctl 40046210 ff9551e0 returned -22
[   23.954036]  (7)[1377:vendor.oplus.ha]binder: context.name[hwbinder] tr.size:308 service:hwbinderService
[   23.956813]  (7)[1384:init]KernelSU: mark no sucompat checks for pid: '1384', exec: '/odm/bin/hw/vendor.oplus.hardware.rpmh@2.0-service'
[   23.957501]  (3)[1371:vendor.oplus.ha]binder: 1371:1371 ioctl 40046210 7fce12bb24 returned -22
[   23.958823]  (0)[1323:android.hardwar]binder: context.name[hwbinder] tr.size:308 service:hwbinderService
[   23.958961]  (6)[1374:vendor.oplus.ha]binder: 1374:1374 ioctl 40046210 7ffdc48284 returned -22
[   23.959649]  (1)[1371:vendor.oplus.ha]binder: context.name[hwbinder] tr.size:308 service:hwbinderService
[   23.959944]  (0)[1369:vendor.oplus.ha]binder: context.name[hwbinder] tr.size:308 service:hwbinderService
[   23.960282]  (1)[1374:vendor.oplus.ha]binder: context.name[hwbinder] tr.size:308 service:hwbinderService
[   23.962672]  (7)[1387:init]KernelSU: mark no sucompat checks for pid: '1387', exec: '/odm/bin/hw/vendor.oplus.hardware.touch@1.0-service'
[   23.965813]  (7)[1398:init]KernelSU: mark no sucompat checks for pid: '1398', exec: '/odm/bin/hw/vendor.oplus.hardware.wifi@1.1-service'
[   23.970868]  (1)[1379:vendor.oplus.ha]binder: 1379:1379 ioctl 40046210 7fcad831f4 returned -22
[   23.972575]  (1)[1379:vendor.oplus.ha]binder: context.name[hwbinder] tr.size:308 service:hwbinderService
[   23.973112]  (3)[1318:android.hardwar]mtk_dsi_connector_get_modes, 3392, htotal_low:771, mcount:2
[   23.974969]  (7)[1384:vendor.oplus.ha]binder: 1384:1384 ioctl 40046210 7fe49e2864 returned -22
[   23.975764]  (1)[1384:vendor.oplus.ha]binder: context.name[hwbinder] tr.size:308 service:hwbinderService
[   23.976277]  (7)[212:tee_log]Trustonic TEE: 104(5)|MSH ASLR 601, UUID=09080000-0000-0000-0000-000000000000, code offset 0x000A3000, mclib offset 0x07f46000
[   23.977214]  (6)[1380:vendor.oplus.ha]binder: 1380:1380 ioctl 40046210 7ffb4d3b34 returned -22
[   23.978351]  (0)[212:tee_log]Trustonic TEE: 601(7)|[crypto_eng] tlMain(): main... Oct 13 202214:29:54
[   23.978411]  (4)[1380:vendor.oplus.ha]binder: context.name[hwbinder] tr.size:308 service:hwbinderService
[   23.978901]  (5)[1363:vendor.oplus.ha]binder: 1363:1363 ioctl 40046210 7fdf8d28c4 returned -22
[   23.980512]  (4)[1363:vendor.oplus.ha]binder: context.name[hwbinder] tr.size:308 service:hwbinderService
[   23.986950]  (4)[1402:init]Task-Turbo: task_turbo_feats is change to 0 successfully
[   23.988270]  (4)[1402:init]KernelSU: mark no sucompat checks for pid: '1402', exec: '/system/bin/audioserver'
[   23.989188]  (6)[1407:init]KernelSU: mark no sucompat checks for pid: '1407', exec: '/system/bin/credstore'
[   23.990653]  (7)[1385:vendor.oplus.ha]binder: 1385:1385 ioctl 40046210 7fdd2bf084 returned -22
[   23.991701]  (6)[1399:init]KernelSU: mark no sucompat checks for pid: '1399', exec: '/vendor/bin/fuelgauged'
[   23.991878]  (6)[1385:vendor.oplus.ha]binder: context.name[hwbinder] tr.size:308 service:hwbinderService
[   23.996498]  (1)[1387:vendor.oplus.ha]binder: 1387:1387 ioctl 40046210 7fd65173f4 returned -22
[   23.998291]  (1)[1387:vendor.oplus.ha]binder: context.name[hwbinder] tr.size:308 service:hwbinderService
[   23.998312]  (0)[1318:android.hardwar]binder: context.name[hwbinder] tr.size:308 service:hwbinderService
[   23.999569]  (1)[1308:android.hardwar]binder: context.name[hwbinder] tr.size:308 service:hwbinderService
[   24.001099]  (0)[1318:android.hardwar]binder: context.name[hwbinder] tr.size:308 service:hwbinderService
[   24.001165]  (0)[1310:android.hardwar]binder: context.name[hwbinder] tr.size:308 service:hwbinderService
[   24.004984]  (1)[1310:audio.service.m]binder: context.name[hwbinder] tr.size:308 service:hwbinderService
[   24.005364]  (7)[1408:init]KernelSU: mark no sucompat checks for pid: '1408', exec: '/system/bin/gpuservice'
[   24.009756]  (6)[1399:fuelgauged][fr] FG_DAEMON_CMD_SET_DAEMON_PID = 1399(first launch)
[   24.009792]  (2)[1398:vendor.oplus.ha]binder: 1398:1398 ioctl 40046210 7fe5697244 returned -22
[   24.009796]  (6)[1399:fuelgauged][fr] data len:764 custom data length = 0
[   24.009808]  (6)[1399:fuelgauged]fg_daemon_get_data type:0, tsize:39020 size:2048 idx:0
[   24.009816]  (6)[1399:fuelgauged]fg_daemon_get_data type:0, tsize:39020 size:2048 idx:2048
[   24.009822]  (6)[1399:fuelgauged]fg_daemon_get_data type:0, tsize:39020 size:2048 idx:4096
[   24.009829]  (6)[1399:fuelgauged]fg_daemon_get_data type:0, tsize:39020 size:2048 idx:6144
[   24.009835]  (6)[1399:fuelgauged]fg_daemon_get_data type:0, tsize:39020 size:2048 idx:8192
[   24.009841]  (6)[1399:fuelgauged]fg_daemon_get_data type:0, tsize:39020 size:2048 idx:10240
[   24.009848]  (6)[1399:fuelgauged]fg_daemon_get_data type:0, tsize:39020 size:2048 idx:12288
[   24.009854]  (6)[1399:fuelgauged]fg_daemon_get_data type:0, tsize:39020 size:2048 idx:14336
[   24.009860]  (6)[1399:fuelgauged]fg_daemon_get_data type:0, tsize:39020 size:2048 idx:16384
[   24.009866]  (6)[1399:fuelgauged]fg_daemon_get_data type:0, tsize:39020 size:2048 idx:18432
[   24.009872]  (6)[1399:fuelgauged]fg_daemon_get_data type:0, tsize:39020 size:2048 idx:20480
[   24.009892]  (6)[1399:fuelgauged]fg_daemon_get_data type:0, tsize:39020 size:2048 idx:22528
[   24.009898]  (6)[1399:fuelgauged]fg_daemon_get_data type:0, tsize:39020 size:2048 idx:24576
[   24.009904]  (6)[1399:fuelgauged]fg_daemon_get_data type:0, tsize:39020 size:2048 idx:26624
[   24.009910]  (6)[1399:fuelgauged]fg_daemon_get_data type:0, tsize:39020 size:2048 idx:28672
[   24.009916]  (6)[1399:fuelgauged]fg_daemon_get_data type:0, tsize:39020 size:2048 idx:30720
[   24.009922]  (6)[1399:fuelgauged]fg_daemon_get_data type:0, tsize:39020 size:2048 idx:32768
[   24.009928]  (6)[1399:fuelgauged]fg_daemon_get_data type:0, tsize:39020 size:2048 idx:34816
[   24.009934]  (6)[1399:fuelgauged]fg_daemon_get_data type:0, tsize:39020 size:2048 idx:36864
[   24.009940]  (6)[1399:fuelgauged]fg_daemon_get_data type:0, tsize:39020 size:108 idx:38912
[   24.009954]  (6)[1399:fuelgauged]MTK_BH: GM3 Version Check OK, cmds:-291616215 88 table:88 764 kcmds:764 16 get:16 12,set:12 1016
[   24.009962]  (6)[1399:fuelgauged]MTK_BH: GM3 Version Check OK, cmds:-291616215 88 table:88 764 kcmds:764 16 get:16 12,set:12 1016
[   24.011643]  (6)[1399:fuelgauged]mt635x-auxadc mt635x-auxadc: name:VBIF, channel=11, adc_out=0xa08, adc_result=2821
[   24.015016]  (0)[1398:vendor.oplus.ha]binder: context.name[hwbinder] tr.size:308 service:hwbinderService
[   24.016900]  (7)[1407:credstore]binder: 1407:1407 ioctl 40046210 7fd6d9d324 returned -22
[   24.018142]  (0)[1287:netd]binder: 1287:1287 ioctl 40046210 7ffb50cd94 returned -22
[   24.018639]  (3)[1287:netd]binder: context.name[binder] tr.size:136 service:dnsresolver
[   24.019543]  (1)[1287:binder:1287_2]binder: context.name[binder] tr.size:124 service:netd
[   24.020167]  (1)[1287:binder:1287_3]binder: context.name[binder] tr.size:124 service:mdns
[   24.020225]  (7)[1407:credstore]binder: context.name[binder] tr.size:164 service:android.security.identity
[   24.021062]  (4)[1287:binder:1287_3]binder: 1287:1287 ioctl 40046210 7ffb50d084 returned -22
[   24.022070]  (0)[1287:binder:1287_3]binder: context.name[hwbinder] tr.size:348 service:hwbinderService
[   24.025939]  (7)[1423:binder:1287_3]binder: context.name[binder] tr.size:188 service:android.system.net.netd.INetd/d
[   24.027155]  (4)[1365:mtkPowerAIDL]binder: context.name[binder] tr.size:188 service:android.hardware.power.IPower/d
[   24.028788]  (7)[1418:init]KernelSU: mark no sucompat checks for pid: '1418', exec: '/system/bin/misctrl'
[   24.028971]  (7)[1425:init]KernelSU: mark no sucompat checks for pid: '1425', exec: '/system/bin/surfaceflinger'
[   24.031260]  (4)[1308:android.hardwar]binder: context.name[hwbinder] tr.size:308 service:hwbinderService
[   24.031425]  (3)[1428:init]KernelSU: mark no sucompat checks for pid: '1428', exec: '/system/bin/watchdogd'
[   24.031660]  (4)[1364:mtkPowerService]binder: context.name[hwbinder] tr.size:388 service:hwbinderService
[   24.038820]  (3)[1364:mtkPowerService]binder: context.name[hwbinder] tr.size:388 service:hwbinderService
[   24.048651]  (4)[1428:watchdogd]watchdogd: watchdogd started (interval 10, margin 20)!
[   24.048717]  (4)[1428:watchdogd]watchdogd: Failed to open /dev/watchdog: No such file or directory
[   24.052653]  (7)[1430:init]KernelSU: mark no sucompat checks for pid: '1430', exec: '/vendor/bin/ccci_mdinit'
[   24.052656]  (3)[1429:init]KernelSU: mark no sucompat checks for pid: '1429', exec: '/vendor/bin/ccci_mdinit'
[   24.053999]  (3)[1431:init]KernelSU: mark no sucompat checks for pid: '1431', exec: '/vendor/bin/ccci_rpcd'
[   24.058687]  (7)[1432:init]KernelSU: mark no sucompat checks for pid: '1432', exec: '/vendor/bin/nvram_daemon'
[   24.059556]  (7)[1310:audio.service.m]binder: context.name[hwbinder] tr.size:308 service:hwbinderService
[   24.060785]  (7)[1310:audio.service.m]binder: context.name[hwbinder] tr.size:308 service:hwbinderService
[   24.063242]  (6)[1399:fuelgauged][CH3_DBG] bat_cur = -11663
[   24.063971]  (6)[1433:init]KernelSU: mark no sucompat checks for pid: '1433', exec: '/vendor/bin/mcDriverDaemon'
[   24.064386]  (7)[1399:fuelgauged]mt635x-auxadc mt635x-auxadc: name:BAT_TEMP, channel=3, adc_out=0x2f5, adc_result=831
[   24.064723]  (7)[1399:fuelgauged][force_get_tbat] tbat_precise bat_temperature_val:37
[   24.064811]  (7)[1399:fuelgauged]MTK_BH: [init_avg_battemp]init avg battemp:37 done, g_avg_BATTEMP=37, index[o:0,n:0]
[   24.065645]  (6)[1399:fuelgauged]mt635x-auxadc mt635x-auxadc: name:VBIF, channel=11, adc_out=0xa01, adc_result=2813
[   24.065912]  (6)[1399:fuelgauged][CH3_DBG] bat_cur = -11596
[   24.069997]  (6)[1399:fuelgauged]mt635x-auxadc mt635x-auxadc: name:BAT_TEMP, channel=3, adc_out=0x2f7, adc_result=833
[   24.070373]  (6)[1399:fuelgauged][force_get_tbat] tbat_precise bat_temperature_val:37
[   24.070413]  (6)[1399:fuelgauged]charge_power_sel = 0
[   24.070435]  (6)[1399:fuelgauged]MTK_BH: [Profile_Table][fg_construct_battery_profile]pseudo100_en:[1] pseudo100_en_dis 0 lowT 25 highT 50 T_new 37 lowPs100 9500 highPs100 9700 batterypseudo100 [9596]
[   24.071358]  (6)[1399:fuelgauged]mt635x-auxadc mt635x-auxadc: name:VBIF, channel=11, adc_out=0xa04, adc_result=2816
[   24.071587]  (6)[1399:fuelgauged][CH3_DBG] bat_cur = -10162
[   24.072781]  (7)[1399:fuelgauged]mt635x-auxadc mt635x-auxadc: name:BAT_TEMP, channel=3, adc_out=0x2f7, adc_result=833
[   24.073125]  (7)[1399:fuelgauged][force_get_tbat] tbat_precise bat_temperature_val:37
[   24.073160]  (7)[1399:fuelgauged]charge_power_sel = 0
[   24.075211]  (7)[1399:fuelgauged][fr] PTIM_LK V 38040 I -9,curr_bat_vol=36890
[   24.076263]  (6)[1399:fuelgauged][CH3_DBG] bat_cur = -10708
[   24.077766]  (7)[1399:fuelgauged][force_get_tbat] tbat_precise bat_temperature_val:37
[   24.077814]  (7)[1399:fuelgauged]MTK_BH: [fg_compensate_battery_voltage_from_low] h_percent=[9972,9870],high=97,fg_volt_withIR=34419 > ori_voltage=33500
[   24.077823]  (7)[1399:fuelgauged]MTK_BH: [fg_compensate_battery_voltage_from_low]fg_volt=34283,97,IR=-712,orig_v:33500,+IR=33571,percent=9952,
[   24.079852]  (7)[1399:fuelgauged][fr] PTIM_LK V 38040 I -9,curr_bat_vol=36970
[   24.081487]  (1)[1399:fuelgauged][CH3_DBG] bat_cur = -8343
[   24.083077]  (6)[1399:fuelgauged][force_get_tbat] tbat_precise bat_temperature_val:37
[   24.083130]  (6)[1399:fuelgauged]MTK_BH: [fg_compensate_battery_voltage_from_low] h_percent=[9972,9870],high=97,fg_volt_withIR=34419 > ori_voltage=33500
[   24.083139]  (6)[1399:fuelgauged]MTK_BH: [fg_compensate_battery_voltage_from_low]fg_volt=34283,97,IR=-712,orig_v:33500,+IR=33571,percent=9952,
[   24.088349]  (0)[1399:fuelgauged][CH3_DBG] bat_cur = -9304
[   24.089995]  (6)[1433:mcDriverDaemon]Trustonic TEE: admin_open: daemon connection open, TGID 1433
[   24.091904]  (1)[1399:fuelgauged][force_get_tbat] tbat_precise bat_temperature_val:37
[   24.091978]  (1)[1399:fuelgauged]MTK_BH: [fg_compensate_battery_voltage_from_low] h_percent=[10020,9916],high=97,fg_volt_withIR=34717 > ori_voltage=33600
[   24.092090]  (1)[1399:fuelgauged]MTK_BH: [fg_compensate_battery_voltage_from_low]fg_volt=34086,97,IR=-402,orig_v:33600,+IR=33684,percent=10020,
[   24.092386]  (1)[1399:fuelgauged][fr] FG_DAEMON_CMD_GET_FG_CURRENT_IAVG_VALID = 1
[   24.103307]  (6)[1308:android.hardwar]binder: context.name[hwbinder] tr.size:308 service:hwbinderService
[   24.106312]  (6)[212:tee_log]Trustonic TEE: 201(4)|Mounting partition 1...
[   24.106324]  (6)[212:tee_log]Trustonic TEE: 201(4)|[SFSRP]drApiPlatformControl failed(16776961). act as downgrade protection active[STH2] ERROR Failed to mount partition 1
[   24.106368]  (4)[330:rpmb_open]Trustonic TEE: ERROR -1 mcp_cmd: open session: res 32
[   24.106397]  (4)[330:rpmb_open][rpmb] rpmb_gp_open_session, mc_open_session failed, result(9), times(0)
[   24.106407]  (4)[330:rpmb_open][rpmb] rpmb_gp_open_session, free wsm result (0)
[   24.106415]  (4)[330:rpmb_open][rpmb] rpmb_gp_open_session, try free wsm and close device
[   24.110663]  (7)[1429:ccci_mdinit]BOOTPROF:     24110.660980:ccci_md1: md_init srv start
[   24.112263]  (7)[1429:ccci_mdinit][ccci1/chr]port ccci_fs open with flag 20002 by ccci_mdinit
[   24.112280]  (7)[1429:ccci_mdinit][ccci1/chr]port ccci_fs close by ccci_mdinit rx_len=0 empty=1, clear_cnt=0, drop=0 usagecnt=0
[   24.112287]  (7)[1429:ccci_mdinit][ccci1/pot]critical user check: 0x0
[   24.112405]  (7)[1429:ccci_mdinit]BOOTPROF:     24112.403749:ccci_md1: init
[   24.123011]  (5)[1430:ccci_mdinit]BOOTPROF:     24123.005903:ccci_md3: md_init srv start
[   24.125141]  (1)[1431:ccci_rpcd][ccci1/chr]port ccci_rpc open with flag 20002 by ccci_rpcd
[   24.128410]  (0)[212:tee_log]Trustonic TEE: 601(7)|t-base-MTK-ARMv8-Android-400C-V001-20180713_214233_52230_81596
[   24.128431]  (0)[212:tee_log]Trustonic TEE: 601(7)|tlTeeGatekeeper: GateKeeper TA version  100.258
[   24.129349]  (6)[1315:android.hardwar]binder: context.name[hwbinder] tr.size:308 service:hwbinderService
[   24.132215]  (5)[1320:android.hardwar]binder: 1320:1320 ioctl 40046210 ffb25578 returned -22
[   24.132516]  (5)[1320:android.hardwar]binder: 1320:1320 ioctl 40046210 ffb25560 returned -22
[   24.132649]  (7)[212:tee_log]Trustonic TEE: 601(7)|TA SPT2 : Starting.
[   24.132842]  (6)[1433:mcDriverDaemon]Trustonic TEE: ERROR -1 mcp_cmd: open session: res 8
[   24.134066]  (6)[1320:android.hardwar]binder: context.name[hwbinder] tr.size:348 service:hwbinderService
[   24.137179]  (0)[212:tee_log]Trustonic TEE: 201(1)|Mounting partition 1...
[   24.140474]  (2)[1408:gpuservice]binder: 1408:1408 ioctl 40046210 7fcc716614 returned -22
[   24.140865]  (3)[1429:ccci_mdinit]BOOTPROF:     24140.860749:ccci_md1: decpyt ready
[   24.140916]  (3)[1429:ccci_mdinit]BOOTPROF:     24140.915441:ccci_md1: decpyt ready
[   24.140946]  (3)[1429:ccci_mdinit][ccci1/fsm]monitor node open by ccci_mdinit
[   24.140984]  (5)[1399:fuelgauged]MTK_BH: [GM3_old_data] soc:2709 fg_c_soc:2591 fg_v_soc:2709 ui_soc:2170 vc_diff:-118 vc_mode 0 VBAT 37550 T:[37 V 37 C 37] D0_C 2180 D0_V 2694 CAR[c:2028 v:77] Q:[49295 49295 49295 49295] aging 10000 bat_cycle 94 Trk[0(0):0:0] UI[0:0] Chr[1:0:0] pseudo1 0  DC_ratio 100 dodinit[9][0] Iavg:1464,dis[0 0 0],ncar[-17855],dlpt_sd[0]
[   24.141067]  (5)[1399:fuelgauged][fg_res] FG_DAEMON_CMD_GET_NVRAM_FAIL_STATUS = 0
[   24.141129]  (4)[1408:gpuservice]binder: context.name[binder] tr.size:120 service:gpu
[   24.141151]  (3)[1429:ccci_mdinit][ccci1/chr]port ccci_ipc_5 open with flag 20002 by ccci_mdinit
[   24.141280]  (3)[1429:ccci_mdinit][ccci1/chr]port ccci_fs open with flag 20002 by ccci_mdinit
[   24.141355]  (3)[1429:ccci_mdinit]BOOTPROF:     24141.353364:ccci_md1: reset
[   24.141702]  (6)[1429:ccci_mdinit][ccci1/chr]port ccci_ccb_ctrl open with flag 20002 by ccci_mdinit
[   24.141711]  (6)[1429:ccci_mdinit][ccci1/shm]ccb_configs_len: 20
[   24.141749]  (6)[1429:ccci_mdinit][ccci1/shm]find ccb port ccci_ccb_dhl for user1!
[   24.141766]  (6)[1429:ccci_mdinit][ccci1/chr]remap control addr:0x8e0c5000 len:4096  map-len:4096
[   24.141771]  (6)[1429:ccci_mdinit][ccci1/chr]remap succeed 8e0c5, 0x8e0c5000 -> 0x77a35e5000
[   24.141988]  (6)[1429:ccci_mdinit][ccci1/chr]port ccci_ccb_ctrl close by ccci_mdinit rx_len=0 empty=1, clear_cnt=0, drop=0 usagecnt=0
[   24.141995]  (6)[1429:ccci_mdinit][ccci1/pot]critical user check: 0x1
[   24.142013]  (6)[1429:ccci_mdinit][ccci1/chr]port ccci_ccb_ctrl open with flag 20002 by ccci_mdinit
[   24.142017]  (6)[1429:ccci_mdinit][ccci1/shm]ccb_configs_len: 20
[   24.142038]  (6)[1429:ccci_mdinit][ccci1/shm]find ccb port ccci_ccb_md_monitor for user2!
[   24.142054]  (6)[1429:ccci_mdinit][ccci1/chr]remap control addr:0x8e0c5000 len:4096  map-len:4096
[   24.142057]  (6)[1429:ccci_mdinit][ccci1/chr]remap succeed 8e0c5, 0x8e0c5000 -> 0x77a35e5000
[   24.142087]  (6)[1429:ccci_mdinit][ccci1/chr]port ccci_ccb_ctrl close by ccci_mdinit rx_len=0 empty=1, clear_cnt=0, drop=0 usagecnt=0
[   24.142092]  (6)[1429:ccci_mdinit][ccci1/pot]critical user check: 0x1
[   24.142107]  (6)[1429:ccci_mdinit][ccci1/chr]port ccci_ccb_ctrl open with flag 20002 by ccci_mdinit
[   24.142111]  (6)[1429:ccci_mdinit][ccci1/shm]ccb_configs_len: 20
[   24.142134]  (6)[1429:ccci_mdinit][ccci1/shm]find ccb port ccci_ccb_meta for user3!
[   24.142149]  (6)[1429:ccci_mdinit][ccci1/chr]remap control addr:0x8e0c5000 len:4096  map-len:4096
[   24.142152]  (6)[1429:ccci_mdinit][ccci1/chr]remap succeed 8e0c5, 0x8e0c5000 -> 0x77a35e5000
[   24.142181]  (6)[1429:ccci_mdinit][ccci1/chr]port ccci_ccb_ctrl close by ccci_mdinit rx_len=0 empty=1, clear_cnt=0, drop=0 usagecnt=0
[   24.142186]  (6)[1429:ccci_mdinit][ccci1/pot]critical user check: 0x1
[   24.142911]  (6)[1399:fuelgauged][fr] PTIM_LK V 38040 I -9,curr_bat_vol=36650
[   24.143409]  (6)[1308:android.hardwar]binder: context.name[hwbinder] tr.size:348 service:hwbinderService
[   24.143956]  (6)[1399:fuelgauged][CH3_DBG] bat_cur = -8593
[   24.145488]  (6)[1399:fuelgauged][force_get_tbat] tbat_precise bat_temperature_val:37
[   24.145537]  (6)[1399:fuelgauged]MTK_BH: [fg_compensate_battery_voltage] swocv [38042], V 38040 I -9 R 1126 D 66042 100 0 100
[   24.145561] -(6)[1399:fuelgauged]mt6358_misc: mtk_rtc_get_spare_register: cmd[14], get rg[0x24, 0xff , 8] = 0x60
[   24.145568] -(6)[1399:fuelgauged]mt6358_misc: mtk_rtc_get_spare_register: cmd[0], get rg[0x2a, 0xff , 8] = 0x96
[   24.145571]  (6)[1399:fuelgauged][fgauge_read_RTC_boot_status] rtc_invalid 0 plugout 0 plugout_time 0 spare3 0x96 spare0 0x60 hw_id 0x5930
[   24.145577] -(6)[1399:fuelgauged]mt6358_misc: mtk_rtc_get_spare_register: cmd[14], get rg[0x24, 0xff , 8] = 0x60
[   24.145580] -(6)[1399:fuelgauged]mt6358_misc: mtk_rtc_set_spare_register: cmd[14], set rg[0x24, 0xff , 8] = 0x80
[   24.146601]  (1)[445:init]BOOTPROF:     24146.598826:INIT:boot
[   24.146659] -(6)[1399:fuelgauged]mt6358_misc: mtk_rtc_set_spare_register: cmd[14], set rg[0x24, 0xff , 8] = 0x20
[   24.146775] -(6)[1399:fuelgauged]mt6358_misc: mtk_rtc_get_spare_register: cmd[14], get rg[0x24, 0xff , 8] = 0x20
[   24.146790] -(6)[1399:fuelgauged]mt6358_misc: mtk_rtc_get_spare_register: cmd[0], get rg[0x2a, 0xff , 8] = 0x96
[   24.146793] -(6)[1399:fuelgauged]mt6358_misc: mtk_rtc_set_spare_register: cmd[0], set rg[0x2a, 0xff , 8] = 0x96
[   24.146820] -(6)[1399:fuelgauged]mt6358_misc: mtk_rtc_get_spare_register: cmd[0], get rg[0x2a, 0xff , 8] = 0x96
[   24.146823]  (6)[1399:fuelgauged][fgauge_read_RTC_boot_status] spare0 0x60 0x20, spare3 0x96 0x96
[   24.146837]  (6)[1399:fuelgauged][read_hw_ocv_6359_power_on_rdy] pwron_PCHR_rdy 1
[   24.147918]  (6)[1399:fuelgauged]mt6360_pmu_chg mt6360_pmu_chg.3.auto: mt6360_get_zcv: zcv = 3786mV
[   24.147921]  (6)[1399:fuelgauged]charger_manager_get_zcv zcv:3786250 ret:0
[   24.148060]  (6)[1399:fuelgauged][read_hw_ocv] g_fg_is_charger_exist 1 _hw_ocv_chgin_rdy 1 pl:1 1
[   24.148065]  (6)[1399:fuelgauged][read_hw_ocv] _hw_ocv 38634 _sw_ocv 38042 now_thr 300
[   24.148071]  (6)[1399:fuelgauged][read_hw_ocv] _hw_ocv 37862 _hw_ocv_src 4 _prev_hw_ocv 38634 _prev_hw_ocv_src 3 _flag_unreliable 0
[   24.148076]  (6)[1399:fuelgauged][read_hw_ocv] _hw_ocv_59_pon_rdy 1 _hw_ocv_59_pon 38634 _hw_ocv_59_plugin 0 _hw_ocv_chgin 37862 _sw_ocv 38042 now_temp 25 now_thr 300
[   24.148097]  (6)[1399:fuelgauged][fgauge_read_boot_battery_plug_out_status] rtc_invalid 0 plugout 0 bat_plug_out_time 0 sp3:0x96 pl:1 1
[   24.148346]  (6)[1399:fuelgauged][fgauge_read_boot_battery_plug_out_status] rtc_invalid 0 plugout 0 bat_plug_out_time 0 sp3:0x96 pl:1 1
[   24.148366] -(6)[1399:fuelgauged]mt6358_misc: mtk_rtc_get_spare_register: cmd[0], get rg[0x2a, 0xff , 8] = 0x96
[   24.148369]  (6)[1399:fuelgauged][fr] FG_DAEMON_CMD_GET_RTC_UI_SOC = 22
[   24.148378]  (6)[1399:fuelgauged][fg_res] FG_DAEMON_CMD_GET_CON0_SOC = 27
[   24.148397]  (6)[1399:fuelgauged]MTK_BH: [dod_init_result]HW(37862, 2873) SW(38042, 3398) OLD(37771, 2709) VBAT(38040, 3392) OldCAR(c:2028 v:77) con0(2700)
[   24.148405]  (6)[1399:fuelgauged]MTK_BH: [dod_init_result]NVRAM_ready 1 Embedded 1 plug_out 0 is_hwocv_unreliable 0 rtc_invalid 0 rtc_ui_soc 2200 two_sec_reboot 0 old_data.ui_soc 2170 nv_fail(0)
[   24.148413]  (6)[1399:fuelgauged]MTK_BH: [dod_init_result]T_new 37 T_old 37 T_d0 37 shutdown_time 1 pmic_shutdown_time 1800 plugout_time 0 plugout_time_th 32 swocv_oldocv_diff_emb 1000
[   24.151493]  (6)[1399:fuelgauged][CH3_DBG] bat_cur = -10202
[   24.152992]  (6)[1399:fuelgauged][force_get_tbat] tbat_precise bat_temperature_val:36
[   24.153027]  (6)[1399:fuelgauged]MTK_BH: [dod_init_result]ocv[boot:38040 final:37771 diff:269] thr[10000 10000 10000] tmp[now 36 5] v[lk_v:38040 cur:36750] lk_i:-9 lk_r:0,i*r:0,old_soc:2709
[   24.154565]  (6)[1399:fuelgauged][CH3_DBG] bat_cur = -10388
[   24.156074]  (6)[1399:fuelgauged][force_get_tbat] tbat_precise bat_temperature_val:37
[   24.156138]  (6)[1399:fuelgauged]set GAUGE_MONITOR_SOFF_VALIDTIME ori:0, new:0
[   24.174214]  (6)[1399:fuelgauged]MTK_BH: [GM3_old_data] soc:2707 fg_c_soc:2587 fg_v_soc:2707 ui_soc:2167 vc_diff:-120 vc_mode 0 VBAT 37550 T:[37 V 37 C 37] D0_C 2180 D0_V 2710 CAR[c:2011 v:-17] Q:[49295 49295 49295 49295] aging 10000 bat_cycle 94 Trk[0(0):0:0] UI[0:0] Chr[0:0:0] pseudo1 0  DC_ratio 100 dodinit[9][0] Iavg:1464,dis[0 0 0],ncar[-17855],dlpt_sd[0]
[   24.174243] -(6)[1399:fuelgauged]mt6358_misc: mtk_rtc_get_spare_register: cmd[0], get rg[0x2a, 0xff , 8] = 0x96
[   24.174246] -(6)[1399:fuelgauged]mt6358_misc: mtk_rtc_set_spare_register: cmd[0], set rg[0x2a, 0xff , 8] = 0x96
[   24.175511]  (6)[1399:fuelgauged][CH3_DBG] bat_cur = -10534
[   24.177311]  (1)[1399:fuelgauged][force_get_tbat] tbat_precise bat_temperature_val:37
[   24.178598]  (1)[1399:fuelgauged][FGADC_intr_end][FG_INTR_INIT][read_fg_hw_info] curr_1 -10198 curr_2 -8383 Iavg -2786 sign 1 car 2011 ncar -17893 time 2283
[   24.178749]  (1)[1399:fuelgauged]car:49295 carR:115988234 r:-115988234 current:low:0x92dd high:0xfd7d target:low:0x28f6 high:0xf916
[   24.178791]  (1)[1399:fuelgauged][fr] FG_DAEMON_CMD_SET_BATTERY_CYCLE_THRESHOLD = 49295
[   24.179813]  (1)[1399:fuelgauged][FGADC_intr_end][FG_INTR_INIT][read_fg_hw_info] curr_1 -10198 curr_2 -8383 Iavg -2786 sign 1 car 2011 ncar -17893 time 2283
[   24.179820]  (1)[1399:fuelgauged][fg_sw_bat_cycle_accu]car[o:2043 n:2011],diff_car:-32,ncar[o:-17855 n:-17823 hw:-17893] thr 49295
[   24.179864]  (1)[1399:fuelgauged]MTK_BH: [fg_set_int1][fg_bat_cycle] bat_cycle_threshold 49295 car:2011 old_ncar:-17855,-17893
[   24.183645]  (1)[1399:fuelgauged][fr] FG_DAEMON_CMD_SET_FG_BAT_INT1_GAP = 246 car:2011
[   24.185759]  (1)[1399:fuelgauged][fr][fg_bat_int2] FG_DAEMON_CMD_SET_FG_BAT_INT2_HT_GAP = 164
[   24.187841]  (1)[1399:fuelgauged][fr][fg_bat_int2] FG_DAEMON_CMD_SET_FG_BAT_INT2_LT_GAP = 135
[   24.188831]  (1)[1399:fuelgauged][CH3_DBG] bat_cur = -10626
[   24.190604]  (1)[1399:fuelgauged][force_get_tbat] tbat_precise bat_temperature_val:37
[   24.190735]  (7)[1402:audioserver]binder: 1402:1402 ioctl 40046210 7fcc6815f4 returned -22
[   24.190788]  (7)[1402:audioserver]binder: 1402:1402 ioctl 40046210 7fcc6815e4 returned -22
[   24.191675]  (6)[1399:fuelgauged][CH3_DBG] bat_cur = -10394
[   24.193240]  (6)[1399:fuelgauged][force_get_tbat] tbat_precise bat_temperature_val:37
[   24.193450]  (6)[1399:fuelgauged][fg_bat_nafg][fgauge_set_nafg_interrupt_internal] time[10] zcv[37770:19645] thr[10337:5376] 26_16[0x0] 15_00[0x1500] 0
[   24.193568]  (6)[1399:fuelgauged][fgauge_set_zcv_interrupt_threshold] current:200, fg_zcv_det_time:7, fg_zcv_car_th:106
[   24.193665]  (6)[1399:fuelgauged][FG_ZCV_INT][fgauge_set_zcv_intr_internal] det_time 7 mv 106 reg 249410 30_16 0x3 15_00 0xce42
[   24.193911]  (6)[1399:fuelgauged][fg_set_vbat2_l_th] thr:34500 [0x8c3 5 0x2 6 0x2] get [0x8c3 0x2 0x2]
[   24.194142]  (6)[1399:fuelgauged][vbat2_debug_dump]thd:[2243 0]prd:2 debt:[2 0],L[1 1 1]H[0 0 0]en[l:1 h:0]en:1
[   24.194363]  (6)[1399:fuelgauged][vbat2_debug_dump]thd:[2243 0]prd:2 debt:[2 0],L[1 1 1]H[0 0 0]en[l:1 h:0]en:1
[   24.195125]  (6)[1399:fuelgauged][FGADC_intr_end][FG_INTR_INIT][read_fg_hw_info] curr_1 -9930 curr_2 -8383 Iavg -2786 sign 1 car 2011 ncar -17893 time 2283
[   24.195184]  (6)[1399:fuelgauged][fg_res] FG_DAEMON_CMD_SET_CON0_SOC = 2757
[   24.195199]  (6)[1399:fuelgauged]MTK_BH: [FGADC_intr_end][INTR_Initialize]soc:2707 fg_c_soc:2587 fg_v_soc:2707 ui_soc:2167 vc_diff:-120 vc_mode 0 VBAT 38040 T:[37 V 37 C 37 avg:37] D0_C 2180 D0_V 2710 Q:[49295 49295 49295 49295] aging 10000 bat_cycle 94 Trk[0:0:0] UI[0:0] Chr[0:0:0] pseudo1 0 DC_ratio 100
[   24.195211]  (6)[1399:fuelgauged]MTK_BH: ready for load libbh
[   24.195322]  (6)[1399:fuelgauged]MTK_BH: Can't load BHLIB:dlopen failed: library "/vendor/lib/libbh_gm30.so" not found
[   24.195332]  (6)[1399:fuelgauged]MTK_BH: libbh load done
[   24.195386]  (6)[1399:fuelgauged]MTK_BH: Can't load BHLIB:dlopen failed: library "/vendor/lib/libbh_gm30.so" not found
[   24.195394]  (6)[1399:fuelgauged]MTK_BH: loadbh_symbol,bh_libhandle = NULL
[   24.195399]  (6)[1399:fuelgauged]MTK_BH: loadbh_symbol done
[   24.196960]  (6)[445:init]fpsgo: loading out-of-tree module taints kernel.
[   24.196968]  (6)[445:init]fpsgo: module license 'Proprietary' taints kernel.
[   24.196970]  (6)[445:init]Disabling lock debugging due to kernel taint
[   24.197862]  (6)[445:init]calling  init_module.cfi_jt+0x0/0x4 [fpsgo] @ 445
[   24.197870]  (6)[445:init]initcall init_module.cfi_jt+0x0/0x4 [fpsgo] returned 0 after 0 usecs
[   24.203471]  (6)[1425:surfaceflinger]binder: 1425:1425 ioctl 40046210 7fc291c334 returned -22
[   24.204372]  (6)[1425:surfaceflinger]binder: 1425:1425 ioctl 40046210 7fc291c324 returned -22
[   24.207868]  (2)[1453:init]KernelSU: mark no sucompat checks for pid: '1453', exec: '/system/bin/gsid'
[   24.212069]  (2)[1454:init]KernelSU: mark no sucompat checks for pid: '1454', exec: '/system/bin/profcollectctl'
[   24.217473]  (2)[1455:init]KernelSU: mark no sucompat checks for pid: '1455', exec: '/vendor/bin/gbe'
[   24.221493]  (6)[445:init]calling  init_module.cfi_jt+0x0/0x4 [connfem] @ 445
[   24.221500]  (2)[445:init][connfem]Internal load: 0
[   24.224241]  (2)[445:init][connfem]ConnFem DevID major 477
[   24.224500]  (2)[445:init][connfem]connfem_mod_init, ret: 0
[   24.224529]  (2)[445:init]initcall init_module.cfi_jt+0x0/0x4 [connfem] returned 0 after 2937 usecs
[   24.243668]  (6)[212:tee_log]Trustonic TEE: 201(7)|Partition 1 successfully mounted
[   24.249575]  (4)[212:tee_log]Trustonic TEE: 701(2)|[fwk_drv][tdrv_keyinstall] drDcihInit(): drApiStartThread failed: 0x6f03
[   24.249595]  (4)[212:tee_log]Trustonic TEE: 801(2)|[V11][smem64_drv][mem:0]magic=0x535301 tblsize=0x0 svp start=0x000000007fa00000 svp end=0x000000007faaf000 obfs=1 shared=1
[   24.249604]  (4)[212:tee_log]Trustonic TEE: 801(2)|[V11][smem64_drv][mem:0]m4u=0x7fda0000:0x60000, cmdq=0x7fcb0000:0xf0000, spi=0x7fab0000:0x200000
[   24.249611]  (4)[212:tee_log]Trustonic TEE: 801(2)|[V11][smem64_drv][mem:0]i2c=0x7faaf000:0x1000
[   24.249618]  (4)[212:tee_log]Trustonic TEE: 801(2)|[V11][smem64_drv][mem:0]gz remap offset=0x0000000800000000
[   24.249624]  (4)[212:tee_log]Trustonic TEE: 801(2)|[V11][smem64_drv][mem:0]sdsp=0x0:0x0
[   24.249630]  (4)[212:tee_log]Trustonic TEE: 801(2)|[V11][smem64_drv][mem:0]sdsp shared_mem=0x0:0x0
[   24.249636]  (4)[212:tee_log]Trustonic TEE: 801(2)|[V11][smem64_drv][mem:0]gz-tee shared_mem=0x0:0x0
[   24.249643]  (4)[212:tee_log]Trustonic TEE: 801(2)|[V11][smem64_drv][mem:0]flash rpmb_msg_auth_keay[0]=0xcf4722
[   24.249649]  (4)[212:tee_log]Trustonic TEE: 801(2)|[V11][smem64_drv][mem:0]flash rpmb_size=0x1000000
[   24.249656]  (4)[212:tee_log]Trustonic TEE: 801(2)|[V11][smem64_drv][mem:0]flash emmc_rel_wr_sec_c=0x4
[   24.249662]  (4)[212:tee_log]Trustonic TEE: 801(2)|[V11][smem64_drv][mem:0]flash emmc_setkey_flag=0x0
[   24.252385]  (0)[212:tee_log]Trustonic TEE: 901(2)|[SEC DRV] T[DEVAPC] <6><8><5><3>
[   24.255950]  (1)[212:tee_log]Trustonic TEE: a01(1)|[SEC DRV] T[DEVAPC] <6><8><5><3>
[   24.264218]  (2)[212:tee_log]Trustonic TEE: b01(2)|[<t Driver DrGoodixUtils] 1.0, Build Nov 11 2020, 18:21:41
[   24.264537]  (0)[212:tee_log]Trustonic TEE: c01(2)|[SPI][ERR]tee_secmem_query_spi, base: 0x7fab0000, size: 0x200000
[   24.274433]  (2)[212:tee_log]Trustonic TEE: d01(0)|[fwk_drv][tdrv_widevine] drDcihInit(): drApiStartThread failed: 0x6f03
[   24.345984]  (5)[445:init]calling  init_module.cfi_jt+0x0/0x4 [wmt_drv] @ 445
[   24.346113]  (5)[445:init][SDIO-DETECT][I]sdio_detect_init:sdio_register_driver() ret=0
[   24.346311]  (5)[445:init][WMT-DETECT][I]wmt_detect_driver_init:driver(major 154) installed success
[   24.346475]  (5)[445:init]initcall init_module.cfi_jt+0x0/0x4 [wmt_drv] returned 0 after 310 usecs
[   24.386467]  (0)[1461:init]KernelSU: mark no sucompat checks for pid: '1461', exec: '/vendor/bin/stp_dump3'
[   24.397392]  (5)[1463:init]KernelSU: mark no sucompat checks for pid: '1463', exec: '/apex/com.android.conscrypt/bin/boringssl_self_test32'
[   24.439612]  (3)[1479:usb ffs open]read descriptors
[   24.439634]  (3)[1479:usb ffs open]read strings
[   24.448031]  (3)[292:mddp_rx]port ccci_0_200 read data fail when md_state = 0
[   24.467716]  (1)[1482:init]KernelSU: mark no sucompat checks for pid: '1482', exec: '/apex/com.android.conscrypt/bin/boringssl_self_test64'
[   24.470876] -(4)[1414:HwBinder:1318_1]lcm_fps_ctx_get CRTC:0 max=16635384, min=16553154, sum=497823079, num=32, fps=6026
[   24.479386]  (3)[348:sf_pf_release_t]not found session info for session_id:0x00010000,insert 0000000092a58455 to array index:0
[   24.489340]  (5)[1425:surfaceflinger]binder: 1425:1425 ioctl 40046210 7fc291a674 returned -22
[   24.536776]  (1)[1501:init]KernelSU: mark no sucompat checks for pid: '1501', exec: '/system/bin/bootstat'
[   24.541098]  (6)[1502:init]KernelSU: mark no sucompat checks for pid: '1502', exec: '/system/bin/drmserver32'
[   24.554512]  (6)[1503:init]KernelSU: mark no sucompat checks for pid: '1503', exec: '/system/bin/traced_probes'
[   24.561315]  (7)[1504:init]KernelSU: mark no sucompat checks for pid: '1504', exec: '/system/bin/traced'
[   24.586448]  (1)[1502:drmserver32]binder: 1502:1502 ioctl 40046210 fff50cec returned -22
[   24.593327]  (4)[1502:drmserver32]binder: context.name[binder] tr.size:144 service:drm.drmManager
[   24.611439]  (1)[953:wmt_loader][WMT-DETECT][I]wmt_detect_open:open major 154 minor 0 (pid 0)
[   24.611465]  (1)[953:wmt_loader][WMT-DETECT][I]wmt_detect_unlocked_ioctl:cmd (-2147191030),arg(0)
[   24.611718] -(1)[953:wmt_loader]Unable to handle kernel paging request at virtual address 6364617875612f
[   24.611725] -(1)[953:wmt_loader]Mem abort info:
[   24.611730] -(1)[953:wmt_loader]  Exception class = DABT (current EL), IL = 32 bits
[   24.611734] -(1)[953:wmt_loader]  SET = 0, FnV = 0
[   24.611738] -(1)[953:wmt_loader]  EA = 0, S1PTW = 0
[   24.611742] -(1)[953:wmt_loader]Data abort info:
[   24.611746] -(1)[953:wmt_loader]  ISV = 0, ISS = 0x00000004
[   24.611750] -(1)[953:wmt_loader]  CM = 0, WnR = 0
[   24.611754] -(1)[953:wmt_loader][006364617875612f] address between user and kernel address ranges
[   24.611761] -(1)[953:wmt_loader]Internal error: Oops: 96000004 [#1] PREEMPT SMP
[   24.611774] -(1)[953:wmt_loader][PHOENIX] phx_klog_booterror: ERROR_KERNEL_PANIC, happen_time: 2026-09-12 01:17:35
[   24.611778] -(1)[953:wmt_loader][PHOENIX] phx_handle_kernel_panic: PHX_KE_HAPPEND
[   24.611783] -(1)[953:wmt_loader]panic_flush_device_cache
[   24.627796]  (7)[1512:init]KernelSU: mark no sucompat checks for pid: '1512', exec: '/system/bin/phh-prop-handler.sh'
[   24.643572]  (2)[1310:audio.service.m]binder: context.name[hwbinder] tr.size:428 service:hwbinderService
[   24.665409]  (0)[1310:audio.service.m]binder: context.name[hwbinder] tr.size:348 service:hwbinderService
[   24.671160]  (2)[1310:audio.service.m]binder: context.name[hwbinder] tr.size:348 service:hwbinderService
[   25.311994]  (7)[50:kworker/7:1]usb_state<DISCONNECTED>
[   25.472009]  (7)[292:mddp_rx]port ccci_0_200 read data fail when md_state = 0
[   26.113739]  (7)[212:tee_log]Trustonic TEE: f01(7)|[fwk_drv][tdrv_drmhdcpcommon] drDcihInit(): drApiStartThread failed: 0x6f03
[   26.113747]  (7)[212:tee_log]Trustonic TEE: 1001(7)|[Driver rpmb_ops:drRpmbInit]drRpmbInit mem_start:1230000 tee_param_base:1220542464
[   26.113751]  (7)[212:tee_log]Trustonic TEE: 1001(7)|[Driver rpmb_ops:drRpmbInit]rpmb size is 0x1000000
[   26.113754]  (7)[212:tee_log]Trustonic TEE: 1001(7)|[Driver rpmb_ops:drRpmbInit]rel write sector count 0x4
[   26.113757]  (7)[212:tee_log]Trustonic TEE: 1001(7)|[Driver rpmb_ops:drRpmbInit]setkey flag 0
[   26.113879]  (7)[330:rpmb_open][rpmb] rpmb_gp_open_session end, mc_ret = 0
[   26.113917]  (7)[1526:rpmb_gp_Dci][rpmb] rpmb_gp_listenDci: DCI listener.
[   26.496001]  (7)[292:mddp_rx]port ccci_0_200 read data fail when md_state = 0
[   27.519999]  (7)[292:mddp_rx]port ccci_0_200 read data fail when md_state = 0
[   28.544002]  (7)[292:mddp_rx]port ccci_0_200 read data fail when md_state = 0
[   29.392080]  (7)[1:init]init: starting service 'adbd'...
[   29.392297]  (7)[1:init]init: Created socket '/dev/socket/adbd', mode 660, user 1000, group 1000
[   29.394360]  (7)[1:init]init: ... started service 'adbd' has pid 1530
[   29.402107]  (7)[1534:usb ffs open]read descriptors
[   29.402115]  (7)[1534:usb ffs open]read strings
[   29.568001]  (7)[292:mddp_rx]port ccci_0_200 read data fail when md_state = 0
[   29.919982]  (7)[0:swapper/7][mtk_net][rtnl_lock]There is no process hold rtnl lock
[   30.431995]  (7)[50:kworker/7:1]usb_state<DISCONNECTED>
[   30.592011]  (7)[292:mddp_rx]port ccci_0_200 read data fail when md_state = 0
[   31.616002]  (7)[292:mddp_rx]port ccci_0_200 read data fail when md_state = 0
[   31.687992]  (7)[379:wdtk-7][wdk-c] cpu=7,lbit=0x80,cbit=0xff,7,1,1489652003,0,0,[31687989690,15000000]
[   31.687999]  (3)[375:wdtk-3][wdk-c] cpu=3,lbit=0x88,cbit=0xff,7,1,1489652003,0,0,[31687994844,14999995]
[   31.688001]  (7)[379:wdtk-7][thread:379][RT:31687998921] 2026-09-12 01:17:42.801516 UTC;android time 2026-09-12 01:17:42.801516
[   31.688005]  (5)[377:wdtk-5][wdk-c] cpu=5,lbit=0xa8,cbit=0xff,7,1,1489652003,0,0,[31688001382,14999988]
[   31.688009]  (4)[376:wdtk-4][wdk-c] cpu=4,lbit=0xb8,cbit=0xff,7,1,1489652003,0,0,[31688004767,14999985]
[   31.688013]  (0)[372:wdtk-0][wdk-c] cpu=0,lbit=0xb9,cbit=0xff,7,1,1489652003,0,0,[31688008459,14999981]
[   32.259779]  (3)[114:irq/156-mt6358-]mt6358-pmic 10026000.pwrap:mt6359-pmic: Reg[0xf9e]=0x10,name=bat_temp_h,hwirq=116,type=4
[   32.259791]  (3)[114:irq/156-mt6358-][fg_bat_temp_int_h_handler]
[   32.260559] -(4)[114:irq/156-mt6358-]mt635x_auxadc_read_raw: 22 callbacks suppressed
[   32.260565]  (4)[114:irq/156-mt6358-]mt635x-auxadc mt635x-auxadc: name:VBIF, channel=11, adc_out=0x9fc, adc_result=2808
[   32.260848]  (4)[114:irq/156-mt6358-][CH3_DBG] bat_cur = -2832
[   32.262031]  (4)[114:irq/156-mt6358-]mt635x-auxadc mt635x-auxadc: name:BAT_TEMP, channel=3, adc_out=0x2f8, adc_result=834
[   32.640004]  (7)[292:mddp_rx]port ccci_0_200 read data fail when md_state = 0
[   33.247982]  (7)[0:swapper/7][mtk_net][rtnl_lock]There is no process hold rtnl lock
[   33.664003]  (7)[292:mddp_rx]port ccci_0_200 read data fail when md_state = 0
[   34.688003]  (7)[292:mddp_rx]port ccci_0_200 read data fail when md_state = 0
[   35.551990]  (7)[50:kworker/7:1]usb_state<DISCONNECTED>
[   35.712001]  (7)[292:mddp_rx]port ccci_0_200 read data fail when md_state = 0
[   36.575982]  (7)[0:swapper/7][mtk_net][rtnl_lock]There is no process hold rtnl lock
[   36.736083]  (7)[292:mddp_rx]port ccci_0_200 read data fail when md_state = 0
[   37.760092]  (7)[292:mddp_rx]port ccci_0_200 read data fail when md_state = 0
[   38.784005]  (7)[292:mddp_rx]port ccci_0_200 read data fail when md_state = 0
[   39.808000]  (7)[292:mddp_rx]port ccci_0_200 read data fail when md_state = 0
[   39.903982]  (7)[0:swapper/7][mtk_net][rtnl_lock]There is no process hold rtnl lock
[   40.672007]  (7)[50:kworker/7:1]usb_state<DISCONNECTED>
[   40.832003]  (7)[292:mddp_rx]port ccci_0_200 read data fail when md_state = 0
[   41.856001]  (7)[292:mddp_rx]port ccci_0_200 read data fail when md_state = 0
[   42.880004]  (7)[292:mddp_rx]port ccci_0_200 read data fail when md_state = 0
[   43.904001]  (7)[292:mddp_rx]port ccci_0_200 read data fail when md_state = 0
[   44.928014]  (7)[292:mddp_rx]port ccci_0_200 read data fail when md_state = 0
[   45.791989]  (7)[50:kworker/7:1]usb_state<DISCONNECTED>
[   45.952000]  (7)[292:mddp_rx]port ccci_0_200 read data fail when md_state = 0
[   46.787989]  (7)[379:wdtk-7][wdk-c] cpu=7,lbit=0xb9,cbit=0xff,7,1,1489652003,0,0,[46787986957,15000000]
[   46.787998]  (5)[377:wdtk-5][wdk-c] cpu=5,lbit=0xb9,cbit=0xff,7,1,1489652003,0,0,[46787994034,15000000]
[   46.788003]  (3)[375:wdtk-3][wdk-c] cpu=3,lbit=0xb9,cbit=0xff,7,1,1489652003,0,0,[46787997957,15000000]
[   46.788007]  (0)[372:wdtk-0][wdk-c] cpu=0,lbit=0xb9,cbit=0xff,7,1,1489652003,0,0,[46788001726,15000000]
[   46.788010]  (3)[375:wdtk-3][thread:375][RT:46788006341] 2026-09-12 01:17:57.901523 UTC;android time 2026-09-12 01:17:57.901523
[   46.976003]  (7)[292:mddp_rx]port ccci_0_200 read data fail when md_state = 0
[   48.000002]  (7)[292:mddp_rx]port ccci_0_200 read data fail when md_state = 0
